dataset,key,link_lang,resolved_url
fallacies,30,ru,https://ru.wikipedia.org/wiki/%D0%92%D0%B5%D1%80%D1%83%D1%8E%2C_%D0%B8%D0%B1%D0%BE_%D0%B0%D0%B1%D1%81%D1%83%D1%80%D0%B4%D0%BD%D0%BE
fallacies,31,ru,https://ru.wikipedia.org/wiki/%D0%9B%D1%8F%D0%BF%D0%B0%D0%BB%D0%B8%D1%81%D1%81%D0%B8%D0%B0%D0%B4%D0%B0
fallacies,41,ru,https://ru.wikipedia.org/wiki/%D0%A3%D0%B7%D0%BD%D0%B0%D1%8E%2C_%D0%BA%D0%BE%D0%B3%D0%B4%D0%B0_%D0%B2%D0%B8%D0%B6%D1%83
fallacies,65,ru,https://ru.wikipedia.org/wiki/%D0%9D%D0%B8_%D0%BE%D0%B4%D0%B8%D0%BD_%D0%B8%D1%81%D1%82%D0%B8%D0%BD%D0%BD%D1%8B%D0%B9_%D1%88%D0%BE%D1%82%D0%BB%D0%B0%D0%BD%D0%B4%D0%B5%D1%86
fallacies,66,ru,https://ru.wikipedia.org/wiki/%D0%A1%D0%BA%D0%BB%D0%BE%D0%BD%D0%BD%D0%BE%D1%81%D1%82%D1%8C_%D0%BA_%D0%BF%D0%BE%D0%B4%D1%82%D0%B2%D0%B5%D1%80%D0%B6%D0%B4%D0%B5%D0%BD%D0%B8%D1%8E_%D1%81%D0%B2%D0%BE%D0%B5%D0%B9_%D1%82%D0%BE%D1%87%D0%BA%D0%B8_%D0%B7%D1%80%D0%B5%D0%BD%D0%B8%D1%8F
fallacies,72,ru,https://ru.wikipedia.org/wiki/%D0%90%D0%BF%D0%B5%D0%BB%D0%BB%D1%8F%D1%86%D0%B8%D1%8F_%D0%BA_%D0%B0%D0%B2%D1%82%D0%BE%D1%80%D0%B8%D1%82%D0%B5%D1%82%D1%83
fallacies,78,ru,https://ru.wikipedia.org/wiki/%D0%90%D0%BF%D0%B5%D0%BB%D0%BB%D1%8F%D1%86%D0%B8%D1%8F_%D0%BA_%D0%B0%D0%B2%D1%82%D0%BE%D1%80%D0%B8%D1%82%D0%B5%D1%82%D1%83
fallacies,85,ru,https://ru.wikipedia.org/wiki/%D0%90%D0%BF%D0%B5%D0%BB%D0%BB%D1%8F%D1%86%D0%B8%D1%8F_%D0%BA_%D0%B0%D0%B2%D1%82%D0%BE%D1%80%D0%B8%D1%82%D0%B5%D1%82%D1%83
fallacies,103,ru,https://ru.wikipedia.org/wiki/%D0%A4%D0%B5%D0%BD%D0%BE%D0%BC%D0%B5%D0%BD_%D0%BC%D0%BD%D0%BE%D0%B6%D0%B5%D1%81%D1%82%D0%B2%D0%B5%D0%BD%D0%BD%D0%BE%D0%B3%D0%BE_%D0%BD%D0%B5%D0%B2%D0%B5%D0%B6%D0%B5%D1%81%D1%82%D0%B2%D0%B0
fallacies,106,ru,https://ru.wikipedia.org/wiki/%D0%A1%D0%B8%D0%BD%D0%B4%D1%80%D0%BE%D0%BC_%D0%BD%D0%B5%D0%BF%D1%80%D0%B8%D1%8F%D1%82%D0%B8%D1%8F_%D1%87%D1%83%D0%B6%D0%BE%D0%B9_%D1%80%D0%B0%D0%B7%D1%80%D0%B0%D0%B1%D0%BE%D1%82%D0%BA%D0%B8
fallacies,111,ru,https://ru.wikipedia.org/wiki/%D0%91%D0%BB%D0%B0%D0%B3%D0%BE%D1%80%D0%BE%D0%B4%D0%BD%D1%8B%D0%B9_%D0%B4%D0%B8%D0%BA%D0%B0%D1%80%D1%8C
fallacies,118,ru,https://ru.wikipedia.org/wiki/%D0%A1%D0%BD%D0%BE%D0%B1
fallacies,119,ru,https://ru.wikipedia.org/wiki/%D0%AD%D0%BB%D0%B8%D1%82%D0%B0%D1%80%D0%B8%D0%B7%D0%BC
fallacies,134,ru,https://ru.wikipedia.org/wiki/%D0%98%D0%B3%D1%80%D0%BE%D0%B2%D0%BE%D0%B5_%D0%B7%D0%B0%D0%B1%D0%BB%D1%83%D0%B6%D0%B4%D0%B5%D0%BD%D0%B8%D0%B5
fallacies,138,ru,https://ru.wikipedia.org/wiki/%D0%AD%D1%84%D1%84%D0%B5%D0%BA%D1%82_%D1%83%D0%BB%D0%B8%D1%87%D0%BD%D0%BE%D0%B3%D0%BE_%D1%84%D0%BE%D0%BD%D0%B0%D1%80%D1%8F
fallacies,141,ru,https://ru.wikipedia.org/wiki/%D0%97%D0%BD%D0%B0%D0%BD%D0%B8%D0%B5_%D0%B7%D0%B0%D0%B4%D0%BD%D0%B8%D0%BC_%D1%87%D0%B8%D1%81%D0%BB%D0%BE%D0%BC
fallacies,159,ru,https://ru.wikipedia.org/wiki/%D0%90%D0%B2%D1%82%D0%BE%D1%80%D1%81%D0%BA%D0%B8%D0%B9_%D0%B7%D0%B0%D0%BC%D1%8B%D1%81%D0%B5%D0%BB
fallacies,167,ru,https://ru.wikipedia.org/wiki/%D0%9F%D1%80%D0%B8%D0%BD%D1%86%D0%B8%D0%BF_%D0%B4%D0%BE%D0%B2%D0%B5%D1%80%D0%B8%D1%8F
fallacies,168,ru,https://ru.wikipedia.org/wiki/%D0%9F%D0%BE%D0%B4%D0%BC%D0%B5%D0%BD%D0%B0_%D1%82%D0%B5%D0%B7%D0%B8%D1%81%D0%B0
fallacies,173,ru,https://ru.wikipedia.org/wiki/%D0%9F%D0%B0%D1%80%D0%B5%D0%B9%D0%B4%D0%BE%D0%BB%D0%B8%D1%8F
fallacies,175,ru,https://ru.wikipedia.org/wiki/%D0%A1%D0%BE%D1%86%D0%B8%D0%B0%D0%BB%D1%8C%D0%BD%D0%BE%D0%B5_%D0%B2%D0%BB%D0%B8%D1%8F%D0%BD%D0%B8%D0%B5
fallacies,177,ru,https://ru.wikipedia.org/wiki/%D0%AF%D0%B7%D1%8B%D0%BA%D0%BE%D0%B2%D0%BE%D0%B5_%D0%BC%D0%B0%D0%BD%D0%B8%D0%BF%D1%83%D0%BB%D0%B8%D1%80%D0%BE%D0%B2%D0%B0%D0%BD%D0%B8%D0%B5
fallacies,185,ru,https://ru.wikipedia.org/wiki/%D0%9A%D0%BB%D0%B8%D1%88%D0%B5_%28%D0%B8%D1%81%D0%BA%D1%83%D1%81%D1%81%D1%82%D0%B2%D0%BE%29
fallacies,192,ru,https://ru.wikipedia.org/wiki/%D0%93%D0%BE%D0%B2%D0%BE%D1%80%D0%BB%D0%B8%D0%B2%D0%BE%D1%81%D1%82%D1%8C
fallacies,199,ru,https://ru.wikipedia.org/wiki/%D0%9A%D0%B0%D0%BD%D1%86%D0%B5%D0%BB%D1%8F%D1%80%D0%B8%D1%82
fallacies,201,ru,https://ru.wikipedia.org/wiki/%D0%AF%D0%B7%D1%8B%D0%BA_%D0%B7%D0%B0%D0%BA%D0%BE%D0%BD%D0%B0
fallacies,202,ru,https://ru.wikipedia.org/wiki/%D0%9E%D0%B1%D1%81%D0%BA%D1%83%D1%80%D0%B0%D0%BD%D1%82%D0%B8%D0%B7%D0%BC
fallacies,209,ru,https://ru.wikipedia.org/wiki/%D0%A0%D1%83%D0%B1%D1%80%D0%B8%D0%BA%D0%B0%D1%86%D0%B8%D1%8F
fallacies,210,ru,https://ru.wikipedia.org/wiki/%D0%A0%D1%83%D0%B1%D1%80%D0%B8%D0%BA%D0%B0%D1%86%D0%B8%D1%8F
fallacies,215,ru,https://ru.wikipedia.org/wiki/%D0%A5%D0%B0%D0%BC%D1%81%D1%82%D0%B2%D0%BE
fallacies,222,ru,https://ru.wikipedia.org/wiki/%D0%A1%D1%8E%D1%80%D1%80%D0%B5%D0%B0%D0%BB%D0%B8%D1%81%D1%82%D0%B8%D1%87%D0%B5%D1%81%D0%BA%D0%B8%D0%B9_%D1%8E%D0%BC%D0%BE%D1%80
fallacies,224,ru,https://ru.wikipedia.org/wiki/%D0%91%D1%83%D1%80%D0%BB%D0%B5%D1%81%D0%BA
fallacies,225,ru,https://ru.wikipedia.org/wiki/%D0%9F%D0%B0%D1%80%D0%B0%D0%B4%D0%BE%D0%BA%D1%81_%D0%BB%D0%B6%D0%B5%D1%86%D0%B0
fallacies,229,ru,https://ru.wikipedia.org/wiki/%D0%94%D0%B2%D1%83%D1%81%D0%BC%D1%8B%D1%81%D0%BB%D0%B5%D0%BD%D0%BD%D0%BE%D1%81%D1%82%D1%8C
fallacies,233,ru,https://ru.wikipedia.org/wiki/%D0%9F%D1%80%D0%B5%D1%83%D0%B2%D0%B5%D0%BB%D0%B8%D1%87%D0%B5%D0%BD%D0%B8%D0%B5
fallacies,235,ru,https://ru.wikipedia.org/wiki/%D0%9F%D0%B0%D1%80%D0%BE%D0%B4%D0%B8%D1%8F
fallacies,236,ru,https://ru.wikipedia.org/wiki/%D0%92%D0%B5%D0%BB%D0%BB%D0%B5%D1%80%D0%B8%D0%B7%D0%BC
fallacies,238,ru,https://ru.wikipedia.org/wiki/%D0%98%D1%80%D0%BE%D0%BD%D0%B8%D1%8F
fallacies,239,ru,https://ru.wikipedia.org/wiki/%D0%98%D1%80%D0%BE%D0%BD%D0%B8%D1%8F
fallacies,240,ru,https://ru.wikipedia.org/wiki/%D0%98%D1%80%D0%BE%D0%BD%D0%B8%D1%8F
fallacies,241,ru,https://ru.wikipedia.org/wiki/%D0%A1%D0%B0%D1%80%D0%BA%D0%B0%D0%B7%D0%BC
fallacies,242,ru,https://ru.wikipedia.org/wiki/Deadpan
fallacies,244,ru,https://ru.wikipedia.org/wiki/%D0%A6%D0%B8%D0%BD%D0%B8%D0%B7%D0%BC
fallacies,246,ru,https://ru.wikipedia.org/wiki/%D0%9D%D0%B8%D0%B3%D0%B8%D0%BB%D0%B8%D0%B7%D0%BC
fallacies,251,ru,https://ru.wikipedia.org/wiki/%D0%91%D0%BB%D0%B0%D0%B3%D0%BE%D0%B7%D0%B2%D1%83%D1%87%D0%B8%D0%B5
fallacies,253,ru,https://ru.wikipedia.org/wiki/%D0%9C%D0%B5%D1%82%D0%B0%D0%BF%D0%BB%D0%B0%D0%B7%D0%BC
fallacies,254,ru,https://ru.wikipedia.org/wiki/%D0%90%D1%81%D1%81%D0%B8%D0%BC%D0%B8%D0%BB%D1%8F%D1%86%D0%B8%D1%8F_%28%D0%BB%D0%B8%D0%BD%D0%B3%D0%B2%D0%B8%D1%81%D1%82%D0%B8%D0%BA%D0%B0%29
fallacies,259,ru,https://ru.wikipedia.org/wiki/%D0%90%D0%BD%D0%B0%D1%84%D0%BE%D1%80%D0%B0
fallacies,260,ru,https://ru.wikipedia.org/wiki/%D0%AD%D0%BF%D0%B8%D1%84%D0%BE%D1%80%D0%B0_%28%D1%80%D0%B8%D1%82%D0%BE%D1%80%D0%B8%D0%BA%D0%B0%29
fallacies,261,ru,https://ru.wikipedia.org/wiki/%D0%A1%D0%B8%D0%BC%D0%BF%D0%BB%D0%BE%D0%BA%D0%B0
fallacies,265,ru,https://ru.wikipedia.org/wiki/%D0%90%D0%B4%D0%B8%D0%BD%D0%B0%D1%82%D0%BE%D0%BD
fallacies,267,ru,https://ru.wikipedia.org/wiki/%D0%93%D0%B5%D0%BD%D0%B4%D0%B8%D0%B0%D0%B4%D0%B8%D1%81
fallacies,268,ru,https://ru.wikipedia.org/wiki/%D0%97%D0%B5%D0%B2%D0%B3%D0%BC%D0%B0
fallacies,270,ru,https://ru.wikipedia.org/wiki/%D0%9F%D0%B0%D1%80%D0%B0%D1%84%D1%80%D0%B0%D0%B7
fallacies,272,ru,https://ru.wikipedia.org/wiki/%D0%A2%D0%B0%D0%B2%D1%82%D0%BE%D0%BB%D0%BE%D0%B3%D0%B8%D1%8F_%28%D1%80%D0%B8%D1%82%D0%BE%D1%80%D0%B8%D0%BA%D0%B0%29
fallacies,273,ru,https://ru.wikipedia.org/wiki/%D0%AD%D0%BB%D0%BB%D0%B8%D0%BF%D1%81%D0%B8%D1%81
fallacies,275,ru,https://ru.wikipedia.org/wiki/%D0%90%D0%BD%D1%82%D0%B8%D1%84%D1%80%D0%B0%D0%B7%D0%B8%D1%81
fallacies,277,ru,https://ru.wikipedia.org/wiki/%D0%90%D0%BF%D0%BE%D1%84%D0%B0%D0%B7%D0%B8%D1%8F
fallacies,278,ru,https://ru.wikipedia.org/wiki/%D0%97%D0%B5%D0%B2%D0%B3%D0%BC%D0%B0
fallacies,279,ru,https://ru.wikipedia.org/wiki/%D0%97%D0%B5%D0%B2%D0%B3%D0%BC%D0%B0
fallacies,280,ru,https://ru.wikipedia.org/wiki/%D0%90%D0%BB%D0%BB%D1%8E%D0%B7%D0%B8%D1%8F
fallacies,287,ru,https://ru.wikipedia.org/wiki/%D0%9F%D1%80%D0%BE%D0%BB%D0%B5%D0%BF%D1%81%D0%B8%D1%81
fallacies,302,ru,https://ru.wikipedia.org/wiki/%D0%93%D0%B0%D0%BB%D0%BE-%D1%8D%D1%84%D1%84%D0%B5%D0%BA%D1%82
fallacies,310,ru,https://ru.wikipedia.org/wiki/%D0%A5%D0%BB%D0%B5%D0%B1%D0%B0_%D0%B8_%D0%B7%D1%80%D0%B5%D0%BB%D0%B8%D1%89
fallacies,320,ru,https://ru.wikipedia.org/wiki/%D0%9F%D0%BE%D0%B4%D1%83%D0%BC%D0%B0%D0%B9%D1%82%D0%B5_%D0%BE_%D0%B4%D0%B5%D1%82%D1%8F%D1%85
fallacies,338,ru,https://ru.wikipedia.org/wiki/FUD
fallacies,339,ru,https://ru.wikipedia.org/wiki/%D0%9C%D0%BE%D1%80%D0%B0%D0%BB%D1%8C%D0%BD%D0%B0%D1%8F_%D0%BF%D0%B0%D0%BD%D0%B8%D0%BA%D0%B0
fallacies,340,ru,https://ru.wikipedia.org/wiki/%D0%90%D1%80%D0%B3%D1%83%D0%BC%D0%B5%D0%BD%D1%82_%D0%BA_%D0%BF%D0%BE%D1%81%D0%BB%D0%B5%D0%B4%D1%81%D1%82%D0%B2%D0%B8%D1%8F%D0%BC
fallacies,343,ru,https://ru.wikipedia.org/wiki/%D0%9F%D0%B0%D0%BB%D0%BE%D1%87%D0%BD%D1%8B%D0%B9_%D0%B4%D0%BE%D0%B2%D0%BE%D0%B4
fallacies,350,ru,https://ru.wikipedia.org/wiki/%D0%9C%D0%B5%D0%BD%D1%81%D0%BF%D0%BB%D0%B5%D0%B9%D0%BD%D0%B8%D0%BD%D0%B3
fallacies,358,ru,https://ru.wikipedia.org/wiki/%D0%A4%D1%80%D0%B5%D0%B9%D0%BC_%28%D1%81%D0%BE%D1%86%D0%B8%D0%B0%D0%BB%D1%8C%D0%BD%D1%8B%D0%B5_%D0%BD%D0%B0%D1%83%D0%BA%D0%B8%29
fallacies,367,ru,https://ru.wikipedia.org/wiki/%D0%AD%D1%84%D1%84%D0%B5%D0%BA%D1%82_%D1%81%D0%BF%D1%8F%D1%89%D0%B5%D0%B3%D0%BE
fallacies,368,ru,https://ru.wikipedia.org/wiki/%D0%AD%D1%84%D1%84%D0%B5%D0%BA%D1%82_%D0%B8%D0%BB%D0%BB%D1%8E%D0%B7%D0%B8%D0%B8_%D0%BF%D1%80%D0%B0%D0%B2%D0%B4%D1%8B
fallacies,370,ru,https://ru.wikipedia.org/wiki/%D0%AD%D1%84%D1%84%D0%B5%D0%BA%D1%82_%D0%91%D0%B0%D1%80%D0%BD%D1%83%D0%BC%D0%B0
fallacies,373,ru,https://ru.wikipedia.org/wiki/%D0%A5%D0%BE%D0%BB%D0%BE%D0%B4%D0%BD%D0%BE%D0%B5_%D1%87%D1%82%D0%B5%D0%BD%D0%B8%D0%B5
fallacies,374,ru,https://ru.wikipedia.org/wiki/%D0%A5%D0%BE%D0%BB%D0%BE%D0%B4%D0%BD%D0%BE%D0%B5_%D1%87%D1%82%D0%B5%D0%BD%D0%B8%D0%B5
fallacies,375,ru,https://ru.wikipedia.org/wiki/%D0%A5%D0%BE%D0%BB%D0%BE%D0%B4%D0%BD%D0%BE%D0%B5_%D1%87%D1%82%D0%B5%D0%BD%D0%B8%D0%B5
fallacies,376,ru,https://ru.wikipedia.org/wiki/%D0%9F%D1%80%D0%B8%D0%BD%D1%86%D0%B8%D0%BF%D1%8B_%D0%9D%D0%9B%D0%9F
fallacies,377,ru,https://ru.wikipedia.org/wiki/%D0%9F%D1%80%D0%B8%D0%BD%D1%86%D0%B8%D0%BF%D1%8B_%D0%9D%D0%9B%D0%9F
fallacies,378,ru,https://ru.wikipedia.org/wiki/%D0%A0%D0%B0%D0%BF%D0%BF%D0%BE%D1%80%D1%82_%28%D0%BF%D1%81%D0%B8%D1%85%D0%BE%D0%BB%D0%BE%D0%B3%D0%B8%D1%8F%29
fallacies,379,ru,https://ru.wikipedia.org/wiki/%D0%9F%D1%80%D0%B8%D0%BD%D1%86%D0%B8%D0%BF%D1%8B_%D0%9D%D0%9B%D0%9F
fallacies,380,ru,https://ru.wikipedia.org/wiki/%D0%9F%D1%80%D0%B8%D0%BD%D1%86%D0%B8%D0%BF%D1%8B_%D0%9D%D0%9B%D0%9F
fallacies,381,ru,https://ru.wikipedia.org/wiki/%D0%9F%D1%80%D0%B8%D0%BD%D1%86%D0%B8%D0%BF%D1%8B_%D0%9D%D0%9B%D0%9F
fallacies,382,ru,https://ru.wikipedia.org/wiki/%D0%9F%D1%80%D0%B8%D0%BD%D1%86%D0%B8%D0%BF%D1%8B_%D0%9D%D0%9B%D0%9F
fallacies,384,ru,https://ru.wikipedia.org/wiki/%D0%9E%D0%BF%D0%B5%D1%80%D0%B0%D0%BD%D1%82%D0%BD%D0%BE%D0%B5_%D0%BE%D0%B1%D1%83%D1%81%D0%BB%D0%BE%D0%B2%D0%BB%D0%B8%D0%B2%D0%B0%D0%BD%D0%B8%D0%B5
fallacies,387,ru,https://ru.wikipedia.org/wiki/%D0%A8%D0%B5%D0%B9%D0%BF%D0%B8%D0%BD%D0%B3_%28%D0%BF%D1%81%D0%B8%D1%85%D0%BE%D0%BB%D0%BE%D0%B3%D0%B8%D1%8F%29
fallacies,390,ru,https://ru.wikipedia.org/wiki/%D0%AD%D1%84%D1%84%D0%B5%D0%BA%D1%82_%D0%BA%D0%BE%D0%BD%D1%82%D1%80%D0%B0%D1%81%D1%82%D0%B0
fallacies,391,ru,https://ru.wikipedia.org/wiki/%D0%9F%D0%BE%D0%B4%D0%BA%D1%80%D0%B5%D0%BF%D0%BB%D0%B5%D0%BD%D0%B8%D0%B5_%28%D0%BF%D1%81%D0%B8%D1%85%D0%BE%D0%BB%D0%BE%D0%B3%D0%B8%D1%8F%29
fallacies,392,ru,https://ru.wikipedia.org/wiki/%D0%A1%D0%B0%D0%BC%D0%BE%D0%B8%D1%81%D0%BF%D0%BE%D0%BB%D0%BD%D1%8F%D1%8E%D1%89%D0%B5%D0%B5%D1%81%D1%8F_%D0%BF%D1%80%D0%BE%D1%80%D0%BE%D1%87%D0%B5%D1%81%D1%82%D0%B2%D0%BE
fallacies,397,ru,https://ru.wikipedia.org/wiki/%D0%A1%D0%B0%D0%BC%D0%BE%D0%BE%D1%82%D0%BC%D0%B5%D0%BD%D1%8F%D1%8E%D1%89%D0%B5%D0%B5%D1%81%D1%8F_%D0%BF%D1%80%D0%BE%D1%80%D0%BE%D1%87%D0%B5%D1%81%D1%82%D0%B2%D0%BE
fallacies,399,ru,https://ru.wikipedia.org/wiki/%D0%AD%D1%84%D1%84%D0%B5%D0%BA%D1%82_%D0%A0%D0%BE%D0%B7%D0%B5%D0%BD%D1%82%D0%B0%D0%BB%D1%8F
fallacies,400,ru,https://ru.wikipedia.org/wiki/%D0%AD%D1%84%D1%84%D0%B5%D0%BA%D1%82_%D0%93%D0%BE%D0%BB%D0%B5%D0%BC%D0%B0
fallacies,401,ru,https://ru.wikipedia.org/wiki/%D0%AD%D1%84%D1%84%D0%B5%D0%BA%D1%82_%D0%9C%D0%B0%D1%82%D1%84%D0%B5%D1%8F
fallacies,405,ru,https://ru.wikipedia.org/wiki/%D0%98%D0%BB%D0%BB%D1%8E%D0%B7%D0%B8%D0%BE%D0%BD%D0%B8%D0%B7%D0%BC
fallacies,412,ru,https://ru.wikipedia.org/wiki/%D0%A3%D0%BC%D0%BD%D1%8B%D0%B9_%D0%93%D0%B0%D0%BD%D1%81
fallacies,414,ru,https://ru.wikipedia.org/wiki/%D0%A1%D0%BE%D1%86%D0%B8%D0%B0%D0%BB%D1%8C%D0%BD%D0%B0%D1%8F_%D0%B8%D0%BD%D0%B6%D0%B5%D0%BD%D0%B5%D1%80%D0%B8%D1%8F_%28%D1%81%D0%BE%D1%86%D0%B8%D0%BE%D0%BB%D0%BE%D0%B3%D0%B8%D1%8F%29
fallacies,415,ru,https://ru.wikipedia.org/wiki/%D0%A2%D0%B5%D0%BE%D1%80%D0%B8%D1%8F_%D0%BF%D0%BE%D0%B4%D1%82%D0%B0%D0%BB%D0%BA%D0%B8%D0%B2%D0%B0%D0%BD%D0%B8%D1%8F
fallacies,416,ru,https://ru.wikipedia.org/wiki/%D0%A2%D1%91%D0%BC%D0%BD%D1%8B%D0%B5_%D0%BF%D0%B0%D1%82%D1%82%D0%B5%D1%80%D0%BD%D1%8B
fallacies,417,ru,https://ru.wikipedia.org/wiki/%D0%9A%D0%BB%D0%B8%D0%BA%D0%B1%D0%B5%D0%B9%D1%82
fallacies,423,ru,https://ru.wikipedia.org/wiki/%D0%A5%D0%B2%D0%B0%D1%81%D1%82%D0%BE%D0%B2%D1%81%D1%82%D0%B2%D0%BE
fallacies,424,ru,https://ru.wikipedia.org/wiki/%D0%9D%D0%B5%D0%B9%D0%BC%D0%B4%D1%80%D0%BE%D0%BF%D0%BF%D0%B8%D0%BD%D0%B3
fallacies,426,ru,https://ru.wikipedia.org/wiki/%D0%91%D0%BE%D0%BC%D0%B1%D0%B0%D1%80%D0%B4%D0%B8%D1%80%D0%BE%D0%B2%D0%BA%D0%B0_%D0%BB%D1%8E%D0%B1%D0%BE%D0%B2%D1%8C%D1%8E
fallacies,427,ru,https://ru.wikipedia.org/wiki/%D0%9A%D1%80%D0%BE%D0%BA%D0%BE%D0%B4%D0%B8%D0%BB%D0%BE%D0%B2%D1%8B_%D1%81%D0%BB%D1%91%D0%B7%D1%8B
fallacies,430,ru,https://ru.wikipedia.org/wiki/%D0%9F%D0%BE%D0%B2%D0%B5%D1%80%D1%85%D0%BD%D0%BE%D1%81%D1%82%D0%BD%D0%BE%D0%B5_%D0%BE%D1%87%D0%B0%D1%80%D0%BE%D0%B2%D0%B0%D0%BD%D0%B8%D0%B5
fallacies,433,ru,https://ru.wikipedia.org/wiki/%D0%98%D1%80%D1%80%D0%B0%D1%86%D0%B8%D0%BE%D0%BD%D0%B0%D0%BB%D1%8C%D0%BD%D0%BE%D0%B5_%D1%83%D1%81%D0%B8%D0%BB%D0%B5%D0%BD%D0%B8%D0%B5
fallacies,434,ru,https://ru.wikipedia.org/wiki/%D0%9D%D0%BE%D0%B3%D0%B0_%D0%B2_%D0%B4%D0%B2%D0%B5%D1%80%D0%B8
fallacies,443,ru,https://ru.wikipedia.org/wiki/%D0%94%D0%B2%D0%B5%D1%80%D1%8C_%D0%B2_%D0%BB%D0%B8%D1%86%D0%BE
fallacies,455,ru,https://ru.wikipedia.org/wiki/%D0%A1%D0%BE%D1%86%D0%B8%D0%B0%D0%BB%D1%8C%D0%BD%D0%B0%D1%8F_%D0%B8%D0%BD%D0%B6%D0%B5%D0%BD%D0%B5%D1%80%D0%B8%D1%8F
fallacies,458,ru,https://ru.wikipedia.org/wiki/%D0%AD%D1%84%D1%84%D0%B5%D0%BA%D1%82_%D0%A1%D1%82%D1%80%D1%83%D0%BF%D0%B0
fallacies,459,ru,https://ru.wikipedia.org/wiki/%D0%93%D0%B0%D0%B7%D0%BB%D0%B0%D0%B9%D1%82%D0%B8%D0%BD%D0%B3
fallacies,461,ru,https://ru.wikipedia.org/wiki/%D0%92%D0%B8%D0%BD%D0%B0
fallacies,464,ru,https://ru.wikipedia.org/wiki/%D0%AD%D0%BC%D0%BE%D1%86%D0%B8%D0%BE%D0%BD%D0%B0%D0%BB%D1%8C%D0%BD%D1%8B%D0%B9_%D1%88%D0%B0%D0%BD%D1%82%D0%B0%D0%B6
fallacies,468,ru,https://ru.wikipedia.org/wiki/%D0%9F%D0%B0%D0%BB%D0%BE%D1%87%D0%BD%D1%8B%D0%B9_%D0%B4%D0%BE%D0%B2%D0%BE%D0%B4
fallacies,470,ru,https://ru.wikipedia.org/wiki/%D0%92%D0%B5%D1%80%D0%B1%D0%B0%D0%BB%D1%8C%D0%BD%D0%B0%D1%8F_%D0%B0%D0%B3%D1%80%D0%B5%D1%81%D1%81%D0%B8%D1%8F
fallacies,479,ru,https://ru.wikipedia.org/wiki/%D0%9F%D1%80%D0%B8%D1%81%D1%82%D0%B0%D0%B2%D0%B0%D0%BD%D0%B8%D0%B5
fallacies,482,ru,https://ru.wikipedia.org/wiki/%D0%A1%D0%BB%D0%B0%D1%82%D1%88%D0%B5%D0%B9%D0%BC%D0%B8%D0%BD%D0%B3
fallacies,484,ru,https://ru.wikipedia.org/wiki/%D0%A1%D1%82%D0%B0%D0%BB%D0%BA%D0%B8%D0%BD%D0%B3_%28%D0%BF%D1%80%D0%B5%D1%81%D0%BB%D0%B5%D0%B4%D0%BE%D0%B2%D0%B0%D0%BD%D0%B8%D0%B5%29
fallacies,485,ru,https://ru.wikipedia.org/wiki/%D0%9F%D0%B0%D1%81%D1%81%D0%B8%D0%B2%D0%BD%D0%BE-%D0%B0%D0%B3%D1%80%D0%B5%D1%81%D1%81%D0%B8%D0%B2%D0%BD%D0%BE%D0%B5_%D0%BF%D0%BE%D0%B2%D0%B5%D0%B4%D0%B5%D0%BD%D0%B8%D0%B5
fallacies,486,ru,https://ru.wikipedia.org/wiki/%D0%9D%D0%B0%D0%BA%D0%B0%D0%B7%D0%B0%D0%BD%D0%B8%D0%B5_%D0%BC%D0%BE%D0%BB%D1%87%D0%B0%D0%BD%D0%B8%D0%B5%D0%BC
fallacies,494,ru,https://ru.wikipedia.org/wiki/%D0%91%D1%80%D0%B5%D0%B4_%D0%BF%D1%80%D0%B5%D1%81%D0%BB%D0%B5%D0%B4%D0%BE%D0%B2%D0%B0%D0%BD%D0%B8%D1%8F
fallacies,495,ru,https://ru.wikipedia.org/wiki/%D0%A2%D1%80%D0%B8%D0%B0%D0%BD%D0%B3%D1%83%D0%BB%D1%8F%D1%86%D0%B8%D1%8F_%28%D0%BF%D1%81%D0%B8%D1%85%D0%BE%D0%BB%D0%BE%D0%B3%D0%B8%D1%8F%29
fallacies,503,ru,https://ru.wikipedia.org/wiki/%D0%9D%D0%B0%D1%80%D1%86%D0%B8%D1%81%D1%81%D0%B8%D0%B7%D0%BC_%D0%BD%D0%B0_%D1%80%D0%B0%D0%B1%D0%BE%D1%87%D0%B5%D0%BC_%D0%BC%D0%B5%D1%81%D1%82%D0%B5
fallacies,506,ru,https://ru.wikipedia.org/wiki/%D0%9C%D0%B5%D0%BD%D1%82%D0%B0%D0%BB%D0%B8%D1%82%D0%B5%D1%82_%D0%BA%D1%80%D0%B0%D0%B1%D0%B0
fallacies,507,ru,https://ru.wikipedia.org/wiki/%D0%A1%D0%B8%D0%BD%D0%B4%D1%80%D0%BE%D0%BC_%D0%B2%D1%8B%D1%81%D0%BE%D0%BA%D0%BE%D0%B3%D0%BE_%D0%BC%D0%B0%D0%BA%D0%B0
fallacies,514,ru,https://ru.wikipedia.org/wiki/%D0%9F%D0%B0%D1%80%D0%B0%D0%BB%D0%B8%D0%BD%D0%B3%D0%B2%D0%B8%D1%81%D1%82%D0%B8%D0%BA%D0%B0
fallacies,515,ru,https://ru.wikipedia.org/wiki/%D0%9F%D0%B0%D1%80%D0%B0%D0%BB%D0%B8%D0%BD%D0%B3%D0%B2%D0%B8%D1%81%D1%82%D0%B8%D0%BA%D0%B0
fallacies,516,ru,https://ru.wikipedia.org/wiki/%D0%9F%D0%B0%D1%80%D0%B0%D0%BB%D0%B8%D0%BD%D0%B3%D0%B2%D0%B8%D1%81%D1%82%D0%B8%D0%BA%D0%B0
fallacies,517,ru,https://ru.wikipedia.org/wiki/%D0%9F%D0%B0%D1%80%D0%B0%D0%BB%D0%B8%D0%BD%D0%B3%D0%B2%D0%B8%D1%81%D1%82%D0%B8%D0%BA%D0%B0
fallacies,518,ru,https://ru.wikipedia.org/wiki/%D0%A5%D1%80%D0%BE%D0%BD%D0%B5%D0%BC%D0%B8%D0%BA%D0%B0
fallacies,519,ru,https://ru.wikipedia.org/wiki/%D0%9E%D0%BA%D1%83%D0%BB%D0%B5%D1%81%D0%B8%D0%BA%D0%B0
fallacies,520,ru,https://ru.wikipedia.org/wiki/%D0%97%D1%80%D0%B8%D1%82%D0%B5%D0%BB%D1%8C%D0%BD%D1%8B%D0%B9_%D0%BA%D0%BE%D0%BD%D1%82%D0%B0%D0%BA%D1%82
fallacies,1406,ru,https://ru.wikipedia.org/wiki/%D0%9A%D0%B8%D0%BD%D0%B5%D1%81%D0%B8%D0%BA%D0%B0
fallacies,521,ru,https://ru.wikipedia.org/wiki/%D0%9C%D0%B8%D0%BC%D0%B8%D0%BA%D0%B0
fallacies,522,ru,https://ru.wikipedia.org/wiki/%D0%9C%D0%B8%D0%BA%D1%80%D0%BE%D0%B2%D1%8B%D1%80%D0%B0%D0%B6%D0%B5%D0%BD%D0%B8%D0%B5
fallacies,523,ru,https://ru.wikipedia.org/wiki/%D0%96%D0%B5%D1%81%D1%82
fallacies,530,ru,https://ru.wikipedia.org/wiki/%D0%AD%D1%81%D0%BA%D0%B8%D0%BC%D0%BE%D1%81%D1%81%D0%BA%D0%B8%D0%B9_%D0%BF%D0%BE%D1%86%D0%B5%D0%BB%D1%83%D0%B9
fallacies,533,ru,https://ru.wikipedia.org/wiki/%D0%94%D0%B6%D0%B0%D0%BC%D0%B1%D0%BE_%28%D0%B6%D0%B5%D1%81%D1%82%29
fallacies,536,ru,https://ru.wikipedia.org/wiki/%D0%A6%D0%B5%D0%BB%D0%BE%D0%B2%D0%B0%D0%BD%D0%B8%D0%B5_%D1%80%D1%83%D0%BA%D0%B8
fallacies,538,ru,https://ru.wikipedia.org/wiki/%D0%9A%D0%BE%D0%BB%D0%B5%D0%BD%D0%BE%D0%BF%D1%80%D0%B5%D0%BA%D0%BB%D0%BE%D0%BD%D0%B5%D0%BD%D0%B8%D0%B5
fallacies,539,ru,https://ru.wikipedia.org/wiki/%D0%9F%D0%BE%D0%BA%D0%BB%D0%BE%D0%BD
fallacies,541,ru,https://ru.wikipedia.org/wiki/%D0%A0%D0%B5%D0%B2%D0%B5%D1%80%D0%B0%D0%BD%D1%81
fallacies,545,ru,https://ru.wikipedia.org/wiki/%D0%9F%D1%80%D0%B8%D0%BF%D0%BE%D0%B4%D0%BD%D0%B8%D0%BC%D0%B0%D0%BD%D0%B8%D0%B5_%D1%88%D0%BB%D1%8F%D0%BF%D1%8B
fallacies,547,ru,https://ru.wikipedia.org/wiki/%D0%A0%D0%B8%D0%BC%D1%81%D0%BA%D0%B8%D0%B9_%D1%81%D0%B0%D0%BB%D1%8E%D1%82
fallacies,549,ru,https://ru.wikipedia.org/wiki/%D0%9F%D0%BE%D0%BA%D0%BB%D0%BE%D0%BD
fallacies,550,ru,https://ru.wikipedia.org/wiki/%D0%9D%D0%B0%D0%BC%D0%B0%D1%81%D1%82%D0%B5
fallacies,552,ru,https://ru.wikipedia.org/wiki/%D0%92%D1%83%D0%BB%D0%BA%D0%B0%D0%BD%D1%81%D0%BA%D0%B8%D0%B9_%D1%81%D0%B0%D0%BB%D1%8E%D1%82
fallacies,554,ru,https://ru.wikipedia.org/wiki/%D0%9A%D1%80%D0%B5%D1%81%D1%82%D0%BD%D0%BE%D0%B5_%D0%B7%D0%BD%D0%B0%D0%BC%D0%B5%D0%BD%D0%B8%D0%B5
fallacies,556,ru,https://ru.wikipedia.org/wiki/%D0%92%D0%BE%D0%B7%D0%BB%D0%BE%D0%B6%D0%B5%D0%BD%D0%B8%D0%B5_%D1%80%D1%83%D0%BA
fallacies,557,ru,https://ru.wikipedia.org/wiki/%D0%9F%D1%80%D0%B8%D0%B2%D0%B5%D1%82%D1%81%D1%82%D0%B2%D0%B8%D0%B5_%D1%82%D1%80%D0%B5%D0%BC%D1%8F_%D0%BF%D0%B5%D1%80%D1%81%D1%82%D0%B0%D0%BC%D0%B8
fallacies,558,ru,https://ru.wikipedia.org/wiki/%D0%9D%D0%B0%D1%86%D0%B8%D1%81%D1%82%D1%81%D0%BA%D0%BE%D0%B5_%D0%BF%D1%80%D0%B8%D0%B2%D0%B5%D1%82%D1%81%D1%82%D0%B2%D0%B8%D0%B5
fallacies,559,ru,https://ru.wikipedia.org/wiki/%D0%A0%D0%BE%D1%82_%D0%A4%D1%80%D0%BE%D0%BD%D1%82_%28%D0%BF%D1%80%D0%B8%D0%B2%D0%B5%D1%82%D1%81%D1%82%D0%B2%D0%B8%D0%B5%29
fallacies,563,ru,https://ru.wikipedia.org/wiki/%D0%90%D0%BF%D0%BB%D0%BE%D0%B4%D0%B8%D1%81%D0%BC%D0%B5%D0%BD%D1%82%D1%8B
fallacies,565,ru,https://ru.wikipedia.org/wiki/%D0%94%D0%B0%D0%B9_%D0%BF%D1%8F%D1%82%D1%8C
fallacies,568,ru,https://ru.wikipedia.org/wiki/%D0%92%D0%B8%D0%BA%D1%82%D0%BE%D1%80%D0%B8%D1%8F_%28%D0%B6%D0%B5%D1%81%D1%82%29
fallacies,570,ru,https://ru.wikipedia.org/wiki/%D0%A0%D0%BE%D1%82_%D0%A4%D1%80%D0%BE%D0%BD%D1%82_%28%D0%BF%D1%80%D0%B8%D0%B2%D0%B5%D1%82%D1%81%D1%82%D0%B2%D0%B8%D0%B5%29
fallacies,572,ru,https://ru.wikipedia.org/wiki/%D0%96%D0%B5%D1%81%D1%82_%D0%BF%D0%BE_%D0%BB%D0%BE%D0%BA%D0%BE%D1%82%D1%8C
fallacies,573,ru,https://ru.wikipedia.org/wiki/%D0%A1%D1%80%D0%B5%D0%B4%D0%BD%D0%B8%D0%B9_%D0%BF%D0%B0%D0%BB%D0%B5%D1%86_%28%D0%B6%D0%B5%D1%81%D1%82%29
fallacies,574,ru,https://ru.wikipedia.org/wiki/%D0%9F%D0%BE%D0%BA%D0%B0%D0%B7%D0%B0%D1%82%D1%8C_%D0%B4%D0%BB%D0%B8%D0%BD%D0%BD%D1%8B%D0%B9_%D0%BD%D0%BE%D1%81
fallacies,575,ru,https://ru.wikipedia.org/wiki/%D0%9A%D0%BE%D0%B7%D0%B0_%28%D0%B6%D0%B5%D1%81%D1%82%29
fallacies,576,ru,https://ru.wikipedia.org/wiki/%D0%A9%D0%B5%D0%BB%D1%87%D0%BE%D0%BA_%D0%BF%D0%B0%D0%BB%D1%8C%D1%86%D0%B0%D0%BC%D0%B8
fallacies,581,ru,https://ru.wikipedia.org/wiki/Facepalm
fallacies,586,ru,https://ru.wikipedia.org/wiki/%D0%9F%D1%80%D0%BE%D0%BA%D1%81%D0%B5%D0%BC%D0%B8%D0%BA%D0%B0
fallacies,591,ru,https://ru.wikipedia.org/wiki/%D0%9A%D1%83%D0%BB%D1%8C%D1%82%D1%83%D1%80%D0%BD%D1%8B%D0%B9_%D0%B0%D1%80%D1%82%D0%B5%D1%84%D0%B0%D0%BA%D1%82
fallacies,592,ru,https://ru.wikipedia.org/wiki/%D0%9D%D0%B5%D0%B2%D0%B5%D1%80%D0%B1%D0%B0%D0%BB%D1%8C%D0%BD%D0%BE%D0%B5_%D0%BE%D0%B1%D1%89%D0%B5%D0%BD%D0%B8%D0%B5
fallacies,593,ru,https://ru.wikipedia.org/wiki/%D0%A2%D0%B0%D0%BA%D1%82%D0%B8%D0%BB%D1%8C%D0%BD%D0%B0%D1%8F_%D0%BA%D0%BE%D0%BC%D0%BC%D1%83%D0%BD%D0%B8%D0%BA%D0%B0%D1%86%D0%B8%D1%8F
fallacies,594,ru,https://ru.wikipedia.org/wiki/%D0%9C%D0%B0%D1%82%D0%B5%D0%BC%D0%B0%D1%82%D0%B8%D1%87%D0%B5%D1%81%D0%BA%D0%B8%D0%B9_%D1%81%D0%BE%D1%84%D0%B8%D0%B7%D0%BC
fallacies,596,ru,https://ru.wikipedia.org/wiki/%D0%A1%D0%BC%D0%B5%D1%89%D0%B5%D0%BD%D0%B8%D0%B5_%D0%B2%D1%8B%D0%B1%D0%BE%D1%80%D0%BA%D0%B8
fallacies,603,ru,https://ru.wikipedia.org/wiki/%D0%92%D1%8B%D0%B1%D0%BE%D1%80%D0%BE%D1%87%D0%BD%D0%BE%D0%B5_%D0%BF%D1%80%D0%B5%D0%B4%D1%81%D1%82%D0%B0%D0%B2%D0%BB%D0%B5%D0%BD%D0%B8%D0%B5_%D1%84%D0%B0%D0%BA%D1%82%D0%BE%D0%B2
fallacies,604,ru,https://ru.wikipedia.org/wiki/%D0%A0%D0%B5%D0%BF%D1%80%D0%B5%D0%B7%D0%B5%D0%BD%D1%82%D0%B0%D1%82%D0%B8%D0%B2%D0%BD%D0%BE%D1%81%D1%82%D1%8C
fallacies,609,ru,https://ru.wikipedia.org/wiki/%D0%A1%D0%B8%D1%81%D1%82%D0%B5%D0%BC%D0%B0%D1%82%D0%B8%D1%87%D0%B5%D1%81%D0%BA%D0%B0%D1%8F_%D0%BE%D1%88%D0%B8%D0%B1%D0%BA%D0%B0_%D0%B2%D1%8B%D0%B6%D0%B8%D0%B2%D1%88%D0%B5%D0%B3%D0%BE
fallacies,616,ru,https://ru.wikipedia.org/wiki/%D0%9D%D0%B8_%D0%BE%D0%B4%D0%B8%D0%BD_%D0%B8%D1%81%D1%82%D0%B8%D0%BD%D0%BD%D1%8B%D0%B9_%D1%88%D0%BE%D1%82%D0%BB%D0%B0%D0%BD%D0%B4%D0%B5%D1%86
fallacies,623,ru,https://ru.wikipedia.org/wiki/%D0%91%D0%B8%D0%BE%D0%B3%D0%B5%D0%BD%D0%B5%D1%82%D0%B8%D1%87%D0%B5%D1%81%D0%BA%D0%B8%D0%B9_%D0%B7%D0%B0%D0%BA%D0%BE%D0%BD
fallacies,627,ru,https://ru.wikipedia.org/wiki/%D0%9F%D0%B0%D1%80%D0%B0%D0%B4%D0%BE%D0%BA%D1%81_%D0%A1%D0%B8%D0%BC%D0%BF%D1%81%D0%BE%D0%BD%D0%B0
fallacies,633,ru,https://ru.wikipedia.org/wiki/%D0%9B%D0%BE%D0%B6%D0%BD%D0%B0%D1%8F_%D0%B7%D0%B0%D0%B2%D0%B8%D1%81%D0%B8%D0%BC%D0%BE%D1%81%D1%82%D1%8C
fallacies,642,ru,https://ru.wikipedia.org/wiki/%D0%98%D0%BB%D0%BB%D1%8E%D0%B7%D0%BE%D1%80%D0%BD%D0%B0%D1%8F_%D0%BA%D0%BE%D1%80%D1%80%D0%B5%D0%BB%D1%8F%D1%86%D0%B8%D1%8F
fallacies,645,ru,https://ru.wikipedia.org/wiki/%D0%90%D0%BF%D0%B5%D0%BB%D0%BB%D1%8F%D1%86%D0%B8%D1%8F_%D0%BA_%D0%B2%D0%B5%D1%80%D0%BE%D1%8F%D1%82%D0%BD%D0%BE%D1%81%D1%82%D0%B8
fallacies,648,ru,https://ru.wikipedia.org/wiki/%D0%9E%D1%88%D0%B8%D0%B1%D0%BA%D0%B0_%D0%B1%D0%B0%D0%B7%D0%BE%D0%B2%D0%BE%D0%B3%D0%BE_%D0%BF%D1%80%D0%BE%D1%86%D0%B5%D0%BD%D1%82%D0%B0
fallacies,649,ru,https://ru.wikipedia.org/wiki/%D0%A2%D0%B5%D0%BE%D1%80%D0%B5%D0%BC%D0%B0_%D0%BE_%D0%BA%D0%BE%D0%BD%D1%86%D0%B5_%D1%81%D0%B2%D0%B5%D1%82%D0%B0
fallacies,652,ru,https://ru.wikipedia.org/wiki/%D0%97%D0%B0%D0%B4%D0%B0%D1%87%D0%B0_%D0%BE_%D1%80%D0%B0%D0%B7%D0%BE%D1%80%D0%B5%D0%BD%D0%B8%D0%B8_%D0%B8%D0%B3%D1%80%D0%BE%D0%BA%D0%B0
fallacies,654,ru,https://ru.wikipedia.org/wiki/%D0%9E%D1%88%D0%B8%D0%B1%D0%BA%D0%B0_%D0%B8%D0%B3%D1%80%D0%BE%D0%BA%D0%B0
fallacies,657,ru,https://ru.wikipedia.org/wiki/%D0%9E%D1%88%D0%B8%D0%B1%D0%BA%D0%B0_%D0%BA%D0%BE%D0%BD%D1%8A%D1%8E%D0%BD%D0%BA%D1%86%D0%B8%D0%B8
fallacies,668,ru,https://ru.wikipedia.org/wiki/%D0%9C%D0%BD%D0%B8%D0%BC%D0%B0%D1%8F_%D1%82%D0%BE%D1%87%D0%BD%D0%BE%D1%81%D1%82%D1%8C
fallacies,670,ru,https://ru.wikipedia.org/wiki/%D0%9B%D0%BE%D0%B6%D0%BD%D1%8B%D0%B9_%D0%B1%D0%B0%D0%BB%D0%B0%D0%BD%D1%81
fallacies,673,ru,https://ru.wikipedia.org/wiki/%D0%90%D0%BF%D0%B5%D0%BB%D0%BB%D1%8F%D1%86%D0%B8%D1%8F_%D0%BA_%D1%83%D0%BC%D0%B5%D1%80%D0%B5%D0%BD%D0%BD%D0%BE%D1%81%D1%82%D0%B8
fallacies,674,ru,https://ru.wikipedia.org/wiki/%D0%A0%D0%B0%D0%B7%D1%80%D0%B0%D0%B1%D0%BE%D1%82%D0%BA%D0%B0_%D0%BA%D0%BE%D0%BC%D0%B8%D1%82%D0%B5%D1%82%D0%BE%D0%BC
fallacies,675,ru,https://ru.wikipedia.org/wiki/%D0%9C%D0%B5%D1%82%D0%B0%D1%84%D0%BE%D1%80%D0%B0_%D0%BE_%D1%80%D0%B0%D0%B7%D0%B1%D0%B8%D1%82%D0%BE%D0%BC_%D0%BE%D0%BA%D0%BD%D0%B5
fallacies,685,ru,https://ru.wikipedia.org/wiki/%D0%97%D0%B0%D0%B4%D0%B0%D1%87%D0%B0_%D0%BE_%D0%B4%D0%B2%D1%83%D1%85_%D0%BA%D0%BE%D0%BD%D0%B2%D0%B5%D1%80%D1%82%D0%B0%D1%85
fallacies,688,ru,https://ru.wikipedia.org/wiki/%D0%A4%D0%B5%D0%BD%D0%BE%D0%BC%D0%B5%D0%BD_%D0%A3%D0%B8%D0%BB%D0%BB%D0%B0_%D0%A0%D0%BE%D0%B4%D0%B6%D0%B5%D1%80%D1%81%D0%B0
fallacies,689,ru,https://ru.wikipedia.org/wiki/%D0%A7%D0%B8%D1%81%D0%BB%D0%B5%D0%BD%D0%BD%D0%B0%D1%8F_%D0%BE%D1%88%D0%B8%D0%B1%D0%BA%D0%B0
fallacies,691,ru,https://ru.wikipedia.org/wiki/%D0%9C%D0%B0%D1%82%D0%B5%D0%BC%D0%B0%D1%82%D0%B8%D1%87%D0%B5%D1%81%D0%BA%D0%B8%D0%B9_%D1%81%D0%BE%D1%84%D0%B8%D0%B7%D0%BC
fallacies,696,ru,https://ru.wikipedia.org/wiki/%D0%9B%D0%BE%D0%B3%D0%B8%D1%87%D0%B5%D1%81%D0%BA%D0%B0%D1%8F_%D0%BE%D1%88%D0%B8%D0%B1%D0%BA%D0%B0
fallacies,708,ru,https://ru.wikipedia.org/wiki/%D0%A3%D1%82%D0%B2%D0%B5%D1%80%D0%B6%D0%B4%D0%B5%D0%BD%D0%B8%D0%B5_%D0%BF%D0%BE_%D1%81%D0%BB%D0%B5%D0%B4%D1%81%D1%82%D0%B2%D0%B8%D1%8E
fallacies,710,ru,https://ru.wikipedia.org/wiki/%D0%9D%D0%B5%D0%BE%D0%B1%D1%85%D0%BE%D0%B4%D0%B8%D0%BC%D0%BE%D0%B5_%D0%B8_%D0%B4%D0%BE%D1%81%D1%82%D0%B0%D1%82%D0%BE%D1%87%D0%BD%D0%BE%D0%B5_%D1%83%D1%81%D0%BB%D0%BE%D0%B2%D0%B8%D1%8F
fallacies,714,ru,https://ru.wikipedia.org/wiki/Tu_quoque
fallacies,717,ru,https://ru.wikipedia.org/wiki/%D0%9E%D1%88%D0%B8%D0%B1%D0%BA%D0%B0_%D0%B8%D0%B3%D1%80%D0%BE%D0%BA%D0%B0
fallacies,721,ru,https://ru.wikipedia.org/wiki/%D0%9E%D1%88%D0%B8%D0%B1%D0%BA%D0%B0_%D0%B5%D0%B4%D0%B8%D0%BD%D1%81%D1%82%D0%B2%D0%B5%D0%BD%D0%BD%D0%BE%D0%B9_%D0%BF%D1%80%D0%B8%D1%87%D0%B8%D0%BD%D1%8B
fallacies,722,ru,https://ru.wikipedia.org/wiki/%D0%9E%D1%82%D1%80%D0%B8%D1%86%D0%B0%D0%BD%D0%B8%D0%B5_%D0%BF%D0%BE_%D0%BF%D0%BE%D1%81%D1%8B%D0%BB%D0%BA%D0%B5
fallacies,729,ru,https://ru.wikipedia.org/wiki/%D0%9E%D1%82%D1%80%D0%B8%D1%86%D0%B0%D0%BD%D0%B8%D0%B5_%D0%BF%D0%BE_%D0%BF%D0%BE%D1%81%D1%8B%D0%BB%D0%BA%D0%B5
fallacies,731,ru,https://ru.wikipedia.org/wiki/%D0%A3%D1%82%D0%B2%D0%B5%D1%80%D0%B6%D0%B4%D0%B5%D0%BD%D0%B8%D0%B5_%D0%BF%D0%BE_%D1%81%D0%BB%D0%B5%D0%B4%D1%81%D1%82%D0%B2%D0%B8%D1%8E
fallacies,751,ru,https://ru.wikipedia.org/wiki/%D0%AD%D0%BF%D0%B8%D1%81%D1%82%D0%B5%D0%BC%D0%B8%D1%87%D0%B5%D1%81%D0%BA%D0%B0%D1%8F_%D0%BB%D0%BE%D0%B3%D0%B8%D0%BA%D0%B0
fallacies,755,ru,https://ru.wikipedia.org/wiki/%D0%94%D0%B5%D0%BE%D0%BD%D1%82%D0%B8%D1%87%D0%B5%D1%81%D0%BA%D0%B0%D1%8F_%D0%BB%D0%BE%D0%B3%D0%B8%D0%BA%D0%B0
fallacies,803,ru,https://ru.wikipedia.org/wiki/%D0%9F%D1%80%D0%B8%D0%BD%D1%86%D0%B8%D0%BF%D0%B8%D0%B0%D0%BB%D1%8C%D0%BD%D0%BE_%D1%81%D0%BF%D0%BE%D1%80%D0%BD%D0%BE%D0%B5_%D0%BF%D0%BE%D0%BD%D1%8F%D1%82%D0%B8%D0%B5
fallacies,813,ru,https://ru.wikipedia.org/wiki/%D0%9D%D0%B8_%D0%BE%D0%B4%D0%B8%D0%BD_%D0%B8%D1%81%D1%82%D0%B8%D0%BD%D0%BD%D1%8B%D0%B9_%D1%88%D0%BE%D1%82%D0%BB%D0%B0%D0%BD%D0%B4%D0%B5%D1%86
fallacies,814,ru,https://ru.wikipedia.org/wiki/%D0%9B%D0%BE%D0%B6%D0%BD%D0%B0%D1%8F_%D0%B4%D0%B8%D0%BB%D0%B5%D0%BC%D0%BC%D0%B0
fallacies,817,ru,https://ru.wikipedia.org/wiki/%D0%A0%D0%B0%D1%81%D1%89%D0%B5%D0%BF%D0%BB%D0%B5%D0%BD%D0%B8%D0%B5_%D1%8D%D0%B3%D0%BE
fallacies,820,ru,https://ru.wikipedia.org/wiki/%D0%9D%D0%B5%D0%BE%D0%BF%D1%80%D0%B5%D0%B4%D0%B5%D0%BB%D1%91%D0%BD%D0%BD%D0%BE%D0%B5_%D0%B2%D1%8B%D1%80%D0%B0%D0%B6%D0%B5%D0%BD%D0%B8%D0%B5
fallacies,854,ru,https://ru.wikipedia.org/wiki/%D0%92%D0%B0%D1%80%D0%B2%D0%B0%D1%80%D0%B8%D0%B7%D0%BC
fallacies,857,ru,https://ru.wikipedia.org/wiki/%D0%9C%D0%BD%D0%B8%D0%BC%D0%B0%D1%8F_%D1%82%D0%BE%D1%87%D0%BD%D0%BE%D1%81%D1%82%D1%8C
fallacies,860,ru,https://ru.wikipedia.org/wiki/%D0%9E%D0%BD%D0%BE%D0%BC%D0%B0%D1%81%D0%B8%D0%BE%D0%BB%D0%BE%D0%B3%D0%B8%D1%8F
fallacies,865,ru,https://ru.wikipedia.org/wiki/%D0%A1%D0%B5%D0%BC%D0%B0%D0%BD%D1%82%D0%B8%D1%87%D0%B5%D1%81%D0%BA%D0%B8%D0%B9_%D1%81%D0%B4%D0%B2%D0%B8%D0%B3
fallacies,869,ru,https://ru.wikipedia.org/wiki/%D0%93%D0%B8%D0%BF%D0%BE%D1%81%D1%82%D0%B0%D0%B7%D0%B8%D1%80%D0%BE%D0%B2%D0%B0%D0%BD%D0%B8%D0%B5
fallacies,874,ru,https://ru.wikipedia.org/wiki/%D0%A1%D0%B8%D0%BC%D1%83%D0%BB%D1%8F%D0%BA%D1%80
fallacies,875,ru,https://ru.wikipedia.org/wiki/%D0%9C%D0%BE%D1%82%D1%82_%D0%B8_%D0%B1%D0%B5%D0%B9%D0%BB%D0%B8_%28%D0%B0%D1%80%D0%B3%D1%83%D0%BC%D0%B5%D0%BD%D1%82%D0%B0%D1%86%D0%B8%D1%8F%29
fallacies,881,ru,https://ru.wikipedia.org/wiki/%D0%9F%D1%80%D0%BE%D0%BF%D0%B0%D0%B3%D0%B0%D0%BD%D0%B4%D0%B0
fallacies,883,ru,https://ru.wikipedia.org/wiki/%D0%9F%D1%80%D0%BE%D0%BF%D0%B0%D0%B3%D0%B0%D0%BD%D0%B4%D0%B0
fallacies,893,ru,https://ru.wikipedia.org/wiki/%D0%9F%D1%80%D0%B5%D1%83%D0%B2%D0%B5%D0%BB%D0%B8%D1%87%D0%B5%D0%BD%D0%B8%D0%B5
fallacies,894,ru,https://ru.wikipedia.org/wiki/%D0%9F%D0%BE%D0%B4%D0%BC%D0%B5%D0%BD%D0%B0_%D1%82%D0%B5%D0%B7%D0%B8%D1%81%D0%B0
fallacies,897,ru,https://ru.wikipedia.org/wiki/%D0%91%D0%BB%D0%B0%D0%B3%D0%BE%D1%87%D0%B5%D1%81%D1%82%D0%B8%D0%B2%D1%8B%D0%B9_%D0%BE%D0%B1%D0%BC%D0%B0%D0%BD
fallacies,898,ru,https://ru.wikipedia.org/wiki/%D0%9B%D0%BE%D0%B6%D1%8C
fallacies,902,ru,https://ru.wikipedia.org/wiki/%D0%9B%D0%BE%D0%B6%D1%8C
fallacies,910,ru,https://ru.wikipedia.org/wiki/%D0%A4%D0%B0%D0%BB%D1%8C%D1%88%D0%B8%D0%B2%D1%8B%D0%B5_%D0%BD%D0%BE%D0%B2%D0%BE%D1%81%D1%82%D0%B8
fallacies,911,ru,https://ru.wikipedia.org/wiki/%D0%AD%D1%85%D0%BE-%D0%BA%D0%B0%D0%BC%D0%B5%D1%80%D0%B0
fallacies,914,ru,https://ru.wikipedia.org/wiki/%D0%A1%D1%82%D1%80%D0%B0%D1%82%D0%B5%D0%B3%D0%B8%D1%8F_%D0%BC%D1%91%D1%80%D1%82%D0%B2%D0%BE%D0%B9_%D0%BA%D0%BE%D1%88%D0%BA%D0%B8
fallacies,916,ru,https://ru.wikipedia.org/wiki/%D0%A1%D0%BB%D1%83%D1%85_%28%D0%B8%D0%BD%D1%84%D0%BE%D1%80%D0%BC%D0%B0%D1%86%D0%B8%D1%8F%29
fallacies,920,ru,https://ru.wikipedia.org/wiki/FUD
fallacies,922,ru,https://ru.wikipedia.org/wiki/%D0%9C%D0%BE%D1%80%D0%B0%D0%BB%D1%8C%D0%BD%D0%B0%D1%8F_%D0%BF%D0%B0%D0%BD%D0%B8%D0%BA%D0%B0
fallacies,925,ru,https://ru.wikipedia.org/wiki/%D0%9C%D0%B8%D1%84
fallacies,927,ru,https://ru.wikipedia.org/wiki/%D0%9A%D1%80%D0%B8%D0%BF%D0%B8%D0%BF%D0%B0%D1%81%D1%82%D0%B0
fallacies,934,ru,https://ru.wikipedia.org/wiki/%D0%9B%D0%BE%D0%B6%D1%8C
fallacies,941,ru,https://ru.wikipedia.org/wiki/%D0%9F%D0%B0%D1%82%D0%BE%D0%BB%D0%BE%D0%B3%D0%B8%D1%87%D0%B5%D1%81%D0%BA%D0%B0%D1%8F_%D0%BB%D0%BE%D0%B6%D1%8C
fallacies,947,ru,https://ru.wikipedia.org/wiki/%D0%9F%D1%81%D0%B5%D0%B2%D0%B4%D0%BE%D0%B8%D1%81%D1%82%D0%BE%D1%80%D0%B8%D1%8F
fallacies,951,ru,https://ru.wikipedia.org/wiki/%D0%9E%D1%88%D0%B8%D0%B1%D0%BA%D0%B0_%D0%BC%D0%BE%D0%BD%D0%B8%D1%82%D0%BE%D1%80%D0%B8%D0%BD%D0%B3%D0%B0_%D0%B8%D1%81%D1%82%D0%BE%D1%87%D0%BD%D0%B8%D0%BA%D0%B0
fallacies,955,ru,https://ru.wikipedia.org/wiki/%D0%94%D0%B2%D0%BE%D0%B9%D0%BD%D1%8B%D0%B5_%D1%81%D1%82%D0%B0%D0%BD%D0%B4%D0%B0%D1%80%D1%82%D1%8B
fallacies,956,ru,https://ru.wikipedia.org/wiki/%D0%9E%D1%81%D0%BE%D0%B1%D0%BE%D0%B5_%D0%BF%D0%BE%D1%81%D0%BB%D0%B0%D0%BD%D0%B8%D0%B5
fallacies,961,ru,https://ru.wikipedia.org/wiki/%D0%9B%D0%B8%D1%86%D0%B5%D0%BC%D0%B5%D1%80%D0%B8%D0%B5
fallacies,967,ru,https://ru.wikipedia.org/wiki/%D0%9F%D1%80%D0%B5%D0%B4%D0%B2%D0%B7%D1%8F%D1%82%D0%BE%D1%81%D1%82%D1%8C_%D0%BF%D1%83%D0%B1%D0%BB%D0%B8%D0%BA%D0%B0%D1%86%D0%B8%D0%B8
fallacies,969,ru,https://ru.wikipedia.org/wiki/%D0%9F%D1%80%D0%B5%D0%B4%D0%B2%D0%B7%D1%8F%D1%82%D0%BE%D1%81%D1%82%D1%8C_%D0%BF%D1%83%D0%B1%D0%BB%D0%B8%D0%BA%D0%B0%D1%86%D0%B8%D0%B8
fallacies,970,ru,https://ru.wikipedia.org/wiki/%D0%9F%D1%80%D0%B5%D0%B4%D0%B2%D0%B7%D1%8F%D1%82%D0%BE%D1%81%D1%82%D1%8C_%D1%84%D0%B8%D0%BD%D0%B0%D0%BD%D1%81%D0%B8%D1%80%D0%BE%D0%B2%D0%B0%D0%BD%D0%B8%D1%8F
fallacies,1014,ru,https://ru.wikipedia.org/wiki/%D0%90%D0%B4%D0%B2%D0%BE%D0%BA%D0%B0%D1%82_%D0%B4%D1%8C%D1%8F%D0%B2%D0%BE%D0%BB%D0%B0
fallacies,1023,ru,https://ru.wikipedia.org/wiki/%D0%9C%D0%B5%D1%82%D0%BE%D0%B4_%D0%91%D1%8D%D0%BA%D0%BE%D0%BD%D0%B0
fallacies,1025,ru,https://ru.wikipedia.org/wiki/%D0%A1%D0%B8%D1%81%D1%82%D0%B5%D0%BC%D0%B0%D1%82%D0%B8%D1%87%D0%B5%D1%81%D0%BA%D0%B0%D1%8F_%D0%BE%D1%88%D0%B8%D0%B1%D0%BA%D0%B0_%D0%B2%D0%BD%D0%B8%D0%BC%D0%B0%D0%BD%D0%B8%D1%8F
fallacies,1026,ru,https://ru.wikipedia.org/wiki/%D0%AD%D1%84%D1%84%D0%B5%D0%BA%D1%82_%D0%BA%D0%BE%D0%BD%D1%82%D0%B5%D0%BA%D1%81%D1%82%D0%B0
fallacies,1028,ru,https://ru.wikipedia.org/wiki/%D0%AD%D1%84%D1%84%D0%B5%D0%BA%D1%82_%D0%BA%D1%80%D0%B0%D1%8F_%28%D0%BF%D0%B0%D0%BC%D1%8F%D1%82%D1%8C%29
fallacies,1029,ru,https://ru.wikipedia.org/wiki/%D0%AD%D1%84%D1%84%D0%B5%D0%BA%D1%82_%D0%BA%D1%80%D0%B0%D1%8F_%28%D0%BF%D0%B0%D0%BC%D1%8F%D1%82%D1%8C%29
fallacies,1030,ru,https://ru.wikipedia.org/wiki/%D0%92%D1%81%D0%BF%D0%BE%D0%BC%D0%B8%D0%BD%D0%B0%D0%BD%D0%B8%D0%B5
fallacies,1031,ru,https://ru.wikipedia.org/wiki/%D0%A1%D0%BF%D0%B8%D1%81%D0%BE%D0%BA_%D0%BA%D0%BE%D0%B3%D0%BD%D0%B8%D1%82%D0%B8%D0%B2%D0%BD%D1%8B%D1%85_%D0%B8%D1%81%D0%BA%D0%B0%D0%B6%D0%B5%D0%BD%D0%B8%D0%B9
fallacies,1032,ru,https://ru.wikipedia.org/wiki/%D0%AD%D1%84%D1%84%D0%B5%D0%BA%D1%82_%D0%BF%D1%80%D0%B5%D0%B2%D0%BE%D1%81%D1%85%D0%BE%D0%B4%D1%81%D1%82%D0%B2%D0%B0_%D0%BA%D0%B0%D1%80%D1%82%D0%B8%D0%BD%D0%BE%D0%BA
fallacies,1036,ru,https://ru.wikipedia.org/wiki/%D0%9C%D0%B0%D0%B3%D0%B8%D1%87%D0%B5%D1%81%D0%BA%D0%BE%D0%B5_%D1%87%D0%B8%D1%81%D0%BB%D0%BE_%D1%81%D0%B5%D0%BC%D1%8C_%D0%BF%D0%BB%D1%8E%D1%81-%D0%BC%D0%B8%D0%BD%D1%83%D1%81_%D0%B4%D0%B2%D0%B0
fallacies,1038,ru,https://ru.wikipedia.org/wiki/%D0%97%D0%B0%D0%BA%D0%BE%D0%BD_%D0%92%D0%B5%D0%B1%D0%B5%D1%80%D0%B0_%E2%80%94_%D0%A4%D0%B5%D1%85%D0%BD%D0%B5%D1%80%D0%B0
fallacies,1039,ru,https://ru.wikipedia.org/wiki/%D0%AD%D1%84%D1%84%D0%B5%D0%BA%D1%82_%D1%84%D1%80%D0%B5%D0%B9%D0%BC%D0%B8%D0%BD%D0%B3%D0%B0
fallacies,1040,ru,https://ru.wikipedia.org/wiki/%D0%AD%D1%84%D1%84%D0%B5%D0%BA%D1%82_%D0%BA%D0%BE%D0%BD%D1%82%D1%80%D0%B0%D1%81%D1%82%D0%B0
fallacies,1042,ru,https://ru.wikipedia.org/wiki/%D0%AD%D1%84%D1%84%D0%B5%D0%BA%D1%82_%C2%AB%D0%BC%D0%B5%D0%BD%D1%8C%D1%88%D0%B5_%E2%80%94_%D0%BB%D1%83%D1%87%D1%88%D0%B5%C2%BB
fallacies,1043,ru,https://ru.wikipedia.org/wiki/%D0%AD%D1%84%D1%84%D0%B5%D0%BA%D1%82_%D0%A0%D0%B5%D1%81%D1%82%D0%BE%D1%80%D1%84%D1%84
fallacies,1045,ru,https://ru.wikipedia.org/wiki/%D0%A1%D0%BF%D0%B8%D1%81%D0%BE%D0%BA_%D0%BA%D0%BE%D0%B3%D0%BD%D0%B8%D1%82%D0%B8%D0%B2%D0%BD%D1%8B%D1%85_%D0%B8%D1%81%D0%BA%D0%B0%D0%B6%D0%B5%D0%BD%D0%B8%D0%B9
fallacies,1046,ru,https://ru.wikipedia.org/wiki/%D0%AD%D1%84%D1%84%D0%B5%D0%BA%D1%82_%D0%BF%D1%80%D0%B8%D0%B2%D1%8F%D0%B7%D0%BA%D0%B8
fallacies,1048,ru,https://ru.wikipedia.org/wiki/%D0%AD%D1%84%D1%84%D0%B5%D0%BA%D1%82_%D1%81%D0%B0%D0%BC%D0%BE%D1%80%D0%B5%D1%84%D0%B5%D1%80%D0%B5%D0%BD%D1%86%D0%B8%D0%B8
fallacies,1050,ru,https://ru.wikipedia.org/wiki/%D0%98%D0%BB%D0%BB%D1%8E%D0%B7%D0%B8%D1%8F_%D0%BF%D1%80%D0%BE%D0%B7%D1%80%D0%B0%D1%87%D0%BD%D0%BE%D1%81%D1%82%D0%B8
fallacies,1051,ru,https://ru.wikipedia.org/wiki/%D0%9F%D1%80%D0%BE%D0%BA%D0%BB%D1%8F%D1%82%D0%B8%D0%B5_%D0%B7%D0%BD%D0%B0%D0%BD%D0%B8%D1%8F
fallacies,1052,ru,https://ru.wikipedia.org/wiki/%D0%AD%D1%84%D1%84%D0%B5%D0%BA%D1%82_%D0%BF%D1%80%D0%BE%D0%B6%D0%B5%D0%BA%D1%82%D0%BE%D1%80%D0%B0
fallacies,1059,ru,https://ru.wikipedia.org/wiki/%D0%A0%D0%B0%D1%81%D1%81%D0%B5%D1%8F%D0%BD%D0%BD%D0%BE%D1%81%D1%82%D1%8C_%D0%B2%D0%BD%D0%B8%D0%BC%D0%B0%D0%BD%D0%B8%D1%8F
fallacies,1060,ru,https://ru.wikipedia.org/wiki/%D0%AD%D1%84%D1%84%D0%B5%D0%BA%D1%82_%D1%82%D0%B5%D1%81%D1%82%D0%B8%D1%80%D0%BE%D0%B2%D0%B0%D0%BD%D0%B8%D1%8F
fallacies,1063,ru,https://ru.wikipedia.org/wiki/%D0%A6%D0%B8%D1%84%D1%80%D0%BE%D0%B2%D0%B0%D1%8F_%D0%B0%D0%BC%D0%BD%D0%B5%D0%B7%D0%B8%D1%8F
fallacies,1064,ru,https://ru.wikipedia.org/wiki/%D0%AD%D1%84%D1%84%D0%B5%D0%BA%D1%82_%D0%B3%D0%B5%D0%BD%D0%B5%D1%80%D0%B0%D1%86%D0%B8%D0%B8
fallacies,1065,ru,https://ru.wikipedia.org/wiki/%D0%A1%D0%B5%D0%BB%D0%B5%D0%BA%D1%82%D0%B8%D0%B2%D0%BD%D0%BE%D0%B5_%D0%B2%D0%BE%D1%81%D0%BF%D1%80%D0%B8%D1%8F%D1%82%D0%B8%D0%B5
fallacies,1066,ru,https://ru.wikipedia.org/wiki/%D0%AD%D1%84%D1%84%D0%B5%D0%BA%D1%82_%D0%B7%D0%BD%D0%B0%D0%BA%D0%BE%D0%BC%D1%81%D1%82%D0%B2%D0%B0_%D1%81_%D0%BE%D0%B1%D1%8A%D0%B5%D0%BA%D1%82%D0%BE%D0%BC
fallacies,1067,ru,https://ru.wikipedia.org/wiki/%D0%AD%D1%84%D1%84%D0%B5%D0%BA%D1%82_%D0%B8%D0%BB%D0%BB%D1%8E%D0%B7%D0%B8%D0%B8_%D0%BF%D1%80%D0%B0%D0%B2%D0%B4%D1%8B
fallacies,1068,ru,https://ru.wikipedia.org/wiki/%D0%AD%D1%84%D1%84%D0%B5%D0%BA%D1%82_%D0%BE%D0%BF%D0%BE%D0%B7%D0%BD%D0%B0%D0%B2%D0%B0%D0%B5%D0%BC%D0%BE%D0%B9_%D0%B6%D0%B5%D1%80%D1%82%D0%B2%D1%8B
fallacies,1070,ru,https://ru.wikipedia.org/wiki/%D0%AD%D1%84%D1%84%D0%B5%D0%BA%D1%82_%D0%BD%D0%B5%D0%B4%D0%B0%D0%B2%D0%BD%D0%B5%D0%B3%D0%BE
fallacies,1072,ru,https://ru.wikipedia.org/wiki/%D0%AD%D0%B2%D1%80%D0%B8%D1%81%D1%82%D0%B8%D0%BA%D0%B0_%D0%B4%D0%BE%D1%81%D1%82%D1%83%D0%BF%D0%BD%D0%BE%D1%81%D1%82%D0%B8
fallacies,1073,ru,https://ru.wikipedia.org/wiki/%D0%A4%D0%B5%D0%BD%D0%BE%D0%BC%D0%B5%D0%BD_%D0%91%D0%B0%D0%B0%D0%B4%D0%B5%D1%80%D0%B0_%E2%80%94_%D0%9C%D0%B0%D0%B9%D0%BD%D1%85%D0%BE%D1%84
fallacies,1074,ru,https://ru.wikipedia.org/wiki/%D0%AD%D1%84%D1%84%D0%B5%D0%BA%D1%82_%D1%83%D0%BB%D0%B8%D1%87%D0%BD%D0%BE%D0%B3%D0%BE_%D1%84%D0%BE%D0%BD%D0%B0%D1%80%D1%8F
fallacies,1077,ru,https://ru.wikipedia.org/wiki/%D0%9F%D1%80%D0%B5%D0%B4%D0%B2%D0%B7%D1%8F%D1%82%D0%BE%D1%81%D1%82%D1%8C_%D0%BE%D1%82%D0%BD%D0%BE%D1%81%D0%B8%D1%82%D0%B5%D0%BB%D1%8C%D0%BD%D0%BE_%D1%8D%D0%BA%D0%BE%D0%BD%D0%BE%D0%BC%D0%B8%D0%B8_%D0%B2%D1%80%D0%B5%D0%BC%D0%B5%D0%BD%D0%B8
fallacies,1079,ru,https://ru.wikipedia.org/wiki/%D0%AD%D1%84%D1%84%D0%B5%D0%BA%D1%82_%D1%82%D0%B5%D0%BB%D0%B5%D1%81%D0%BA%D0%BE%D0%BF%D0%B0
fallacies,1082,ru,https://ru.wikipedia.org/wiki/%D0%AD%D1%84%D1%84%D0%B5%D0%BA%D1%82_%D0%9F%D0%B5%D0%BB%D1%8C%D1%86%D0%BC%D0%B0%D0%BD%D0%B0
fallacies,1085,ru,https://ru.wikipedia.org/wiki/%D0%98%D0%BB%D0%BB%D1%8E%D0%B7%D0%BE%D1%80%D0%BD%D0%B0%D1%8F_%D0%BA%D0%BE%D1%80%D1%80%D0%B5%D0%BB%D1%8F%D1%86%D0%B8%D1%8F
fallacies,1089,ru,https://ru.wikipedia.org/wiki/%D0%90%D0%BD%D1%82%D1%80%D0%BE%D0%BF%D0%BE%D0%BC%D0%BE%D1%80%D1%84%D0%B8%D0%B7%D0%BC
fallacies,1094,ru,https://ru.wikipedia.org/wiki/%D0%A0%D0%B5%D0%B2%D0%B5%D1%80%D1%81%D0%B8%D0%B2%D0%BD%D0%B0%D1%8F_%D0%BF%D1%81%D0%B8%D1%85%D0%BE%D0%BB%D0%BE%D0%B3%D0%B8%D1%8F
fallacies,1095,ru,https://ru.wikipedia.org/wiki/%D0%97%D0%B0%D0%BA%D0%BE%D0%BD_%D0%9C%D0%B5%D1%80%D1%84%D0%B8
fallacies,1097,ru,https://ru.wikipedia.org/wiki/%D0%97%D0%B0%D0%B1%D0%BB%D1%83%D0%B6%D0%B4%D0%B5%D0%BD%D0%B8%D0%B5_%D0%BE_%D0%BD%D0%B5%D0%B8%D0%B7%D0%BC%D0%B5%D0%BD%D0%BD%D0%BE%D0%BC_%D0%BE%D0%B1%D1%8A%D1%91%D0%BC%D0%B5_%D1%80%D0%B0%D0%B1%D0%BE%D1%82
fallacies,1104,ru,https://ru.wikipedia.org/wiki/%D0%AD%D0%B3%D0%BE%D0%B8%D1%81%D1%82%D0%B8%D1%87%D0%B5%D1%81%D0%BA%D0%B0%D1%8F_%D0%BF%D0%BE%D0%B3%D1%80%D0%B5%D1%88%D0%BD%D0%BE%D1%81%D1%82%D1%8C
fallacies,1106,ru,https://ru.wikipedia.org/wiki/%D0%9E%D1%88%D0%B8%D0%B1%D0%BA%D0%B0_%D0%BF%D0%BB%D0%B0%D0%BD%D0%B8%D1%80%D0%BE%D0%B2%D0%B0%D0%BD%D0%B8%D1%8F
fallacies,1109,ru,https://ru.wikipedia.org/wiki/%D0%98%D0%BB%D0%BB%D1%8E%D0%B7%D0%BE%D1%80%D0%BD%D0%BE%D0%B5_%D0%BF%D1%80%D0%B5%D0%B2%D0%BE%D1%81%D1%85%D0%BE%D0%B4%D1%81%D1%82%D0%B2%D0%BE
fallacies,1110,ru,https://ru.wikipedia.org/wiki/%D0%A1%D0%BB%D0%B5%D0%BF%D0%BE%D0%B5_%D0%BF%D1%8F%D1%82%D0%BD%D0%BE_%D0%BF%D1%80%D0%B5%D0%B4%D1%83%D0%B1%D0%B5%D0%B6%D0%B4%D0%B5%D0%BD%D0%B8%D1%8F
fallacies,1111,ru,https://ru.wikipedia.org/wiki/%D0%9D%D0%B0%D0%B8%D0%B2%D0%BD%D1%8B%D0%B9_%D1%86%D0%B8%D0%BD%D0%B8%D0%B7%D0%BC
fallacies,1113,ru,https://ru.wikipedia.org/wiki/%D0%AD%D1%84%D1%84%D0%B5%D0%BA%D1%82_%D1%82%D1%80%D0%B5%D1%82%D1%8C%D0%B5%D0%B3%D0%BE_%D0%BB%D0%B8%D1%86%D0%B0
fallacies,1114,ru,https://ru.wikipedia.org/wiki/%D0%AD%D1%84%D1%84%D0%B5%D0%BA%D1%82_%D1%81%D0%B2%D0%B5%D1%80%D1%85%D1%83%D0%B2%D0%B5%D1%80%D0%B5%D0%BD%D0%BD%D0%BE%D1%81%D1%82%D0%B8
fallacies,1115,ru,https://ru.wikipedia.org/wiki/%D0%98%D0%BB%D0%BB%D1%8E%D0%B7%D0%B8%D1%8F_%D0%BA%D0%BE%D0%BD%D1%82%D1%80%D0%BE%D0%BB%D1%8F
fallacies,1118,ru,https://ru.wikipedia.org/wiki/%D0%AD%D1%84%D1%84%D0%B5%D0%BA%D1%82_%D0%BB%D0%BE%D0%B6%D0%BD%D0%BE%D0%B3%D0%BE_%D0%BA%D0%BE%D0%BD%D1%81%D0%B5%D0%BD%D1%81%D1%83%D1%81%D0%B0
fallacies,1120,ru,https://ru.wikipedia.org/wiki/%D0%A0%D0%B0%D1%81%D1%89%D0%B5%D0%BF%D0%BB%D0%B5%D0%BD%D0%B8%D0%B5_%D1%8D%D0%B3%D0%BE
fallacies,1121,ru,https://ru.wikipedia.org/wiki/%D0%9F%D1%80%D0%B5%D0%B4%D0%BF%D0%BE%D1%87%D1%82%D0%B5%D0%BD%D0%B8%D0%B5_%D0%BD%D1%83%D0%BB%D0%B5%D0%B2%D0%BE%D0%B3%D0%BE_%D1%80%D0%B8%D1%81%D0%BA%D0%B0
fallacies,1124,ru,https://ru.wikipedia.org/wiki/%D0%AD%D1%84%D1%84%D0%B5%D0%BA%D1%82_%D0%BD%D0%B5%D0%BE%D0%B4%D0%BD%D0%BE%D0%B7%D0%BD%D0%B0%D1%87%D0%BD%D0%BE%D1%81%D1%82%D0%B8
fallacies,1125,ru,https://ru.wikipedia.org/wiki/%D0%AD%D1%84%D1%84%D0%B5%D0%BA%D1%82_%D0%BD%D0%B5%D0%BE%D0%B4%D0%BD%D0%BE%D0%B7%D0%BD%D0%B0%D1%87%D0%BD%D0%BE%D1%81%D1%82%D0%B8
fallacies,1135,ru,https://ru.wikipedia.org/wiki/%D0%9F%D1%80%D0%B8%D1%83%D0%BA%D1%80%D0%B0%D1%88%D0%B8%D0%B2%D0%B0%D0%BD%D0%B8%D0%B5_%D0%BF%D1%80%D0%BE%D1%88%D0%BB%D0%BE%D0%B3%D0%BE
fallacies,1137,ru,https://ru.wikipedia.org/wiki/%D0%9D%D0%B5%D0%BF%D1%80%D0%B8%D1%8F%D1%82%D0%B8%D0%B5_%D0%BF%D0%BE%D1%82%D0%B5%D1%80%D0%B8
fallacies,1139,ru,https://ru.wikipedia.org/wiki/%D0%9E%D1%82%D0%BA%D0%BB%D0%BE%D0%BD%D0%B5%D0%BD%D0%B8%D0%B5_%D0%B2_%D1%81%D1%82%D0%BE%D1%80%D0%BE%D0%BD%D1%83_%D1%81%D1%82%D0%B0%D1%82%D1%83%D1%81-%D0%BA%D0%B2%D0%BE
fallacies,1141,ru,https://ru.wikipedia.org/wiki/%D0%A1%D0%BF%D0%B8%D1%81%D0%BE%D0%BA_%D0%BA%D0%BE%D0%B3%D0%BD%D0%B8%D1%82%D0%B8%D0%B2%D0%BD%D1%8B%D1%85_%D0%B8%D1%81%D0%BA%D0%B0%D0%B6%D0%B5%D0%BD%D0%B8%D0%B9
fallacies,1142,ru,https://ru.wikipedia.org/wiki/%D0%A0%D0%B5%D0%B0%D0%BA%D1%82%D0%B8%D0%B2%D0%BD%D0%BE%D0%B5_%D1%81%D0%BE%D0%BF%D1%80%D0%BE%D1%82%D0%B8%D0%B2%D0%BB%D0%B5%D0%BD%D0%B8%D0%B5_%28%D0%BF%D1%81%D0%B8%D1%85%D0%BE%D0%BB%D0%BE%D0%B3%D0%B8%D1%8F%29
fallacies,1143,ru,https://ru.wikipedia.org/wiki/%D0%9D%D0%B5%D0%B4%D0%BE%D0%BE%D1%86%D0%B5%D0%BD%D0%BA%D0%B0_%D0%B1%D0%B5%D0%B7%D0%B4%D0%B5%D0%B9%D1%81%D1%82%D0%B2%D0%B8%D1%8F
fallacies,1145,ru,https://ru.wikipedia.org/wiki/%D0%97%D0%B0%D0%BA%D0%BE%D0%BD_%D1%82%D1%80%D0%B8%D0%B2%D0%B8%D0%B0%D0%BB%D1%8C%D0%BD%D0%BE%D1%81%D1%82%D0%B8
fallacies,1146,ru,https://ru.wikipedia.org/wiki/%D0%AD%D0%B3%D0%BE%D1%86%D0%B5%D0%BD%D1%82%D1%80%D0%B8%D1%87%D0%B5%D1%81%D0%BA%D0%BE%D0%B5_%D0%B8%D1%81%D0%BA%D0%B0%D0%B6%D0%B5%D0%BD%D0%B8%D0%B5
fallacies,1147,ru,https://ru.wikipedia.org/wiki/%D0%A1%D0%B8%D1%81%D1%82%D0%B5%D0%BC%D0%B0%D1%82%D0%B8%D1%87%D0%B5%D1%81%D0%BA%D0%B0%D1%8F_%D0%BE%D1%88%D0%B8%D0%B1%D0%BA%D0%B0_%D1%81%D0%BE%D0%B3%D0%BB%D0%B0%D1%81%D0%BE%D0%B2%D0%B0%D0%BD%D0%BD%D0%BE%D1%81%D1%82%D0%B8
fallacies,1149,ru,https://ru.wikipedia.org/wiki/%D0%A1%D0%BF%D0%B8%D1%81%D0%BE%D0%BA_%D0%BA%D0%BE%D0%B3%D0%BD%D0%B8%D1%82%D0%B8%D0%B2%D0%BD%D1%8B%D1%85_%D0%B8%D1%81%D0%BA%D0%B0%D0%B6%D0%B5%D0%BD%D0%B8%D0%B9
fallacies,1150,ru,https://ru.wikipedia.org/wiki/%D0%AD%D1%84%D1%84%D0%B5%D0%BA%D1%82_IKEA
fallacies,1151,ru,https://ru.wikipedia.org/wiki/%D0%9D%D0%B5%D0%B2%D0%BE%D0%B7%D0%B2%D1%80%D0%B0%D1%82%D0%BD%D1%8B%D0%B5_%D0%B7%D0%B0%D1%82%D1%80%D0%B0%D1%82%D1%8B
fallacies,1153,ru,https://ru.wikipedia.org/wiki/%D0%A1%D0%BF%D0%B8%D1%81%D0%BE%D0%BA_%D0%BA%D0%BE%D0%B3%D0%BD%D0%B8%D1%82%D0%B8%D0%B2%D0%BD%D1%8B%D1%85_%D0%B8%D1%81%D0%BA%D0%B0%D0%B6%D0%B5%D0%BD%D0%B8%D0%B9
fallacies,1155,ru,https://ru.wikipedia.org/wiki/%D0%97%D0%BD%D0%B0%D0%BD%D0%B8%D0%B5_%D0%B7%D0%B0%D0%B4%D0%BD%D0%B8%D0%BC_%D1%87%D0%B8%D1%81%D0%BB%D0%BE%D0%BC
fallacies,1156,ru,https://ru.wikipedia.org/wiki/%D0%98%D1%81%D0%BA%D0%B0%D0%B6%D0%B5%D0%BD%D0%B8%D0%B5_%D0%B2_%D0%B2%D0%BE%D1%81%D0%BF%D1%80%D0%B8%D1%8F%D1%82%D0%B8%D0%B8_%D1%81%D0%B4%D0%B5%D0%BB%D0%B0%D0%BD%D0%BD%D0%BE%D0%B3%D0%BE_%D0%B2%D1%8B%D0%B1%D0%BE%D1%80%D0%B0
fallacies,1157,ru,https://ru.wikipedia.org/wiki/%D0%AD%D1%84%D1%84%D0%B5%D0%BA%D1%82_%D0%B2%D0%BB%D0%B0%D0%B4%D0%B5%D0%BD%D0%B8%D1%8F
fallacies,1159,ru,https://ru.wikipedia.org/wiki/%D0%AD%D1%84%D1%84%D0%B5%D0%BA%D1%82_%D1%81%D1%82%D1%80%D0%B0%D1%83%D1%81%D0%B0
fallacies,1163,ru,https://ru.wikipedia.org/wiki/%D0%9C%D0%BE%D1%80%D0%B0%D0%BB%D1%8C%D0%BD%D0%BE%D0%B5_%D1%81%D0%B0%D0%BC%D0%BE%D0%BB%D0%B8%D1%86%D0%B5%D0%BD%D0%B7%D0%B8%D1%80%D0%BE%D0%B2%D0%B0%D0%BD%D0%B8%D0%B5
fallacies,1166,ru,https://ru.wikipedia.org/wiki/%D0%A4%D0%B8%D1%88%D0%BA%D0%B0_%D0%B4%D0%B0%D0%BB%D1%8C%D1%88%D0%B5_%D0%BD%D0%B5_%D0%B8%D0%B4%D1%91%D1%82
fallacies,1167,ru,https://ru.wikipedia.org/wiki/%D0%9E%D0%B1%D0%B2%D0%B8%D0%BD%D0%B5%D0%BD%D0%B8%D0%B5_%D0%B6%D0%B5%D1%80%D1%82%D0%B2%D1%8B
fallacies,1173,ru,https://ru.wikipedia.org/wiki/%D0%AD%D0%B3%D0%BE%D1%82%D0%B8%D0%B7%D0%BC
fallacies,1176,ru,https://ru.wikipedia.org/wiki/%D0%90%D1%81%D0%B8%D0%BC%D0%BC%D0%B5%D1%82%D1%80%D0%B8%D1%8F_%D0%B4%D0%B5%D1%8F%D1%82%D0%B5%D0%BB%D1%8C-%D0%BD%D0%B0%D0%B1%D0%BB%D1%8E%D0%B4%D0%B0%D1%82%D0%B5%D0%BB%D1%8C
fallacies,1178,ru,https://ru.wikipedia.org/wiki/%D0%A4%D1%83%D0%BD%D0%B4%D0%B0%D0%BC%D0%B5%D0%BD%D1%82%D0%B0%D0%BB%D1%8C%D0%BD%D0%B0%D1%8F_%D0%BE%D1%88%D0%B8%D0%B1%D0%BA%D0%B0_%D0%B0%D1%82%D1%80%D0%B8%D0%B1%D1%83%D1%86%D0%B8%D0%B8
fallacies,1187,ru,https://ru.wikipedia.org/wiki/%D0%A1%D0%B8%D0%BD%D0%B4%D1%80%D0%BE%D0%BC_%D0%BD%D0%B5%D0%BF%D1%80%D0%B8%D1%8F%D1%82%D0%B8%D1%8F_%D1%87%D1%83%D0%B6%D0%BE%D0%B9_%D1%80%D0%B0%D0%B7%D1%80%D0%B0%D0%B1%D0%BE%D1%82%D0%BA%D0%B8
fallacies,1188,ru,https://ru.wikipedia.org/wiki/%D0%93%D1%80%D1%83%D0%BF%D0%BF%D0%BE%D0%B2%D0%BE%D0%B9_%D0%BD%D0%B0%D1%80%D1%86%D0%B8%D1%81%D1%81%D0%B8%D0%B7%D0%BC
fallacies,1189,ru,https://ru.wikipedia.org/wiki/%D0%9E%D1%81%D1%82%D1%80%D0%BE%D0%B2%D0%BD%D0%BE%D0%B9_%D0%BC%D0%B5%D0%BD%D1%82%D0%B0%D0%BB%D0%B8%D1%82%D0%B5%D1%82
fallacies,1190,ru,https://ru.wikipedia.org/wiki/%D0%92%D0%BD%D1%83%D1%82%D1%80%D0%B8%D0%B3%D1%80%D1%83%D0%BF%D0%BF%D0%BE%D0%B2%D0%BE%D0%B9_%D1%84%D0%B0%D0%B2%D0%BE%D1%80%D0%B8%D1%82%D0%B8%D0%B7%D0%BC
fallacies,1191,ru,https://ru.wikipedia.org/wiki/%D0%AD%D1%84%D1%84%D0%B5%D0%BA%D1%82_%D0%BE%D0%B4%D0%BD%D0%BE%D1%80%D0%BE%D0%B4%D0%BD%D0%BE%D1%81%D1%82%D0%B8_%D1%87%D1%83%D0%B6%D0%BE%D0%B9_%D0%B3%D1%80%D1%83%D0%BF%D0%BF%D1%8B
fallacies,1194,ru,https://ru.wikipedia.org/wiki/%D0%A2%D0%B5%D0%BE%D1%80%D0%B8%D1%8F_%D0%B7%D0%B0%D0%B3%D0%BE%D0%B2%D0%BE%D1%80%D0%B0
fallacies,1199,ru,https://ru.wikipedia.org/wiki/%D0%A1%D1%82%D0%B5%D1%80%D0%B5%D0%BE%D1%82%D0%B8%D0%BF
fallacies,1209,ru,https://ru.wikipedia.org/wiki/%D0%A0%D0%B5%D0%BB%D0%B8%D0%B3%D0%B8%D0%BE%D0%B7%D0%BD%D0%B0%D1%8F_%D0%B4%D0%B8%D1%81%D0%BA%D1%80%D0%B8%D0%BC%D0%B8%D0%BD%D0%B0%D1%86%D0%B8%D1%8F
fallacies,1210,ru,https://ru.wikipedia.org/wiki/%D0%9A%D0%BB%D0%B0%D1%81%D1%81%D0%BE%D0%B2%D0%B0%D1%8F_%D0%B4%D0%B8%D1%81%D0%BA%D1%80%D0%B8%D0%BC%D0%B8%D0%BD%D0%B0%D1%86%D0%B8%D1%8F
fallacies,1212,ru,https://ru.wikipedia.org/wiki/%D0%9B%D1%83%D0%BA%D0%B8%D0%B7%D0%BC
fallacies,1214,ru,https://ru.wikipedia.org/wiki/%D0%94%D0%B8%D1%81%D0%BA%D1%80%D0%B8%D0%BC%D0%B8%D0%BD%D0%B0%D1%86%D0%B8%D1%8F_%D0%BF%D0%BE_%D0%B2%D0%BE%D0%B7%D1%80%D0%B0%D1%81%D1%82%D1%83
fallacies,1215,ru,https://ru.wikipedia.org/wiki/%D0%9A%D1%83%D0%BB%D1%8C%D1%82%D1%83%D1%80%D0%BD%D0%BE%D0%B5_%D0%BD%D0%B8%D0%B7%D0%BA%D0%BE%D0%BF%D0%BE%D0%BA%D0%BB%D0%BE%D0%BD%D1%81%D1%82%D0%B2%D0%BE
fallacies,1219,ru,https://ru.wikipedia.org/wiki/%D0%9C%D0%B0%D0%BB%D0%B8%D0%BD%D1%87%D0%B8%D0%B7%D0%BC
fallacies,1222,ru,https://ru.wikipedia.org/wiki/%D0%AD%D1%81%D0%BA%D0%B0%D0%BF%D0%B8%D0%B7%D0%BC
fallacies,1223,ru,https://ru.wikipedia.org/wiki/%D0%9F%D1%80%D0%B8%D0%BC%D0%B8%D1%82%D0%B8%D0%B2%D0%B8%D0%B7%D0%BC
fallacies,1224,ru,https://ru.wikipedia.org/wiki/%D0%9A%D1%83%D0%BB%D1%8C%D1%82%D1%83%D1%80%D0%BD%D0%B0%D1%8F_%D0%B0%D0%BF%D1%80%D0%BE%D0%BF%D1%80%D0%B8%D0%B0%D1%86%D0%B8%D1%8F
fallacies,1225,ru,https://ru.wikipedia.org/wiki/%D0%A4%D1%83%D0%BD%D0%BA%D1%86%D0%B8%D0%BE%D0%BD%D0%B0%D0%BB%D1%8C%D0%BD%D0%B0%D1%8F_%D0%B7%D0%B0%D0%BA%D1%80%D0%B5%D0%BF%D0%BB%D1%91%D0%BD%D0%BD%D0%BE%D1%81%D1%82%D1%8C
fallacies,1226,ru,https://ru.wikipedia.org/wiki/%D0%A1%D1%83%D0%B1%D1%8A%D0%B5%D0%BA%D1%82%D0%B8%D0%B2%D0%BD%D0%BE%D1%81%D1%82%D1%8C
fallacies,1228,ru,https://ru.wikipedia.org/wiki/%D0%AD%D1%84%D1%84%D0%B5%D0%BA%D1%82_%D0%B4%D0%B5%D0%B7%D0%B8%D0%BD%D1%84%D0%BE%D1%80%D0%BC%D0%B0%D1%86%D0%B8%D0%B8
fallacies,1229,ru,https://ru.wikipedia.org/wiki/%D0%AD%D1%84%D1%84%D0%B5%D0%BA%D1%82_%D1%81%D0%BE%D1%86%D0%B8%D0%B0%D0%BB%D1%8C%D0%BD%D0%BE%D0%B9_%D0%B6%D0%B5%D0%BB%D0%B0%D1%82%D0%B5%D0%BB%D1%8C%D0%BD%D0%BE%D1%81%D1%82%D0%B8
fallacies,1231,ru,https://ru.wikipedia.org/wiki/%D0%93%D0%B0%D0%BB%D0%BE-%D1%8D%D1%84%D1%84%D0%B5%D0%BA%D1%82
fallacies,1232,ru,https://ru.wikipedia.org/wiki/%D0%AD%D1%84%D1%84%D0%B5%D0%BA%D1%82_%D0%B0%D0%B2%D1%82%D0%BE%D1%80%D0%B8%D1%82%D0%B5%D1%82%D0%B0
fallacies,1234,ru,https://ru.wikipedia.org/wiki/%D0%AD%D1%84%D1%84%D0%B5%D0%BA%D1%82_%D0%BF%D1%80%D0%B8%D1%81%D0%BE%D0%B5%D0%B4%D0%B8%D0%BD%D0%B5%D0%BD%D0%B8%D1%8F_%D0%BA_%D0%B1%D0%BE%D0%BB%D1%8C%D1%88%D0%B8%D0%BD%D1%81%D1%82%D0%B2%D1%83
fallacies,1235,ru,https://ru.wikipedia.org/wiki/%D0%A4%D0%B5%D0%BD%D0%BE%D0%BC%D0%B5%D0%BD_%D1%81%D0%B4%D0%B2%D0%B8%D0%B3%D0%B0_%D1%80%D0%B8%D1%81%D0%BA%D0%B0
fallacies,1237,ru,https://ru.wikipedia.org/wiki/%D0%9C%D0%B5%D0%BD%D1%82%D0%B0%D0%BB%D1%8C%D0%BD%D1%8B%D0%B9_%D1%83%D1%87%D1%91%D1%82
fallacies,1238,ru,https://ru.wikipedia.org/wiki/%D0%AD%D1%84%D1%84%D0%B5%D0%BA%D1%82_%D1%86%D0%B5%D0%BD%D0%BD%D0%BE%D1%81%D1%82%D0%B8_%D0%B4%D0%B5%D0%BD%D0%B5%D0%B6%D0%BD%D1%8B%D1%85_%D0%B7%D0%BD%D0%B0%D0%BA%D0%BE%D0%B2
fallacies,1239,ru,https://ru.wikipedia.org/wiki/%D0%AD%D1%84%D1%84%D0%B5%D0%BA%D1%82_%C2%AB%D0%BC%D0%B5%D0%BD%D1%8C%D1%88%D0%B5_%E2%80%94_%D0%BB%D1%83%D1%87%D1%88%D0%B5%C2%BB
fallacies,1241,ru,https://ru.wikipedia.org/wiki/%D0%94%D0%B5%D0%BD%D0%B5%D0%B6%D0%BD%D0%B0%D1%8F_%D0%B8%D0%BB%D0%BB%D1%8E%D0%B7%D0%B8%D1%8F
fallacies,1247,ru,https://ru.wikipedia.org/wiki/%D0%9B%D0%BE%D0%B3%D0%BE%D1%86%D0%B5%D0%BD%D1%82%D1%80%D0%B8%D0%B7%D0%BC
fallacies,1250,ru,https://ru.wikipedia.org/wiki/%D0%9F%D0%BE%D0%B7%D0%B8%D1%82%D0%B8%D0%B2%D0%B8%D0%B7%D0%BC
fallacies,1253,ru,https://ru.wikipedia.org/wiki/%D0%91%D0%B8%D1%85%D0%B5%D0%B2%D0%B8%D0%BE%D1%80%D0%B8%D0%B7%D0%BC
fallacies,1254,ru,https://ru.wikipedia.org/wiki/%D0%9B%D0%BE%D0%B3%D0%B8%D1%87%D0%B5%D1%81%D0%BA%D0%B8%D0%B9_%D0%BF%D0%BE%D0%B7%D0%B8%D1%82%D0%B8%D0%B2%D0%B8%D0%B7%D0%BC
fallacies,1257,ru,https://ru.wikipedia.org/wiki/%D0%A1%D1%83%D0%B1%D1%8A%D0%B5%D0%BA%D1%82%D0%B8%D0%B2%D0%BD%D1%8B%D0%B9_%D0%B8%D0%B4%D0%B5%D0%B0%D0%BB%D0%B8%D0%B7%D0%BC
fallacies,1260,ru,https://ru.wikipedia.org/wiki/%D0%90%D0%B2%D1%82%D0%BE%D1%80%D0%B8%D1%82%D0%B0%D1%80%D0%B8%D0%B7%D0%BC
fallacies,1263,ru,https://ru.wikipedia.org/wiki/%D0%AD%D0%BA%D1%81%D1%82%D1%80%D0%B5%D0%BC%D0%B8%D0%B7%D0%BC
fallacies,1266,ru,https://ru.wikipedia.org/wiki/%D0%A1%D0%B5%D0%BA%D1%82%D0%B0%D0%BD%D1%82%D1%81%D1%82%D0%B2%D0%BE
fallacies,1301,ru,https://ru.wikipedia.org/wiki/Ad_nauseam
fallacies,1303,ru,https://ru.wikipedia.org/wiki/%D0%9A%D0%B0%D1%80%D1%84%D0%B0%D0%B3%D0%B5%D0%BD_%D0%B4%D0%BE%D0%BB%D0%B6%D0%B5%D0%BD_%D0%B1%D1%8B%D1%82%D1%8C_%D1%80%D0%B0%D0%B7%D1%80%D1%83%D1%88%D0%B5%D0%BD
fallacies,1307,ru,https://ru.wikipedia.org/wiki/%D0%94%D0%B5%D0%BD%D0%B8%D0%B0%D0%BB%D0%B8%D0%B7%D0%BC
fallacies,1308,ru,https://ru.wikipedia.org/wiki/%D0%A4%D0%B0%D0%BB%D1%8C%D1%81%D0%B8%D1%84%D0%B8%D0%BA%D0%B0%D1%86%D0%B8%D1%8F_%D0%B8%D1%81%D1%82%D0%BE%D1%80%D0%B8%D0%B8
fallacies,1311,ru,https://ru.wikipedia.org/wiki/%D0%91%D0%BE%D0%BB%D1%8C%D1%88%D0%B0%D1%8F_%D0%BB%D0%BE%D0%B6%D1%8C
fallacies,1314,ru,https://ru.wikipedia.org/wiki/%D0%9E%D1%82%D0%B2%D0%BB%D0%B5%D0%BA%D0%B0%D1%8E%D1%89%D0%B8%D0%B9_%D0%BC%D0%B0%D0%BD%D1%91%D0%B2%D1%80
fallacies,1318,ru,https://ru.wikipedia.org/wiki/%D0%A1%D1%82%D1%80%D0%B0%D1%82%D0%B5%D0%B3%D0%B8%D1%8F_%D0%BC%D1%91%D1%80%D1%82%D0%B2%D0%BE%D0%B9_%D0%BA%D0%BE%D1%88%D0%BA%D0%B8
fallacies,1326,ru,https://ru.wikipedia.org/wiki/%D0%90%D0%BF%D0%B5%D0%BB%D0%BB%D1%8F%D1%86%D0%B8%D1%8F_%D0%BA_%D0%B1%D0%BE%D0%BB%D1%8C%D1%88%D0%B8%D0%BD%D1%81%D1%82%D0%B2%D1%83
fallacies,1330,ru,https://ru.wikipedia.org/wiki/%D0%97%D0%B0%D1%89%D0%B8%D1%82%D0%B0_%D0%A7%D1%83%D0%B1%D0%B0%D0%BA%D0%BA%D0%B8
fallacies,1344,ru,https://ru.wikipedia.org/wiki/%D0%A4%D0%B8%D1%88%D0%BA%D0%B0_%D0%B4%D0%B0%D0%BB%D1%8C%D1%88%D0%B5_%D0%BD%D0%B5_%D0%B8%D0%B4%D1%91%D1%82
fallacies,1360,ru,https://ru.wikipedia.org/wiki/%D0%90%D0%BF%D0%B5%D0%BB%D0%BB%D1%8F%D1%86%D0%B8%D1%8F_%D0%BA_%D0%BB%D0%B8%D1%87%D0%BD%D0%BE%D1%81%D1%82%D0%B8
fallacies,1365,ru,https://ru.wikipedia.org/wiki/%D0%9F%D0%BE%D0%B4%D0%BC%D0%B5%D0%BD%D0%B0_%D1%82%D0%B5%D0%B7%D0%B8%D1%81%D0%B0
fallacies,1379,ru,https://ru.wikipedia.org/wiki/%D0%94%D0%B5%D0%B3%D1%83%D0%BC%D0%B0%D0%BD%D0%B8%D0%B7%D0%B0%D1%86%D0%B8%D1%8F
fallacies,1380,ru,https://ru.wikipedia.org/wiki/%D0%94%D0%B5%D0%BC%D0%BE%D0%BD%D0%B8%D0%B7%D0%B0%D1%86%D0%B8%D1%8F_%D0%B2%D1%80%D0%B0%D0%B3%D0%B0
fallacies,1381,ru,https://ru.wikipedia.org/wiki/%D0%90%D0%BF%D0%B5%D0%BB%D0%BB%D1%8F%D1%86%D0%B8%D1%8F_%D0%BA_%D0%BB%D0%B8%D1%87%D0%BD%D0%BE%D1%81%D1%82%D0%B8
fallacies,1399,ru,https://ru.wikipedia.org/wiki/%D0%9A%D0%BE%D0%BD%D1%82%D1%80%D0%BE%D0%BB%D1%8C_%D1%82%D0%BE%D0%BD%D0%B0_%28%D1%82%D0%B0%D0%BA%D1%82%D0%B8%D0%BA%D0%B0_%D0%B2_%D0%B4%D0%B5%D0%B1%D0%B0%D1%82%D0%B0%D1%85%29
fallacies,3,pt,https://pt.wikipedia.org/wiki/Argumentum_ad_ignorantiam
fallacies,21,pt,https://pt.wikipedia.org/wiki/Silogismo_do_pol%C3%ADtico
fallacies,22,pt,https://pt.wikipedia.org/wiki/Salto_da_f%C3%A9
fallacies,29,pt,https://pt.wikipedia.org/wiki/Snowclone
fallacies,31,pt,https://pt.wikipedia.org/wiki/Lapalissada
fallacies,52,pt,https://pt.wikipedia.org/wiki/Fal%C3%A1cia_da_proje%C3%A7%C3%A3o_mental
fallacies,53,pt,https://pt.wikipedia.org/wiki/Racioc%C3%ADnio_emocional
fallacies,65,pt,https://pt.wikipedia.org/wiki/Fal%C3%A1cia_do_escoc%C3%AAs_de_verdade
fallacies,66,pt,https://pt.wikipedia.org/wiki/Vi%C3%A9s_de_confirma%C3%A7%C3%A3o
fallacies,71,pt,https://pt.wikipedia.org/wiki/Argumentum_ad_verecundiam
fallacies,72,pt,https://pt.wikipedia.org/wiki/Argumentum_ad_verecundiam
fallacies,78,pt,https://pt.wikipedia.org/wiki/Argumentum_ad_verecundiam
fallacies,85,pt,https://pt.wikipedia.org/wiki/Argumentum_ad_verecundiam
fallacies,98,pt,https://pt.wikipedia.org/wiki/Argumentum_ad_populum
fallacies,103,pt,https://pt.wikipedia.org/wiki/Ignor%C3%A2ncia_plural%C3%ADstica
fallacies,106,pt,https://pt.wikipedia.org/wiki/N%C3%A3o_inventado_aqui
fallacies,111,pt,https://pt.wikipedia.org/wiki/Bom_selvagem
fallacies,112,pt,https://pt.wikipedia.org/wiki/Fal%C3%A1cia_moralista
fallacies,115,pt,https://pt.wikipedia.org/wiki/Argumentum_ad_novitatem
fallacies,116,pt,https://pt.wikipedia.org/wiki/Esnobismo_cronol%C3%B3gico
fallacies,118,pt,https://pt.wikipedia.org/wiki/Esnobismo
fallacies,119,pt,https://pt.wikipedia.org/wiki/Elitismo
fallacies,128,pt,https://pt.wikipedia.org/wiki/Argumentum_ad_crumenam
fallacies,129,pt,https://pt.wikipedia.org/wiki/Argumentum_ad_lazarum
fallacies,138,pt,https://pt.wikipedia.org/wiki/Efeito_poste_de_luz
fallacies,141,pt,https://pt.wikipedia.org/wiki/Vi%C3%A9s_de_retrospectiva
fallacies,154,pt,https://pt.wikipedia.org/wiki/Argumento_ad_logicam
fallacies,157,pt,https://pt.wikipedia.org/wiki/Follow_the_money
fallacies,158,pt,https://pt.wikipedia.org/wiki/Julgamento_da_inten%C3%A7%C3%A3o
fallacies,159,pt,https://pt.wikipedia.org/wiki/Intencionalidade_autoral
fallacies,160,pt,https://pt.wikipedia.org/wiki/Julgamento_da_inten%C3%A7%C3%A3o
fallacies,165,pt,https://pt.wikipedia.org/wiki/Navalha_de_Ockham
fallacies,167,pt,https://pt.wikipedia.org/wiki/Princ%C3%ADpio_de_caridade
fallacies,168,pt,https://pt.wikipedia.org/wiki/Fal%C3%A1cia_do_espantalho
fallacies,171,pt,https://pt.wikipedia.org/wiki/Fal%C3%A1cia_pat%C3%A9tica
fallacies,173,pt,https://pt.wikipedia.org/wiki/Pareidolia
fallacies,175,pt,https://pt.wikipedia.org/wiki/Influ%C3%AAncia_social
fallacies,179,pt,https://pt.wikipedia.org/wiki/Pergunta_complexa
fallacies,183,pt,https://pt.wikipedia.org/wiki/Petitio_principii
fallacies,185,pt,https://pt.wikipedia.org/wiki/Clich%C3%AA
fallacies,190,pt,https://pt.wikipedia.org/wiki/Prova_por_intimida%C3%A7%C3%A3o
fallacies,192,pt,https://pt.wikipedia.org/wiki/Express%C3%A3o_prolixa
fallacies,202,pt,https://pt.wikipedia.org/wiki/Obscurantismo
fallacies,209,pt,https://pt.wikipedia.org/wiki/Manchete
fallacies,210,pt,https://pt.wikipedia.org/wiki/Manchete
fallacies,222,pt,https://pt.wikipedia.org/wiki/Humor_absurdo
fallacies,224,pt,https://pt.wikipedia.org/wiki/Burlesco
fallacies,225,pt,https://pt.wikipedia.org/wiki/Paradoxo_do_mentiroso
fallacies,229,pt,https://pt.wikipedia.org/wiki/Duplo_sentido
fallacies,235,pt,https://pt.wikipedia.org/wiki/Par%C3%B3dia
fallacies,238,pt,https://pt.wikipedia.org/wiki/Ironia
fallacies,239,pt,https://pt.wikipedia.org/wiki/Ironia
fallacies,240,pt,https://pt.wikipedia.org/wiki/Ironia
fallacies,241,pt,https://pt.wikipedia.org/wiki/Sarcasmo
fallacies,242,pt,https://pt.wikipedia.org/wiki/Deadpan
fallacies,246,pt,https://pt.wikipedia.org/wiki/Niilismo
fallacies,251,pt,https://pt.wikipedia.org/wiki/Eufonia
fallacies,253,pt,https://pt.wikipedia.org/wiki/Metaplasmo
fallacies,254,pt,https://pt.wikipedia.org/wiki/Assimila%C3%A7%C3%A3o_%28fonologia%29
fallacies,259,pt,https://pt.wikipedia.org/wiki/An%C3%A1fora
fallacies,260,pt,https://pt.wikipedia.org/wiki/Ep%C3%ADstrofe
fallacies,267,pt,https://pt.wikipedia.org/wiki/Hend%C3%ADade
fallacies,268,pt,https://pt.wikipedia.org/wiki/Zeugma
fallacies,270,pt,https://pt.wikipedia.org/wiki/Par%C3%A1frase
fallacies,272,pt,https://pt.wikipedia.org/wiki/Tautologia
fallacies,273,pt,https://pt.wikipedia.org/wiki/Elipse_%28figura_de_estilo%29
fallacies,275,pt,https://pt.wikipedia.org/wiki/Ant%C3%ADfrase
fallacies,278,pt,https://pt.wikipedia.org/wiki/Zeugma
fallacies,279,pt,https://pt.wikipedia.org/wiki/Zeugma
fallacies,280,pt,https://pt.wikipedia.org/wiki/Alus%C3%A3o
fallacies,286,pt,https://pt.wikipedia.org/wiki/Metalepse
fallacies,287,pt,https://pt.wikipedia.org/wiki/Prolepse
fallacies,288,pt,https://pt.wikipedia.org/wiki/Per%C3%ADfrase
fallacies,299,pt,https://pt.wikipedia.org/wiki/Apelo_%C3%A0_emo%C3%A7%C3%A3o
fallacies,302,pt,https://pt.wikipedia.org/wiki/Efeito_Aur%C3%A9ola
fallacies,304,pt,https://pt.wikipedia.org/wiki/Wishful_thinking
fallacies,310,pt,https://pt.wikipedia.org/wiki/Panem_et_circenses
fallacies,313,pt,https://pt.wikipedia.org/wiki/Apelo_%C3%A0_vaidade
fallacies,314,pt,https://pt.wikipedia.org/wiki/Captatio_benevolenti%C3%A6
fallacies,319,pt,https://pt.wikipedia.org/wiki/Argumentum_ad_misericordiam
fallacies,320,pt,https://pt.wikipedia.org/wiki/Pense_nas_criancinhas
fallacies,324,pt,https://pt.wikipedia.org/wiki/Apelo_ao_rid%C3%ADculo
fallacies,337,pt,https://pt.wikipedia.org/wiki/Argumentum_ad_metum
fallacies,338,pt,https://pt.wikipedia.org/wiki/Medo%2C_incerteza_e_d%C3%BAvida
fallacies,339,pt,https://pt.wikipedia.org/wiki/P%C3%A2nico_moral
fallacies,340,pt,https://pt.wikipedia.org/wiki/Argumentum_ad_consequentiam
fallacies,343,pt,https://pt.wikipedia.org/wiki/Argumentum_ad_baculum
fallacies,350,pt,https://pt.wikipedia.org/wiki/Mansplaining
fallacies,358,pt,https://pt.wikipedia.org/wiki/Enquadramento_noticioso
fallacies,370,pt,https://pt.wikipedia.org/wiki/Efeito_Forer
fallacies,373,pt,https://pt.wikipedia.org/wiki/Leitura_a_frio
fallacies,374,pt,https://pt.wikipedia.org/wiki/Leitura_a_frio
fallacies,375,pt,https://pt.wikipedia.org/wiki/Leitura_a_frio
fallacies,378,pt,https://pt.wikipedia.org/wiki/Rapport_%28conceito%29
fallacies,384,pt,https://pt.wikipedia.org/wiki/Condicionamento_operante
fallacies,385,pt,https://pt.wikipedia.org/wiki/Cenoura_e_porrete
fallacies,386,pt,https://pt.wikipedia.org/wiki/Pedagogia_venenosa
fallacies,391,pt,https://pt.wikipedia.org/wiki/Refor%C3%A7o
fallacies,392,pt,https://pt.wikipedia.org/wiki/Profecia_autorrealiz%C3%A1vel
fallacies,399,pt,https://pt.wikipedia.org/wiki/Efeito_Pigmale%C3%A3o
fallacies,401,pt,https://pt.wikipedia.org/wiki/Efeito_Mateus
fallacies,405,pt,https://pt.wikipedia.org/wiki/Ilusionismo
fallacies,410,pt,https://pt.wikipedia.org/wiki/Est%C3%ADmulo_subliminar
fallacies,412,pt,https://pt.wikipedia.org/wiki/Hans_Esperto
fallacies,414,pt,https://pt.wikipedia.org/wiki/Engenharia_social_%28ci%C3%AAncia_pol%C3%ADtica%29
fallacies,415,pt,https://pt.wikipedia.org/wiki/Arquitetura_da_escolha
fallacies,417,pt,https://pt.wikipedia.org/wiki/Ca%C3%A7a-clique
fallacies,422,pt,https://pt.wikipedia.org/wiki/Ingracia%C3%A7%C3%A3o
fallacies,423,pt,https://pt.wikipedia.org/wiki/Ostenta%C3%A7%C3%A3o
fallacies,426,pt,https://pt.wikipedia.org/wiki/Bombardeio_de_amor
fallacies,427,pt,https://pt.wikipedia.org/wiki/L%C3%A1grimas_de_crocodilo
fallacies,433,pt,https://pt.wikipedia.org/wiki/Escalada_irracional_de_compromisso
fallacies,447,pt,https://pt.wikipedia.org/wiki/Teoria_do_etiquetamento_social
fallacies,455,pt,https://pt.wikipedia.org/wiki/Engenharia_social_%28seguran%C3%A7a%29
fallacies,458,pt,https://pt.wikipedia.org/wiki/Efeito_Stroop
fallacies,459,pt,https://pt.wikipedia.org/wiki/Gaslighting
fallacies,461,pt,https://pt.wikipedia.org/wiki/Culpa_%28sentimento%29
fallacies,464,pt,https://pt.wikipedia.org/wiki/Chantagem_emocional
fallacies,465,pt,https://pt.wikipedia.org/wiki/Desmoraliza%C3%A7%C3%A3o_%28guerra%29
fallacies,466,pt,https://pt.wikipedia.org/wiki/Intimida%C3%A7%C3%A3o
fallacies,468,pt,https://pt.wikipedia.org/wiki/Argumentum_ad_baculum
fallacies,470,pt,https://pt.wikipedia.org/wiki/Abuso_verbal
fallacies,472,pt,https://pt.wikipedia.org/wiki/Stresse_psicol%C3%B3gico
fallacies,479,pt,https://pt.wikipedia.org/wiki/Ass%C3%A9dio
fallacies,480,pt,https://pt.wikipedia.org/wiki/Sealioning
fallacies,481,pt,https://pt.wikipedia.org/wiki/Bullying_sexual
fallacies,482,pt,https://pt.wikipedia.org/wiki/Slut-shaming
fallacies,484,pt,https://pt.wikipedia.org/wiki/Stalking
fallacies,485,pt,https://pt.wikipedia.org/wiki/Comportamento_passivo-agressivo
fallacies,486,pt,https://pt.wikipedia.org/wiki/Tratamento_silencioso
fallacies,490,pt,https://pt.wikipedia.org/wiki/Stonewalling
fallacies,492,pt,https://pt.wikipedia.org/wiki/Vitimismo
fallacies,494,pt,https://pt.wikipedia.org/wiki/Del%C3%ADrio_persecut%C3%B3rio
fallacies,495,pt,https://pt.wikipedia.org/wiki/Triangula%C3%A7%C3%A3o_%28psicologia%29
fallacies,506,pt,https://pt.wikipedia.org/wiki/Mentalidade_de_caranguejo
fallacies,507,pt,https://pt.wikipedia.org/wiki/S%C3%ADndrome_da_papoula_alta
fallacies,510,pt,https://pt.wikipedia.org/wiki/Sicof%C3%A2ncia
fallacies,513,pt,https://pt.wikipedia.org/wiki/Fala_de_beb%C3%AA
fallacies,514,pt,https://pt.wikipedia.org/wiki/Paralingu%C3%ADstica
fallacies,515,pt,https://pt.wikipedia.org/wiki/Paralingu%C3%ADstica
fallacies,516,pt,https://pt.wikipedia.org/wiki/Paralingu%C3%ADstica
fallacies,517,pt,https://pt.wikipedia.org/wiki/Paralingu%C3%ADstica
fallacies,518,pt,https://pt.wikipedia.org/wiki/Cronemia
fallacies,520,pt,https://pt.wikipedia.org/wiki/Contato_visual
fallacies,521,pt,https://pt.wikipedia.org/wiki/Express%C3%A3o_facial
fallacies,522,pt,https://pt.wikipedia.org/wiki/Microexpress%C3%A3o
fallacies,523,pt,https://pt.wikipedia.org/wiki/Gesto
fallacies,526,pt,https://pt.wikipedia.org/wiki/Piscada
fallacies,528,pt,https://pt.wikipedia.org/wiki/Piscada
fallacies,533,pt,https://pt.wikipedia.org/wiki/Hang_loose
fallacies,534,pt,https://pt.wikipedia.org/wiki/Dedos_cruzados
fallacies,536,pt,https://pt.wikipedia.org/wiki/Beija-m%C3%A3o
fallacies,537,pt,https://pt.wikipedia.org/wiki/Sentido_%28militar%29
fallacies,538,pt,https://pt.wikipedia.org/wiki/Genuflex%C3%A3o
fallacies,539,pt,https://pt.wikipedia.org/wiki/Rever%C3%AAncia
fallacies,541,pt,https://pt.wikipedia.org/wiki/Cortesia_%28sauda%C3%A7%C3%A3o%29
fallacies,545,pt,https://pt.wikipedia.org/wiki/Tirar_o_chap%C3%A9u
fallacies,547,pt,https://pt.wikipedia.org/wiki/Sauda%C3%A7%C3%A3o_romana
fallacies,549,pt,https://pt.wikipedia.org/wiki/Rever%C3%AAncia
fallacies,550,pt,https://pt.wikipedia.org/wiki/Namast%C3%AA
fallacies,552,pt,https://pt.wikipedia.org/wiki/Sauda%C3%A7%C3%A3o_vulcana
fallacies,554,pt,https://pt.wikipedia.org/wiki/Sinal_da_cruz
fallacies,555,pt,https://pt.wikipedia.org/wiki/Prostra%C3%A7%C3%A3o
fallacies,556,pt,https://pt.wikipedia.org/wiki/Imposi%C3%A7%C3%A3o_de_m%C3%A3os
fallacies,558,pt,https://pt.wikipedia.org/wiki/Sauda%C3%A7%C3%A3o_nazista
fallacies,559,pt,https://pt.wikipedia.org/wiki/Punho_erguido
fallacies,563,pt,https://pt.wikipedia.org/wiki/Aplauso
fallacies,565,pt,https://pt.wikipedia.org/wiki/High_five
fallacies,566,pt,https://pt.wikipedia.org/wiki/Polegar_%28gesto%29
fallacies,568,pt,https://pt.wikipedia.org/wiki/V_%28gesto%29
fallacies,570,pt,https://pt.wikipedia.org/wiki/Punho_erguido
fallacies,572,pt,https://pt.wikipedia.org/wiki/Banana_%28gesto%29
fallacies,573,pt,https://pt.wikipedia.org/wiki/Dedo_m%C3%A9dio%23Como_gesto_obsceno
fallacies,574,pt,https://pt.wikipedia.org/wiki/Naraz
fallacies,575,pt,https://pt.wikipedia.org/wiki/M%C3%A3o_chifrada
fallacies,579,pt,https://pt.wikipedia.org/wiki/Polegar_%28gesto%29
fallacies,581,pt,https://pt.wikipedia.org/wiki/Facepalm
fallacies,586,pt,https://pt.wikipedia.org/wiki/Comunica%C3%A7%C3%A3o_prox%C3%AAmica
fallacies,587,pt,https://pt.wikipedia.org/wiki/Postura_%28psicologia%29
fallacies,591,pt,https://pt.wikipedia.org/wiki/Artefacto_cultural
fallacies,592,pt,https://pt.wikipedia.org/wiki/Comunica%C3%A7%C3%A3o_n%C3%A3o_verbal
fallacies,593,pt,https://pt.wikipedia.org/wiki/Comunica%C3%A7%C3%A3o_h%C3%A1ptica
fallacies,594,pt,https://pt.wikipedia.org/wiki/Fal%C3%A1cia_matem%C3%A1tica
fallacies,596,pt,https://pt.wikipedia.org/wiki/Amostra_enviesada
fallacies,598,pt,https://pt.wikipedia.org/wiki/Generaliza%C3%A7%C3%A3o_precipitada
fallacies,603,pt,https://pt.wikipedia.org/wiki/Evid%C3%AAncia_suprimida
fallacies,604,pt,https://pt.wikipedia.org/wiki/Heur%C3%ADstica_da_representatividade
fallacies,609,pt,https://pt.wikipedia.org/wiki/Vi%C3%A9s_de_sobreviv%C3%AAncia
fallacies,614,pt,https://pt.wikipedia.org/wiki/Dicto_simpliciter
fallacies,615,pt,https://pt.wikipedia.org/wiki/Dicto_secundum_quid_ad_dictum_simpliciter
fallacies,616,pt,https://pt.wikipedia.org/wiki/Fal%C3%A1cia_do_escoc%C3%AAs_de_verdade
fallacies,617,pt,https://pt.wikipedia.org/wiki/Invers%C3%A3o_do_acidente
fallacies,622,pt,https://pt.wikipedia.org/wiki/Composi%C3%A7%C3%A3o_%28fal%C3%A1cia%29
fallacies,623,pt,https://pt.wikipedia.org/wiki/Teoria_da_recapitula%C3%A7%C3%A3o
fallacies,625,pt,https://pt.wikipedia.org/wiki/Divis%C3%A3o_%28fal%C3%A1cia%29
fallacies,627,pt,https://pt.wikipedia.org/wiki/Paradoxo_de_Simpson
fallacies,633,pt,https://pt.wikipedia.org/wiki/Rela%C3%A7%C3%A3o_esp%C3%BAria
fallacies,634,pt,https://pt.wikipedia.org/wiki/Correla%C3%A7%C3%A3o_n%C3%A3o_implica_causalidade
fallacies,635,pt,https://pt.wikipedia.org/wiki/Post_hoc_ergo_propter_hoc
fallacies,645,pt,https://pt.wikipedia.org/wiki/Apelo_%C3%A0_probabilidade
fallacies,648,pt,https://pt.wikipedia.org/wiki/Fal%C3%A1cia_da_taxa-base
fallacies,650,pt,https://pt.wikipedia.org/wiki/Fal%C3%A1cia_do_promotor
fallacies,652,pt,https://pt.wikipedia.org/wiki/Ru%C3%ADna_do_jogador
fallacies,654,pt,https://pt.wikipedia.org/wiki/Fal%C3%A1cia_do_apostador
fallacies,657,pt,https://pt.wikipedia.org/wiki/Fal%C3%A1cia_da_conjun%C3%A7%C3%A3o
fallacies,659,pt,https://pt.wikipedia.org/wiki/Fal%C3%A1cia_do_continuum
fallacies,661,pt,https://pt.wikipedia.org/wiki/Argumento_do_regresso_%28epistemologia%29
fallacies,662,pt,https://pt.wikipedia.org/wiki/Regress%C3%A3o_infinita
fallacies,664,pt,https://pt.wikipedia.org/wiki/Regress%C3%A3o_infinita
fallacies,673,pt,https://pt.wikipedia.org/wiki/Argumentum_ad_temperantiam
fallacies,675,pt,https://pt.wikipedia.org/wiki/Fal%C3%A1cia_da_janela_quebrada
fallacies,683,pt,https://pt.wikipedia.org/wiki/Lista_de_paradoxos
fallacies,691,pt,https://pt.wikipedia.org/wiki/Fal%C3%A1cia_matem%C3%A1tica
fallacies,696,pt,https://pt.wikipedia.org/wiki/Fal%C3%A1cia
fallacies,698,pt,https://pt.wikipedia.org/wiki/Petitio_principii
fallacies,700,pt,https://pt.wikipedia.org/wiki/C%C3%ADrculo_cartesiano
fallacies,701,pt,https://pt.wikipedia.org/wiki/Pergunta_complexa
fallacies,702,pt,https://pt.wikipedia.org/wiki/Ignoratio_elenchi
fallacies,706,pt,https://pt.wikipedia.org/wiki/Distor%C3%A7%C3%A3o_cognitiva
fallacies,707,pt,https://pt.wikipedia.org/wiki/Invers%C3%A3o_de_causa_e_efeito
fallacies,708,pt,https://pt.wikipedia.org/wiki/Afirma%C3%A7%C3%A3o_do_consequente
fallacies,710,pt,https://pt.wikipedia.org/wiki/Necessidade_e_sufici%C3%AAncia
fallacies,714,pt,https://pt.wikipedia.org/wiki/Tu_quoque
fallacies,717,pt,https://pt.wikipedia.org/wiki/Fal%C3%A1cia_do_apostador
fallacies,719,pt,https://pt.wikipedia.org/wiki/Correla%C3%A7%C3%A3o_n%C3%A3o_implica_causalidade
fallacies,721,pt,https://pt.wikipedia.org/wiki/Causa_complexa
fallacies,722,pt,https://pt.wikipedia.org/wiki/Nega%C3%A7%C3%A3o_do_antecedente
fallacies,723,pt,https://pt.wikipedia.org/wiki/Distor%C3%A7%C3%A3o_cognitiva
fallacies,724,pt,https://pt.wikipedia.org/wiki/Terceira_causa
fallacies,725,pt,https://pt.wikipedia.org/wiki/Post_hoc_ergo_propter_hoc
fallacies,729,pt,https://pt.wikipedia.org/wiki/Nega%C3%A7%C3%A3o_do_antecedente
fallacies,731,pt,https://pt.wikipedia.org/wiki/Afirma%C3%A7%C3%A3o_do_consequente
fallacies,737,pt,https://pt.wikipedia.org/wiki/Prova_por_exemplo
fallacies,739,pt,https://pt.wikipedia.org/wiki/Fal%C3%A1cia_existencial
fallacies,740,pt,https://pt.wikipedia.org/wiki/Infer%C3%AAncia_imediata
fallacies,743,pt,https://pt.wikipedia.org/wiki/A_contrario
fallacies,744,pt,https://pt.wikipedia.org/wiki/Infer%C3%AAncia_imediata
fallacies,745,pt,https://pt.wikipedia.org/wiki/Infer%C3%AAncia_imediata
fallacies,746,pt,https://pt.wikipedia.org/wiki/Infer%C3%AAncia_imediata
fallacies,747,pt,https://pt.wikipedia.org/wiki/Infer%C3%AAncia_imediata
fallacies,749,pt,https://pt.wikipedia.org/wiki/Mudan%C3%A7a_de_quantificadores
fallacies,751,pt,https://pt.wikipedia.org/wiki/L%C3%B3gica_epist%C3%AAmica
fallacies,752,pt,https://pt.wikipedia.org/wiki/Fal%C3%A1cia_do_homem_mascarado
fallacies,755,pt,https://pt.wikipedia.org/wiki/L%C3%B3gica_de%C3%B4ntica
fallacies,756,pt,https://pt.wikipedia.org/wiki/Distor%C3%A7%C3%A3o_cognitiva
fallacies,768,pt,https://pt.wikipedia.org/wiki/Falsa_equival%C3%AAncia
fallacies,770,pt,https://pt.wikipedia.org/wiki/Salto_da_f%C3%A9
fallacies,774,pt,https://pt.wikipedia.org/wiki/Distor%C3%A7%C3%A3o_cognitiva
fallacies,775,pt,https://pt.wikipedia.org/wiki/Distor%C3%A7%C3%A3o_cognitiva
fallacies,776,pt,https://pt.wikipedia.org/wiki/Distor%C3%A7%C3%A3o_cognitiva
fallacies,786,pt,https://pt.wikipedia.org/wiki/Fal%C3%A1cia_do_termo_m%C3%A9dio_n%C3%A3o_distribu%C3%ADdo
fallacies,787,pt,https://pt.wikipedia.org/wiki/Silogismo_do_pol%C3%ADtico
fallacies,793,pt,https://pt.wikipedia.org/wiki/Conclus%C3%A3o_negativa_das_premissas_afirmativas
fallacies,794,pt,https://pt.wikipedia.org/wiki/Fal%C3%A1cia_de_premissas_exclusivas
fallacies,796,pt,https://pt.wikipedia.org/wiki/Fal%C3%A1cia_dos_quatro_termos
fallacies,813,pt,https://pt.wikipedia.org/wiki/Fal%C3%A1cia_do_escoc%C3%AAs_de_verdade
fallacies,814,pt,https://pt.wikipedia.org/wiki/Falsa_dicotomia
fallacies,817,pt,https://pt.wikipedia.org/wiki/Clivagem_%28psicologia%29
fallacies,820,pt,https://pt.wikipedia.org/wiki/Weasel_word
fallacies,843,pt,https://pt.wikipedia.org/wiki/Falsa_equival%C3%AAncia
fallacies,850,pt,https://pt.wikipedia.org/wiki/Mudan%C3%A7a_de_quantificadores
fallacies,854,pt,https://pt.wikipedia.org/wiki/Barbarismo
fallacies,860,pt,https://pt.wikipedia.org/wiki/Onomasiologia
fallacies,864,pt,https://pt.wikipedia.org/wiki/Fal%C3%A1cias_jingle-jangle
fallacies,869,pt,https://pt.wikipedia.org/wiki/Reifica%C3%A7%C3%A3o_%28fal%C3%A1cia%29
fallacies,874,pt,https://pt.wikipedia.org/wiki/Simulacro
fallacies,875,pt,https://pt.wikipedia.org/wiki/Fal%C3%A1cia_do_castelo_de_mota
fallacies,881,pt,https://pt.wikipedia.org/wiki/Propaganda
fallacies,883,pt,https://pt.wikipedia.org/wiki/Propaganda
fallacies,890,pt,https://pt.wikipedia.org/wiki/Meia-verdade
fallacies,894,pt,https://pt.wikipedia.org/wiki/Fal%C3%A1cia_do_espantalho
fallacies,895,pt,https://pt.wikipedia.org/wiki/Distor%C3%A7%C3%A3o_cognitiva
fallacies,898,pt,https://pt.wikipedia.org/wiki/Mentira
fallacies,899,pt,https://pt.wikipedia.org/wiki/Nobre_mentira
fallacies,900,pt,https://pt.wikipedia.org/wiki/Reserva_mental
fallacies,902,pt,https://pt.wikipedia.org/wiki/Mentira
fallacies,903,pt,https://pt.wikipedia.org/wiki/Falsa_premissa
fallacies,905,pt,https://pt.wikipedia.org/wiki/Hangout_limitado
fallacies,910,pt,https://pt.wikipedia.org/wiki/Not%C3%ADcia_falsa
fallacies,911,pt,https://pt.wikipedia.org/wiki/C%C3%A2mara_de_eco
fallacies,917,pt,https://pt.wikipedia.org/wiki/Campanha_de_difama%C3%A7%C3%A3o
fallacies,920,pt,https://pt.wikipedia.org/wiki/Medo%2C_incerteza_e_d%C3%BAvida
fallacies,921,pt,https://pt.wikipedia.org/wiki/Estrat%C3%A9gia_da_tens%C3%A3o
fallacies,922,pt,https://pt.wikipedia.org/wiki/P%C3%A2nico_moral
fallacies,925,pt,https://pt.wikipedia.org/wiki/Mito
fallacies,927,pt,https://pt.wikipedia.org/wiki/Creepypasta
fallacies,934,pt,https://pt.wikipedia.org/wiki/Mentira
fallacies,941,pt,https://pt.wikipedia.org/wiki/Mitomania
fallacies,942,pt,https://pt.wikipedia.org/wiki/Atribui%C3%A7%C3%A3o_falsa
fallacies,943,pt,https://pt.wikipedia.org/wiki/Cita%C3%A7%C3%A3o_fora_de_contexto
fallacies,947,pt,https://pt.wikipedia.org/wiki/Pseudo-hist%C3%B3ria
fallacies,948,pt,https://pt.wikipedia.org/wiki/Reportagem_circular
fallacies,949,pt,https://pt.wikipedia.org/wiki/Reportagem_circular
fallacies,955,pt,https://pt.wikipedia.org/wiki/Padr%C3%A3o_duplo
fallacies,961,pt,https://pt.wikipedia.org/wiki/M%C3%A1-f%C3%A9
fallacies,967,pt,https://pt.wikipedia.org/wiki/Vi%C3%A9s_de_publica%C3%A7%C3%A3o
fallacies,969,pt,https://pt.wikipedia.org/wiki/Vi%C3%A9s_de_publica%C3%A7%C3%A3o
fallacies,973,pt,https://pt.wikipedia.org/wiki/Mudar_as_regras_do_jogo
fallacies,977,pt,https://pt.wikipedia.org/wiki/Fal%C3%A1cia_Nirvana
fallacies,979,pt,https://pt.wikipedia.org/wiki/Regress%C3%A3o_infinita
fallacies,1012,pt,https://pt.wikipedia.org/wiki/Argumentum_ex_silentio
fallacies,1013,pt,https://pt.wikipedia.org/wiki/Trivialismo
fallacies,1014,pt,https://pt.wikipedia.org/wiki/Advogado_do_Diabo
fallacies,1025,pt,https://pt.wikipedia.org/wiki/Vi%C3%A9s_atencional
fallacies,1030,pt,https://pt.wikipedia.org/wiki/Recorda%C3%A7%C3%A3o_em_mem%C3%B3ria
fallacies,1031,pt,https://pt.wikipedia.org/wiki/Lista_de_vieses_cognitivos
fallacies,1038,pt,https://pt.wikipedia.org/wiki/Lei_de_Weber-Fechner
fallacies,1045,pt,https://pt.wikipedia.org/wiki/Lista_de_vieses_cognitivos
fallacies,1046,pt,https://pt.wikipedia.org/wiki/Efeito_de_ancoragem
fallacies,1047,pt,https://pt.wikipedia.org/wiki/Efeito_chamariz
fallacies,1051,pt,https://pt.wikipedia.org/wiki/Maldi%C3%A7%C3%A3o_do_conhecimento
fallacies,1052,pt,https://pt.wikipedia.org/wiki/Efeito_holofote
fallacies,1060,pt,https://pt.wikipedia.org/wiki/Efeito_de_testagem
fallacies,1061,pt,https://pt.wikipedia.org/wiki/Efeito_do_espa%C3%A7amento
fallacies,1065,pt,https://pt.wikipedia.org/wiki/Percep%C3%A7%C3%A3o_seletiva
fallacies,1068,pt,https://pt.wikipedia.org/wiki/Efeito_da_v%C3%ADtima_identific%C3%A1vel
fallacies,1069,pt,https://pt.wikipedia.org/wiki/Argumentum_ad_novitatem
fallacies,1072,pt,https://pt.wikipedia.org/wiki/Heur%C3%ADstica_de_disponibilidade
fallacies,1073,pt,https://pt.wikipedia.org/wiki/Ilus%C3%A3o_de_frequ%C3%AAncia
fallacies,1074,pt,https://pt.wikipedia.org/wiki/Efeito_poste_de_luz
fallacies,1079,pt,https://pt.wikipedia.org/wiki/Efeito_telesc%C3%B3pico
fallacies,1082,pt,https://pt.wikipedia.org/wiki/Compensa%C3%A7%C3%A3o_do_risco
fallacies,1089,pt,https://pt.wikipedia.org/wiki/Antropomorfismo
fallacies,1091,pt,https://pt.wikipedia.org/wiki/Vi%C3%A9s_do_otimismo
fallacies,1093,pt,https://pt.wikipedia.org/wiki/Vi%C3%A9s_do_otimismo
fallacies,1094,pt,https://pt.wikipedia.org/wiki/Psicologia_reversa
fallacies,1095,pt,https://pt.wikipedia.org/wiki/Lei_de_Murphy
fallacies,1098,pt,https://pt.wikipedia.org/wiki/Distor%C3%A7%C3%A3o_cognitiva
fallacies,1099,pt,https://pt.wikipedia.org/wiki/Distor%C3%A7%C3%A3o_cognitiva
fallacies,1100,pt,https://pt.wikipedia.org/wiki/Distor%C3%A7%C3%A3o_cognitiva
fallacies,1101,pt,https://pt.wikipedia.org/wiki/Distor%C3%A7%C3%A3o_cognitiva
fallacies,1102,pt,https://pt.wikipedia.org/wiki/Distor%C3%A7%C3%A3o_cognitiva
fallacies,1104,pt,https://pt.wikipedia.org/wiki/Vi%C3%A9s_da_autoconveni%C3%AAncia
fallacies,1105,pt,https://pt.wikipedia.org/wiki/Vi%C3%A9s_do_otimismo
fallacies,1106,pt,https://pt.wikipedia.org/wiki/Fal%C3%A1cia_do_planejamento
fallacies,1107,pt,https://pt.wikipedia.org/wiki/Vi%C3%A9s_pr%C3%B3-inova%C3%A7%C3%A3o
fallacies,1109,pt,https://pt.wikipedia.org/wiki/Superioridade_ilus%C3%B3ria
fallacies,1110,pt,https://pt.wikipedia.org/wiki/Vi%C3%A9s_do_ponto_cego
fallacies,1118,pt,https://pt.wikipedia.org/wiki/Efeito_do_falso_consenso
fallacies,1119,pt,https://pt.wikipedia.org/wiki/Racioc%C3%ADnio_emocional
fallacies,1120,pt,https://pt.wikipedia.org/wiki/Clivagem_%28psicologia%29
fallacies,1124,pt,https://pt.wikipedia.org/wiki/Efeito_de_ambiguidade
fallacies,1125,pt,https://pt.wikipedia.org/wiki/Efeito_de_ambiguidade
fallacies,1126,pt,https://pt.wikipedia.org/wiki/Previs%C3%A3o_afetiva
fallacies,1128,pt,https://pt.wikipedia.org/wiki/Previs%C3%A3o_afetiva
fallacies,1129,pt,https://pt.wikipedia.org/wiki/Previs%C3%A3o_afetiva
fallacies,1130,pt,https://pt.wikipedia.org/wiki/Previs%C3%A3o_afetiva
fallacies,1131,pt,https://pt.wikipedia.org/wiki/Previs%C3%A3o_afetiva
fallacies,1134,pt,https://pt.wikipedia.org/wiki/Previs%C3%A3o_afetiva
fallacies,1135,pt,https://pt.wikipedia.org/wiki/Retrospectiva_id%C3%ADlica
fallacies,1136,pt,https://pt.wikipedia.org/wiki/Declinismo
fallacies,1139,pt,https://pt.wikipedia.org/wiki/Vi%C3%A9s_do_status_quo
fallacies,1141,pt,https://pt.wikipedia.org/wiki/Lista_de_vieses_cognitivos
fallacies,1142,pt,https://pt.wikipedia.org/wiki/Reat%C3%A2ncia_psicol%C3%B3gica
fallacies,1145,pt,https://pt.wikipedia.org/wiki/Lei_da_trivialidade
fallacies,1149,pt,https://pt.wikipedia.org/wiki/Lista_de_vieses_cognitivos
fallacies,1151,pt,https://pt.wikipedia.org/wiki/Custo_irrecuper%C3%A1vel
fallacies,1153,pt,https://pt.wikipedia.org/wiki/Lista_de_vieses_cognitivos
fallacies,1155,pt,https://pt.wikipedia.org/wiki/Vi%C3%A9s_de_retrospectiva
fallacies,1157,pt,https://pt.wikipedia.org/wiki/Efeito_dota%C3%A7%C3%A3o
fallacies,1160,pt,https://pt.wikipedia.org/wiki/Vi%C3%A9s_da_normalidade
fallacies,1162,pt,https://pt.wikipedia.org/wiki/Vi%C3%A9s_de_resultado
fallacies,1163,pt,https://pt.wikipedia.org/wiki/Vi%C3%A9s_moral
fallacies,1164,pt,https://pt.wikipedia.org/wiki/Fal%C3%A1cia_da_proje%C3%A7%C3%A3o_mental
fallacies,1165,pt,https://pt.wikipedia.org/wiki/Proje%C3%A7%C3%A3o_%28psicologia%29
fallacies,1167,pt,https://pt.wikipedia.org/wiki/Culpabiliza%C3%A7%C3%A3o_da_v%C3%ADtima
fallacies,1169,pt,https://pt.wikipedia.org/wiki/Distor%C3%A7%C3%A3o_cognitiva
fallacies,1170,pt,https://pt.wikipedia.org/wiki/Distor%C3%A7%C3%A3o_cognitiva
fallacies,1171,pt,https://pt.wikipedia.org/wiki/Distor%C3%A7%C3%A3o_cognitiva
fallacies,1172,pt,https://pt.wikipedia.org/wiki/Lacuna_de_empatia
fallacies,1175,pt,https://pt.wikipedia.org/wiki/Vi%C3%A9s_de_atribui%C3%A7%C3%A3o
fallacies,1178,pt,https://pt.wikipedia.org/wiki/Erro_fundamental_de_atribui%C3%A7%C3%A3o
fallacies,1182,pt,https://pt.wikipedia.org/wiki/Sorte_moral
fallacies,1187,pt,https://pt.wikipedia.org/wiki/N%C3%A3o_inventado_aqui
fallacies,1188,pt,https://pt.wikipedia.org/wiki/Narcisismo_coletivo
fallacies,1190,pt,https://pt.wikipedia.org/wiki/Favoritismo_intragrupal
fallacies,1191,pt,https://pt.wikipedia.org/wiki/Efeito_de_homogeneidade_de_exogrupo
fallacies,1194,pt,https://pt.wikipedia.org/wiki/Teoria_da_conspira%C3%A7%C3%A3o
fallacies,1199,pt,https://pt.wikipedia.org/wiki/Estere%C3%B3tipo
fallacies,1207,pt,https://pt.wikipedia.org/wiki/Amatonormatividade
fallacies,1210,pt,https://pt.wikipedia.org/wiki/Elitismo_classista
fallacies,1212,pt,https://pt.wikipedia.org/wiki/Unatractifobia
fallacies,1213,pt,https://pt.wikipedia.org/wiki/Tamanhismo
fallacies,1214,pt,https://pt.wikipedia.org/wiki/Discrimina%C3%A7%C3%A3o_et%C3%A1ria
fallacies,1215,pt,https://pt.wikipedia.org/wiki/Encolhimento_cultural
fallacies,1219,pt,https://pt.wikipedia.org/wiki/Malinchismo
fallacies,1221,pt,https://pt.wikipedia.org/wiki/Ra%C3%A7a_e_sexualidade
fallacies,1222,pt,https://pt.wikipedia.org/wiki/Escapismo
fallacies,1223,pt,https://pt.wikipedia.org/wiki/Primitivismo
fallacies,1224,pt,https://pt.wikipedia.org/wiki/Apropria%C3%A7%C3%A3o_cultural
fallacies,1226,pt,https://pt.wikipedia.org/wiki/Subjetividade
fallacies,1231,pt,https://pt.wikipedia.org/wiki/Efeito_Aur%C3%A9ola
fallacies,1233,pt,https://pt.wikipedia.org/wiki/Efeito_de_l%C3%ADder_de_torcida
fallacies,1234,pt,https://pt.wikipedia.org/wiki/Efeito_ades%C3%A3o
fallacies,1241,pt,https://pt.wikipedia.org/wiki/Ilus%C3%A3o_monet%C3%A1ria
fallacies,1247,pt,https://pt.wikipedia.org/wiki/Logocentrismo
fallacies,1250,pt,https://pt.wikipedia.org/wiki/Positivismo
fallacies,1253,pt,https://pt.wikipedia.org/wiki/Behaviorismo
fallacies,1254,pt,https://pt.wikipedia.org/wiki/Positivismo_l%C3%B3gico
fallacies,1260,pt,https://pt.wikipedia.org/wiki/Autoritarismo
fallacies,1263,pt,https://pt.wikipedia.org/wiki/Extremismo
fallacies,1266,pt,https://pt.wikipedia.org/wiki/Sectarismo
fallacies,1270,pt,https://pt.wikipedia.org/wiki/Pseudofilosofia
fallacies,1285,pt,https://pt.wikipedia.org/wiki/Respeite_minha_opini%C3%A3o
fallacies,1301,pt,https://pt.wikipedia.org/wiki/Argumentum_ad_nauseam
fallacies,1303,pt,https://pt.wikipedia.org/wiki/Carthago_delenda_est
fallacies,1307,pt,https://pt.wikipedia.org/wiki/Negacionismo
fallacies,1308,pt,https://pt.wikipedia.org/wiki/Negacionismo_hist%C3%B3rico
fallacies,1311,pt,https://pt.wikipedia.org/wiki/Grande_mentira
fallacies,1314,pt,https://pt.wikipedia.org/wiki/Pista_falsa
fallacies,1326,pt,https://pt.wikipedia.org/wiki/Argumentum_ad_populum
fallacies,1328,pt,https://pt.wikipedia.org/wiki/Ignoratio_elenchi
fallacies,1329,pt,https://pt.wikipedia.org/wiki/Reserva_mental
fallacies,1330,pt,https://pt.wikipedia.org/wiki/Defesa_Chewbacca
fallacies,1349,pt,https://pt.wikipedia.org/wiki/Regress%C3%A3o_infinita
fallacies,1350,pt,https://pt.wikipedia.org/wiki/Fal%C3%A1cia_Nirvana
fallacies,1352,pt,https://pt.wikipedia.org/wiki/Envenenando_o_po%C3%A7o
fallacies,1355,pt,https://pt.wikipedia.org/wiki/Proje%C3%A7%C3%A3o_%28psicologia%29
fallacies,1360,pt,https://pt.wikipedia.org/wiki/Argumentum_ad_hominem
fallacies,1365,pt,https://pt.wikipedia.org/wiki/Fal%C3%A1cia_do_espantalho
fallacies,1371,pt,https://pt.wikipedia.org/wiki/Fal%C3%A1cia_gen%C3%A9tica
fallacies,1379,pt,https://pt.wikipedia.org/wiki/Desumaniza%C3%A7%C3%A3o
fallacies,1380,pt,https://pt.wikipedia.org/wiki/Demoniza%C3%A7%C3%A3o_do_inimigo
fallacies,1381,pt,https://pt.wikipedia.org/wiki/Argumentum_ad_hominem
fallacies,1382,pt,https://pt.wikipedia.org/wiki/Julgamento_da_inten%C3%A7%C3%A3o
fallacies,1393,pt,https://pt.wikipedia.org/wiki/Bulverismo
fallacies,3,es,https://es.wikipedia.org/wiki/Argumento_ad_ignorantiam
fallacies,22,es,https://es.wikipedia.org/wiki/Salto_de_fe
fallacies,30,es,https://es.wikipedia.org/wiki/Credo_quia_absurdum
fallacies,51,es,https://es.wikipedia.org/wiki/Falacia_del_psic%C3%B3logo
fallacies,65,es,https://es.wikipedia.org/wiki/Ning%C3%BAn_escoc%C3%A9s_verdadero
fallacies,66,es,https://es.wikipedia.org/wiki/Sesgo_de_confirmaci%C3%B3n
fallacies,67,es,https://es.wikipedia.org/wiki/Efecto_Semmelweis
fallacies,71,es,https://es.wikipedia.org/wiki/Argumento_ad_verecundiam
fallacies,72,es,https://es.wikipedia.org/wiki/Argumento_ad_verecundiam
fallacies,78,es,https://es.wikipedia.org/wiki/Argumento_ad_verecundiam
fallacies,85,es,https://es.wikipedia.org/wiki/Argumento_ad_verecundiam
fallacies,96,es,https://es.wikipedia.org/wiki/Falacia_naturalista
fallacies,98,es,https://es.wikipedia.org/wiki/Argumento_ad_populum
fallacies,103,es,https://es.wikipedia.org/wiki/Ignorancia_pluralista
fallacies,106,es,https://es.wikipedia.org/wiki/Not_invented_here
fallacies,111,es,https://es.wikipedia.org/wiki/Buen_salvaje
fallacies,115,es,https://es.wikipedia.org/wiki/Argumento_ad_novitatem
fallacies,117,es,https://es.wikipedia.org/wiki/Autoridad_moral
fallacies,118,es,https://es.wikipedia.org/wiki/Esnob
fallacies,119,es,https://es.wikipedia.org/wiki/Elitismo
fallacies,128,es,https://es.wikipedia.org/wiki/Argumento_ad_crumenam
fallacies,129,es,https://es.wikipedia.org/wiki/Argumento_ad_lazarum
fallacies,134,es,https://es.wikipedia.org/wiki/Falacia_l%C3%BAdica
fallacies,137,es,https://es.wikipedia.org/wiki/Falacia_de_McNamara
fallacies,141,es,https://es.wikipedia.org/wiki/Prejuicio_de_retrospectiva
fallacies,142,es,https://es.wikipedia.org/wiki/Falacia_del_historiador
fallacies,151,es,https://es.wikipedia.org/wiki/Falacia_etimol%C3%B3gica
fallacies,154,es,https://es.wikipedia.org/wiki/Argumento_ad_logicam
fallacies,157,es,https://es.wikipedia.org/wiki/Sigue_el_dinero
fallacies,159,es,https://es.wikipedia.org/wiki/Intenci%C3%B3n_del_autor
fallacies,165,es,https://es.wikipedia.org/wiki/Navaja_de_Ockham
fallacies,167,es,https://es.wikipedia.org/wiki/Principio_de_caridad
fallacies,168,es,https://es.wikipedia.org/wiki/Falacia_del_hombre_de_paja
fallacies,171,es,https://es.wikipedia.org/wiki/Falacia_pat%C3%A9tica
fallacies,183,es,https://es.wikipedia.org/wiki/Petici%C3%B3n_de_principio
fallacies,185,es,https://es.wikipedia.org/wiki/Clich%C3%A9
fallacies,187,es,https://es.wikipedia.org/wiki/Cu%C3%B1a_%28sonido%29
fallacies,191,es,https://es.wikipedia.org/wiki/Ofuscaci%C3%B3n_%28lenguaje%29
fallacies,192,es,https://es.wikipedia.org/wiki/Verbosidad
fallacies,202,es,https://es.wikipedia.org/wiki/Oscurantismo
fallacies,207,es,https://es.wikipedia.org/wiki/Lenguaje_period%C3%ADstico
fallacies,209,es,https://es.wikipedia.org/wiki/Titular_%28periodismo%29
fallacies,210,es,https://es.wikipedia.org/wiki/Titular_%28periodismo%29
fallacies,215,es,https://es.wikipedia.org/wiki/Groser%C3%ADa
fallacies,222,es,https://es.wikipedia.org/wiki/Humor_absurdo
fallacies,224,es,https://es.wikipedia.org/wiki/Burlesque
fallacies,225,es,https://es.wikipedia.org/wiki/Paradoja_del_mentiroso
fallacies,229,es,https://es.wikipedia.org/wiki/Doble_sentido
fallacies,233,es,https://es.wikipedia.org/wiki/Exageraci%C3%B3n
fallacies,235,es,https://es.wikipedia.org/wiki/Parodia
fallacies,236,es,https://es.wikipedia.org/wiki/Wellerismo
fallacies,238,es,https://es.wikipedia.org/wiki/Iron%C3%ADa
fallacies,239,es,https://es.wikipedia.org/wiki/Iron%C3%ADa
fallacies,240,es,https://es.wikipedia.org/wiki/Iron%C3%ADa
fallacies,241,es,https://es.wikipedia.org/wiki/Sarcasmo
fallacies,242,es,https://es.wikipedia.org/wiki/Humor_seco
fallacies,244,es,https://es.wikipedia.org/wiki/Cinismo_%28contempor%C3%A1neo%29
fallacies,246,es,https://es.wikipedia.org/wiki/Nihilismo
fallacies,251,es,https://es.wikipedia.org/wiki/Eufon%C3%ADa
fallacies,253,es,https://es.wikipedia.org/wiki/Figura_de_transformaci%C3%B3n
fallacies,254,es,https://es.wikipedia.org/wiki/Asimilaci%C3%B3n_%28fon%C3%A9tica%29
fallacies,259,es,https://es.wikipedia.org/wiki/An%C3%A1fora_%28ret%C3%B3rica%29
fallacies,260,es,https://es.wikipedia.org/wiki/Ep%C3%ADfora_%28ret%C3%B3rica%29
fallacies,261,es,https://es.wikipedia.org/wiki/Complexi%C3%B3n_%28ret%C3%B3rica%29
fallacies,265,es,https://es.wikipedia.org/wiki/Adynaton
fallacies,266,es,https://es.wikipedia.org/wiki/Auxesis_%28figura_ret%C3%B3rica%29
fallacies,267,es,https://es.wikipedia.org/wiki/Hend%C3%ADadis
fallacies,268,es,https://es.wikipedia.org/wiki/Zeugma
fallacies,270,es,https://es.wikipedia.org/wiki/Par%C3%A1frasis
fallacies,272,es,https://es.wikipedia.org/wiki/Tautolog%C3%ADa_%28ret%C3%B3rica%29
fallacies,273,es,https://es.wikipedia.org/wiki/Elipsis_%28ling%C3%BC%C3%ADstica%29
fallacies,275,es,https://es.wikipedia.org/wiki/Ant%C3%ADfrasis
fallacies,277,es,https://es.wikipedia.org/wiki/Paralipsis
fallacies,278,es,https://es.wikipedia.org/wiki/Zeugma
fallacies,279,es,https://es.wikipedia.org/wiki/Zeugma
fallacies,280,es,https://es.wikipedia.org/wiki/Alusi%C3%B3n
fallacies,285,es,https://es.wikipedia.org/wiki/Correctio
fallacies,286,es,https://es.wikipedia.org/wiki/Metalepsis
fallacies,287,es,https://es.wikipedia.org/wiki/Prolepsis_%28figura_ret%C3%B3rica%29
fallacies,288,es,https://es.wikipedia.org/wiki/Per%C3%ADfrasis_%28sintaxis%29
fallacies,299,es,https://es.wikipedia.org/wiki/Apelar_a_las_emociones
fallacies,302,es,https://es.wikipedia.org/wiki/Efecto_halo
fallacies,304,es,https://es.wikipedia.org/wiki/Pensamiento_ilusorio
fallacies,310,es,https://es.wikipedia.org/wiki/Panem_et_circenses
fallacies,314,es,https://es.wikipedia.org/wiki/Captatio_benevolentiae
fallacies,315,es,https://es.wikipedia.org/wiki/Autoridad_moral
fallacies,319,es,https://es.wikipedia.org/wiki/Argumento_ad_misericordiam
fallacies,320,es,https://es.wikipedia.org/wiki/Piensa_en_los_ni%C3%B1os
fallacies,324,es,https://es.wikipedia.org/wiki/Apelar_al_rid%C3%ADculo
fallacies,337,es,https://es.wikipedia.org/wiki/Apelar_al_miedo
fallacies,338,es,https://es.wikipedia.org/wiki/Fear%2C_uncertainty_and_doubt
fallacies,339,es,https://es.wikipedia.org/wiki/P%C3%A1nico_moral
fallacies,340,es,https://es.wikipedia.org/wiki/Argumento_ad_consequentiam
fallacies,343,es,https://es.wikipedia.org/wiki/Argumento_ad_baculum
fallacies,350,es,https://es.wikipedia.org/wiki/Mansplaining
fallacies,358,es,https://es.wikipedia.org/wiki/Encuadre_%28ciencias_sociales%29
fallacies,368,es,https://es.wikipedia.org/wiki/Efecto_de_verdad_ilusoria
fallacies,370,es,https://es.wikipedia.org/wiki/Efecto_Forer
fallacies,373,es,https://es.wikipedia.org/wiki/Lectura_en_fr%C3%ADo
fallacies,374,es,https://es.wikipedia.org/wiki/Lectura_en_fr%C3%ADo
fallacies,375,es,https://es.wikipedia.org/wiki/Lectura_en_fr%C3%ADo
fallacies,378,es,https://es.wikipedia.org/wiki/Rapport
fallacies,384,es,https://es.wikipedia.org/wiki/Condicionamiento_operante
fallacies,386,es,https://es.wikipedia.org/wiki/Pedagog%C3%ADa_negra
fallacies,387,es,https://es.wikipedia.org/wiki/Moldeamiento
fallacies,388,es,https://es.wikipedia.org/wiki/Encadenamiento_%28comportamiento%29
fallacies,390,es,https://es.wikipedia.org/wiki/Efecto_contraste
fallacies,391,es,https://es.wikipedia.org/wiki/Reforzamiento
fallacies,392,es,https://es.wikipedia.org/wiki/Profec%C3%ADa_autocumplida
fallacies,396,es,https://es.wikipedia.org/wiki/Temor_a_la_evaluaci%C3%B3n_negativa
fallacies,397,es,https://es.wikipedia.org/wiki/Profec%C3%ADa_autofrustrada
fallacies,399,es,https://es.wikipedia.org/wiki/Efecto_Pigmali%C3%B3n
fallacies,400,es,https://es.wikipedia.org/wiki/Efecto_Golem
fallacies,401,es,https://es.wikipedia.org/wiki/Efecto_Mateo
fallacies,405,es,https://es.wikipedia.org/wiki/Ilusionismo
fallacies,410,es,https://es.wikipedia.org/wiki/Mensaje_subliminal
fallacies,412,es,https://es.wikipedia.org/wiki/Clever_Hans
fallacies,414,es,https://es.wikipedia.org/wiki/Ingenier%C3%ADa_social_%28ciencia_pol%C3%ADtica%29
fallacies,415,es,https://es.wikipedia.org/wiki/Teor%C3%ADa_del_empujoncito
fallacies,416,es,https://es.wikipedia.org/wiki/Dark_pattern
fallacies,417,es,https://es.wikipedia.org/wiki/Clickbait
fallacies,418,es,https://es.wikipedia.org/wiki/Campa%C3%B1a_de_miedo
fallacies,424,es,https://es.wikipedia.org/wiki/Soltar_nombres
fallacies,426,es,https://es.wikipedia.org/wiki/Love_bombing
fallacies,427,es,https://es.wikipedia.org/wiki/L%C3%A1grimas_de_cocodrilo
fallacies,431,es,https://es.wikipedia.org/wiki/Obtenci%C3%B3n_del_cumplimiento
fallacies,432,es,https://es.wikipedia.org/wiki/Engagement
fallacies,433,es,https://es.wikipedia.org/wiki/Aumento_del_compromiso
fallacies,447,es,https://es.wikipedia.org/wiki/Teor%C3%ADa_del_etiquetado
fallacies,452,es,https://es.wikipedia.org/wiki/Obtenci%C3%B3n_del_cumplimiento
fallacies,453,es,https://es.wikipedia.org/wiki/Obtenci%C3%B3n_del_cumplimiento
fallacies,454,es,https://es.wikipedia.org/wiki/Obtenci%C3%B3n_del_cumplimiento
fallacies,455,es,https://es.wikipedia.org/wiki/Ingenier%C3%ADa_social_%28seguridad_inform%C3%A1tica%29
fallacies,456,es,https://es.wikipedia.org/wiki/Juegos_psicol%C3%B3gicos
fallacies,458,es,https://es.wikipedia.org/wiki/Efecto_de_Stroop
fallacies,459,es,https://es.wikipedia.org/wiki/Luz_de_gas_%28manipulaci%C3%B3n%29
fallacies,460,es,https://es.wikipedia.org/wiki/Manguera_de_falsedades
fallacies,461,es,https://es.wikipedia.org/wiki/Culpa_%28emoci%C3%B3n%29
fallacies,464,es,https://es.wikipedia.org/wiki/Chantaje_emocional
fallacies,466,es,https://es.wikipedia.org/wiki/Intimidaci%C3%B3n
fallacies,468,es,https://es.wikipedia.org/wiki/Argumento_ad_baculum
fallacies,470,es,https://es.wikipedia.org/wiki/Abuso_verbal
fallacies,472,es,https://es.wikipedia.org/wiki/Estr%C3%A9s_psicol%C3%B3gico
fallacies,473,es,https://es.wikipedia.org/wiki/Obtenci%C3%B3n_del_cumplimiento
fallacies,479,es,https://es.wikipedia.org/wiki/Hostigamiento
fallacies,480,es,https://es.wikipedia.org/wiki/Sealioning
fallacies,481,es,https://es.wikipedia.org/wiki/Bullying_sexual
fallacies,482,es,https://es.wikipedia.org/wiki/Tildar_de_prostituta
fallacies,484,es,https://es.wikipedia.org/wiki/Acoso_f%C3%ADsico
fallacies,485,es,https://es.wikipedia.org/wiki/Comportamiento_pasivo-agresivo
fallacies,486,es,https://es.wikipedia.org/wiki/Ley_del_hielo
fallacies,490,es,https://es.wikipedia.org/wiki/Obstrucci%C3%B3n_%28comportamiento%29
fallacies,492,es,https://es.wikipedia.org/wiki/Victimismo
fallacies,494,es,https://es.wikipedia.org/wiki/Delirio_persecutorio
fallacies,495,es,https://es.wikipedia.org/wiki/Triangulaci%C3%B3n_%28din%C3%A1mica_familiar%29
fallacies,506,es,https://es.wikipedia.org/wiki/Mentalidad_de_cangrejo
fallacies,507,es,https://es.wikipedia.org/wiki/S%C3%ADndrome_de_alta_exposici%C3%B3n
fallacies,513,es,https://es.wikipedia.org/wiki/Lenguaje_de_beb%C3%A9
fallacies,514,es,https://es.wikipedia.org/wiki/Paraling%C3%BC%C3%ADstica
fallacies,515,es,https://es.wikipedia.org/wiki/Paraling%C3%BC%C3%ADstica
fallacies,516,es,https://es.wikipedia.org/wiki/Paraling%C3%BC%C3%ADstica
fallacies,517,es,https://es.wikipedia.org/wiki/Paraling%C3%BC%C3%ADstica
fallacies,518,es,https://es.wikipedia.org/wiki/Cron%C3%A9mica
fallacies,520,es,https://es.wikipedia.org/wiki/Contacto_visual
fallacies,1406,es,https://es.wikipedia.org/wiki/Kin%C3%A9sica
fallacies,521,es,https://es.wikipedia.org/wiki/Expresi%C3%B3n_facial
fallacies,522,es,https://es.wikipedia.org/wiki/Microexpresi%C3%B3n
fallacies,523,es,https://es.wikipedia.org/wiki/Gesto
fallacies,526,es,https://es.wikipedia.org/wiki/Gui%C3%B1o
fallacies,528,es,https://es.wikipedia.org/wiki/Gui%C3%B1o
fallacies,532,es,https://es.wikipedia.org/wiki/Choque_de_pu%C3%B1os
fallacies,533,es,https://es.wikipedia.org/wiki/Se%C3%B1al_de_shaka
fallacies,536,es,https://es.wikipedia.org/wiki/Besamanos
fallacies,537,es,https://es.wikipedia.org/wiki/En_firmes
fallacies,538,es,https://es.wikipedia.org/wiki/Genuflexi%C3%B3n
fallacies,539,es,https://es.wikipedia.org/wiki/Reverencia
fallacies,547,es,https://es.wikipedia.org/wiki/Saludo_romano
fallacies,549,es,https://es.wikipedia.org/wiki/Reverencia
fallacies,550,es,https://es.wikipedia.org/wiki/N%C3%A1maste
fallacies,552,es,https://es.wikipedia.org/wiki/Saludo_vulcano
fallacies,554,es,https://es.wikipedia.org/wiki/Se%C3%B1al_de_la_cruz
fallacies,555,es,https://es.wikipedia.org/wiki/Prosternaci%C3%B3n
fallacies,556,es,https://es.wikipedia.org/wiki/Imposici%C3%B3n_de_manos
fallacies,558,es,https://es.wikipedia.org/wiki/Saludo_fascista
fallacies,559,es,https://es.wikipedia.org/wiki/Pu%C3%B1o_en_alto
fallacies,563,es,https://es.wikipedia.org/wiki/Aplauso
fallacies,564,es,https://es.wikipedia.org/wiki/Palmada
fallacies,565,es,https://es.wikipedia.org/wiki/Chocar_los_cinco
fallacies,568,es,https://es.wikipedia.org/wiki/V_%28se%C3%B1a%29
fallacies,570,es,https://es.wikipedia.org/wiki/Pu%C3%B1o_en_alto
fallacies,572,es,https://es.wikipedia.org/wiki/Corte_de_manga
fallacies,573,es,https://es.wikipedia.org/wiki/Higa
fallacies,574,es,https://es.wikipedia.org/wiki/Pito_catal%C3%A1n
fallacies,575,es,https://es.wikipedia.org/wiki/Mano_cornuta
fallacies,581,es,https://es.wikipedia.org/wiki/Facepalm
fallacies,586,es,https://es.wikipedia.org/wiki/Proxemia
fallacies,587,es,https://es.wikipedia.org/wiki/Postura_%28psicolog%C3%ADa%29
fallacies,591,es,https://es.wikipedia.org/wiki/Artefacto_cultural
fallacies,592,es,https://es.wikipedia.org/wiki/Comunicaci%C3%B3n_no_verbal
fallacies,594,es,https://es.wikipedia.org/wiki/Demostraci%C3%B3n_inv%C3%A1lida
fallacies,596,es,https://es.wikipedia.org/wiki/Sesgo_muestral
fallacies,598,es,https://es.wikipedia.org/wiki/Generalizaci%C3%B3n_apresurada
fallacies,600,es,https://es.wikipedia.org/wiki/Insensibilidad_al_tama%C3%B1o_de_la_muestra
fallacies,603,es,https://es.wikipedia.org/wiki/Falacia_de_evidencia_incompleta
fallacies,604,es,https://es.wikipedia.org/wiki/Heur%C3%ADstica_de_la_representatividad
fallacies,609,es,https://es.wikipedia.org/wiki/Sesgo_del_superviviente
fallacies,615,es,https://es.wikipedia.org/wiki/Accidente_%28falacia%29
fallacies,616,es,https://es.wikipedia.org/wiki/Ning%C3%BAn_escoc%C3%A9s_verdadero
fallacies,617,es,https://es.wikipedia.org/wiki/Accidente_inverso
fallacies,622,es,https://es.wikipedia.org/wiki/Falacia_de_composici%C3%B3n
fallacies,623,es,https://es.wikipedia.org/wiki/Teor%C3%ADa_de_la_recapitulaci%C3%B3n
fallacies,625,es,https://es.wikipedia.org/wiki/Falacia_de_divisi%C3%B3n
fallacies,626,es,https://es.wikipedia.org/wiki/Falacia_ecol%C3%B3gica
fallacies,627,es,https://es.wikipedia.org/wiki/Paradoja_de_Simpson
fallacies,628,es,https://es.wikipedia.org/wiki/Falacia_ecol%C3%B3gica
fallacies,629,es,https://es.wikipedia.org/wiki/Falacia_ecol%C3%B3gica
fallacies,630,es,https://es.wikipedia.org/wiki/Falacia_ecol%C3%B3gica
fallacies,633,es,https://es.wikipedia.org/wiki/Relaci%C3%B3n_espuria
fallacies,634,es,https://es.wikipedia.org/wiki/Cum_hoc_ergo_propter_hoc
fallacies,635,es,https://es.wikipedia.org/wiki/Post_hoc_ergo_propter_hoc
fallacies,642,es,https://es.wikipedia.org/wiki/Correlaci%C3%B3n_ilusoria
fallacies,648,es,https://es.wikipedia.org/wiki/Falacia_de_la_frecuencia_base
fallacies,649,es,https://es.wikipedia.org/wiki/Argumento_del_juicio_final
fallacies,652,es,https://es.wikipedia.org/wiki/Ruina_del_apostador
fallacies,654,es,https://es.wikipedia.org/wiki/Falacia_del_apostador
fallacies,655,es,https://es.wikipedia.org/wiki/Falacia_inversa_del_jugador
fallacies,657,es,https://es.wikipedia.org/wiki/Falacia_de_la_conjunci%C3%B3n
fallacies,659,es,https://es.wikipedia.org/wiki/Falacia_del_continuo
fallacies,662,es,https://es.wikipedia.org/wiki/Regresi%C3%B3n_infinita
fallacies,664,es,https://es.wikipedia.org/wiki/Regresi%C3%B3n_infinita
fallacies,668,es,https://es.wikipedia.org/wiki/Falsa_precisi%C3%B3n
fallacies,670,es,https://es.wikipedia.org/wiki/Falso_equilibrio
fallacies,673,es,https://es.wikipedia.org/wiki/Falacia_del_punto_medio
fallacies,675,es,https://es.wikipedia.org/wiki/Falacia_de_la_ventana_rota
fallacies,677,es,https://es.wikipedia.org/wiki/Pendiente_resbaladiza
fallacies,678,es,https://es.wikipedia.org/wiki/Desfile_de_horrores
fallacies,685,es,https://es.wikipedia.org/wiki/Paradoja_de_los_dos_sobres
fallacies,686,es,https://es.wikipedia.org/wiki/Paradoja_del_celof%C3%A1n
fallacies,688,es,https://es.wikipedia.org/wiki/Fen%C3%B3meno_Will_Rogers
fallacies,691,es,https://es.wikipedia.org/wiki/Demostraci%C3%B3n_inv%C3%A1lida
fallacies,696,es,https://es.wikipedia.org/wiki/Falacia
fallacies,698,es,https://es.wikipedia.org/wiki/Petici%C3%B3n_de_principio
fallacies,699,es,https://es.wikipedia.org/wiki/Falacia_circular
fallacies,700,es,https://es.wikipedia.org/wiki/C%C3%ADrculo_cartesiano
fallacies,702,es,https://es.wikipedia.org/wiki/Conclusi%C3%B3n_irrelevante
fallacies,706,es,https://es.wikipedia.org/wiki/Distorsi%C3%B3n_cognitiva
fallacies,708,es,https://es.wikipedia.org/wiki/Afirmaci%C3%B3n_del_consecuente
fallacies,710,es,https://es.wikipedia.org/wiki/Condici%C3%B3n_necesaria_y_suficiente
fallacies,714,es,https://es.wikipedia.org/wiki/Tu_quoque
fallacies,717,es,https://es.wikipedia.org/wiki/Falacia_del_apostador
fallacies,719,es,https://es.wikipedia.org/wiki/Cum_hoc_ergo_propter_hoc
fallacies,721,es,https://es.wikipedia.org/wiki/Falacia_de_la_causa_simple
fallacies,722,es,https://es.wikipedia.org/wiki/Negaci%C3%B3n_del_antecedente
fallacies,723,es,https://es.wikipedia.org/wiki/Distorsi%C3%B3n_cognitiva
fallacies,725,es,https://es.wikipedia.org/wiki/Post_hoc_ergo_propter_hoc
fallacies,729,es,https://es.wikipedia.org/wiki/Negaci%C3%B3n_del_antecedente
fallacies,731,es,https://es.wikipedia.org/wiki/Afirmaci%C3%B3n_del_consecuente
fallacies,737,es,https://es.wikipedia.org/wiki/Demostraci%C3%B3n_mediante_ejemplo
fallacies,740,es,https://es.wikipedia.org/wiki/Inferencia_inmediata
fallacies,744,es,https://es.wikipedia.org/wiki/Inferencia_inmediata
fallacies,745,es,https://es.wikipedia.org/wiki/Inferencia_inmediata
fallacies,746,es,https://es.wikipedia.org/wiki/Inferencia_inmediata
fallacies,747,es,https://es.wikipedia.org/wiki/Inferencia_inmediata
fallacies,751,es,https://es.wikipedia.org/wiki/L%C3%B3gica_epist%C3%A9mica
fallacies,755,es,https://es.wikipedia.org/wiki/L%C3%B3gica_de%C3%B3ntica
fallacies,756,es,https://es.wikipedia.org/wiki/Distorsi%C3%B3n_cognitiva
fallacies,768,es,https://es.wikipedia.org/wiki/Falsa_equivalencia
fallacies,770,es,https://es.wikipedia.org/wiki/Salto_de_fe
fallacies,774,es,https://es.wikipedia.org/wiki/Distorsi%C3%B3n_cognitiva
fallacies,775,es,https://es.wikipedia.org/wiki/Distorsi%C3%B3n_cognitiva
fallacies,776,es,https://es.wikipedia.org/wiki/Distorsi%C3%B3n_cognitiva
fallacies,796,es,https://es.wikipedia.org/wiki/Quaternio_terminorum
fallacies,804,es,https://es.wikipedia.org/wiki/Arbitrariedad
fallacies,813,es,https://es.wikipedia.org/wiki/Ning%C3%BAn_escoc%C3%A9s_verdadero
fallacies,814,es,https://es.wikipedia.org/wiki/Falso_dilema
fallacies,817,es,https://es.wikipedia.org/wiki/Clivaje_%28psicolog%C3%ADa%29
fallacies,839,es,https://es.wikipedia.org/wiki/Razonamiento_por_analog%C3%ADa
fallacies,843,es,https://es.wikipedia.org/wiki/Falsa_equivalencia
fallacies,844,es,https://es.wikipedia.org/wiki/Falacia_de_asociaci%C3%B3n
fallacies,854,es,https://es.wikipedia.org/wiki/Barbarismo
fallacies,857,es,https://es.wikipedia.org/wiki/Falsa_precisi%C3%B3n
fallacies,860,es,https://es.wikipedia.org/wiki/Onomasiolog%C3%ADa
fallacies,865,es,https://es.wikipedia.org/wiki/Cambio_l%C3%A9xico-sem%C3%A1ntico
fallacies,868,es,https://es.wikipedia.org/wiki/%C3%8Ddolos_del_foro
fallacies,869,es,https://es.wikipedia.org/wiki/Falacia_de_reificaci%C3%B3n
fallacies,874,es,https://es.wikipedia.org/wiki/Simulacro_%28Simulacrum%29
fallacies,875,es,https://es.wikipedia.org/wiki/Falacia_de_la_mota_castral
fallacies,881,es,https://es.wikipedia.org/wiki/Propaganda
fallacies,883,es,https://es.wikipedia.org/wiki/Propaganda
fallacies,887,es,https://es.wikipedia.org/wiki/Hacer_trampas
fallacies,890,es,https://es.wikipedia.org/wiki/Media_verdad
fallacies,893,es,https://es.wikipedia.org/wiki/Exageraci%C3%B3n
fallacies,894,es,https://es.wikipedia.org/wiki/Falacia_del_hombre_de_paja
fallacies,895,es,https://es.wikipedia.org/wiki/Distorsi%C3%B3n_cognitiva
fallacies,898,es,https://es.wikipedia.org/wiki/Mentira
fallacies,899,es,https://es.wikipedia.org/wiki/Mentira_piadosa
fallacies,900,es,https://es.wikipedia.org/wiki/Restricci%C3%B3n_mental
fallacies,901,es,https://es.wikipedia.org/wiki/Econ%C3%B3mico_con_la_verdad
fallacies,902,es,https://es.wikipedia.org/wiki/Mentira
fallacies,905,es,https://es.wikipedia.org/wiki/Limited_hangout_%C2%ABReunion_limitada%C2%BB
fallacies,910,es,https://es.wikipedia.org/wiki/Fake_news
fallacies,911,es,https://es.wikipedia.org/wiki/C%C3%A1mara_de_eco_%28medios%29
fallacies,915,es,https://es.wikipedia.org/wiki/Manguera_de_falsedades
fallacies,916,es,https://es.wikipedia.org/wiki/Rumor
fallacies,919,es,https://es.wikipedia.org/wiki/Campa%C3%B1a_de_miedo
fallacies,920,es,https://es.wikipedia.org/wiki/Fear%2C_uncertainty_and_doubt
fallacies,921,es,https://es.wikipedia.org/wiki/Estrategia_de_la_tensi%C3%B3n
fallacies,922,es,https://es.wikipedia.org/wiki/P%C3%A1nico_moral
fallacies,925,es,https://es.wikipedia.org/wiki/Mito
fallacies,927,es,https://es.wikipedia.org/wiki/Creepypasta
fallacies,934,es,https://es.wikipedia.org/wiki/Mentira
fallacies,941,es,https://es.wikipedia.org/wiki/Mitoman%C3%ADa
fallacies,942,es,https://es.wikipedia.org/wiki/Falsa_atribuci%C3%B3n
fallacies,943,es,https://es.wikipedia.org/wiki/Cita_fuera_de_contexto
fallacies,944,es,https://es.wikipedia.org/wiki/Cu%C3%B1a_%28sonido%29
fallacies,947,es,https://es.wikipedia.org/wiki/Pseudohistoria
fallacies,948,es,https://es.wikipedia.org/wiki/Reportaje_circular
fallacies,949,es,https://es.wikipedia.org/wiki/Reportaje_circular
fallacies,955,es,https://es.wikipedia.org/wiki/Doble_moral
fallacies,956,es,https://es.wikipedia.org/wiki/Falacia_del_alegato_especial
fallacies,961,es,https://es.wikipedia.org/wiki/Mala_fe_%28derecho%29
fallacies,967,es,https://es.wikipedia.org/wiki/Sesgo_de_publicaci%C3%B3n
fallacies,969,es,https://es.wikipedia.org/wiki/Sesgo_de_publicaci%C3%B3n
fallacies,973,es,https://es.wikipedia.org/wiki/Mover_los_postes_de_la_porter%C3%ADa
fallacies,977,es,https://es.wikipedia.org/wiki/Falacia_del_Nirvana
fallacies,979,es,https://es.wikipedia.org/wiki/Regresi%C3%B3n_infinita
fallacies,994,es,https://es.wikipedia.org/wiki/Lengua_de_madera
fallacies,1012,es,https://es.wikipedia.org/wiki/Argumento_a_silentio
fallacies,1013,es,https://es.wikipedia.org/wiki/Trivialismo
fallacies,1014,es,https://es.wikipedia.org/wiki/Abogado_del_diablo
fallacies,1023,es,https://es.wikipedia.org/wiki/M%C3%A9todo_baconiano
fallacies,1024,es,https://es.wikipedia.org/wiki/%C3%8Ddolos_de_la_tribu
fallacies,1026,es,https://es.wikipedia.org/wiki/Efecto_del_contexto
fallacies,1028,es,https://es.wikipedia.org/wiki/Efecto_de_posici%C3%B3n_serial
fallacies,1029,es,https://es.wikipedia.org/wiki/Efecto_de_posici%C3%B3n_serial
fallacies,1030,es,https://es.wikipedia.org/wiki/Recuperaci%C3%B3n_%28memoria%29
fallacies,1031,es,https://es.wikipedia.org/wiki/Anexo%3ASesgos_cognitivos
fallacies,1033,es,https://es.wikipedia.org/wiki/Inhibici%C3%B3n_de_la_memoria
fallacies,1034,es,https://es.wikipedia.org/wiki/Inhibici%C3%B3n_de_la_memoria
fallacies,1035,es,https://es.wikipedia.org/wiki/Olvido_inducido_por_la_recuperaci%C3%B3n
fallacies,1036,es,https://es.wikipedia.org/wiki/El_m%C3%A1gico_n%C3%BAmero_siete%2C_m%C3%A1s_o_menos_dos
fallacies,1038,es,https://es.wikipedia.org/wiki/Ley_de_Weber-Fechner
fallacies,1039,es,https://es.wikipedia.org/wiki/Efecto_marco
fallacies,1040,es,https://es.wikipedia.org/wiki/Efecto_contraste
fallacies,1043,es,https://es.wikipedia.org/wiki/Efecto_de_Von_Restorff
fallacies,1045,es,https://es.wikipedia.org/wiki/Anexo%3ASesgos_cognitivos
fallacies,1046,es,https://es.wikipedia.org/wiki/Efecto_de_anclaje
fallacies,1047,es,https://es.wikipedia.org/wiki/Efecto_se%C3%B1uelo
fallacies,1050,es,https://es.wikipedia.org/wiki/Ilusi%C3%B3n_de_transparencia
fallacies,1051,es,https://es.wikipedia.org/wiki/Maldici%C3%B3n_del_conocimiento
fallacies,1055,es,https://es.wikipedia.org/wiki/Falacia_del_psic%C3%B3logo
fallacies,1058,es,https://es.wikipedia.org/wiki/Efecto_del_siguiente_en_la_fila
fallacies,1059,es,https://es.wikipedia.org/wiki/Mente_ausente
fallacies,1061,es,https://es.wikipedia.org/wiki/Efecto_de_memoria_espaciada
fallacies,1063,es,https://es.wikipedia.org/wiki/Efecto_Google
fallacies,1065,es,https://es.wikipedia.org/wiki/Percepci%C3%B3n_selectiva
fallacies,1066,es,https://es.wikipedia.org/wiki/Efecto_de_mera_exposici%C3%B3n
fallacies,1067,es,https://es.wikipedia.org/wiki/Efecto_de_verdad_ilusoria
fallacies,1069,es,https://es.wikipedia.org/wiki/Argumento_ad_novitatem
fallacies,1072,es,https://es.wikipedia.org/wiki/Heur%C3%ADstica_de_disponibilidad
fallacies,1073,es,https://es.wikipedia.org/wiki/Fen%C3%B3meno_Baader-Meinhof
fallacies,1078,es,https://es.wikipedia.org/wiki/Regla_del_pico_final
fallacies,1082,es,https://es.wikipedia.org/wiki/Compensaci%C3%B3n_de_riesgos
fallacies,1084,es,https://es.wikipedia.org/wiki/Insensibilidad_al_tama%C3%B1o_de_la_muestra
fallacies,1085,es,https://es.wikipedia.org/wiki/Correlaci%C3%B3n_ilusoria
fallacies,1086,es,https://es.wikipedia.org/wiki/Ilusi%C3%B3n_de_validez
fallacies,1089,es,https://es.wikipedia.org/wiki/Antropomorfismo
fallacies,1091,es,https://es.wikipedia.org/wiki/Sesgo_de_optimismo
fallacies,1093,es,https://es.wikipedia.org/wiki/Sesgo_de_optimismo
fallacies,1094,es,https://es.wikipedia.org/wiki/Psicolog%C3%ADa_inversa
fallacies,1095,es,https://es.wikipedia.org/wiki/Ley_de_Murphy
fallacies,1096,es,https://es.wikipedia.org/wiki/Pensamiento_de_suma_cero
fallacies,1097,es,https://es.wikipedia.org/wiki/Falacia_de_la_porci%C3%B3n_de_trabajo
fallacies,1098,es,https://es.wikipedia.org/wiki/Distorsi%C3%B3n_cognitiva
fallacies,1099,es,https://es.wikipedia.org/wiki/Distorsi%C3%B3n_cognitiva
fallacies,1100,es,https://es.wikipedia.org/wiki/Distorsi%C3%B3n_cognitiva
fallacies,1101,es,https://es.wikipedia.org/wiki/Distorsi%C3%B3n_cognitiva
fallacies,1102,es,https://es.wikipedia.org/wiki/Distorsi%C3%B3n_cognitiva
fallacies,1104,es,https://es.wikipedia.org/wiki/Sesgo_de_autoservicio
fallacies,1105,es,https://es.wikipedia.org/wiki/Sesgo_de_optimismo
fallacies,1106,es,https://es.wikipedia.org/wiki/Falacia_de_la_planificaci%C3%B3n
fallacies,1108,es,https://es.wikipedia.org/wiki/Efecto_de_positividad
fallacies,1109,es,https://es.wikipedia.org/wiki/Superioridad_ilusoria
fallacies,1110,es,https://es.wikipedia.org/wiki/Prejuicio_de_punto_ciego
fallacies,1113,es,https://es.wikipedia.org/wiki/Efecto_tercera_persona
fallacies,1114,es,https://es.wikipedia.org/wiki/Efecto_superconfianza
fallacies,1115,es,https://es.wikipedia.org/wiki/Ilusi%C3%B3n_del_control
fallacies,1118,es,https://es.wikipedia.org/wiki/Efecto_del_falso_consenso
fallacies,1120,es,https://es.wikipedia.org/wiki/Clivaje_%28psicolog%C3%ADa%29
fallacies,1126,es,https://es.wikipedia.org/wiki/Predicci%C3%B3n_afectiva
fallacies,1128,es,https://es.wikipedia.org/wiki/Predicci%C3%B3n_afectiva
fallacies,1129,es,https://es.wikipedia.org/wiki/Predicci%C3%B3n_afectiva
fallacies,1130,es,https://es.wikipedia.org/wiki/Predicci%C3%B3n_afectiva
fallacies,1131,es,https://es.wikipedia.org/wiki/Predicci%C3%B3n_afectiva
fallacies,1134,es,https://es.wikipedia.org/wiki/Predicci%C3%B3n_afectiva
fallacies,1135,es,https://es.wikipedia.org/wiki/Retrospecci%C3%B3n_id%C3%ADlica
fallacies,1136,es,https://es.wikipedia.org/wiki/Declinismo
fallacies,1137,es,https://es.wikipedia.org/wiki/Aversi%C3%B3n_a_la_p%C3%A9rdida
fallacies,1139,es,https://es.wikipedia.org/wiki/Sesgo_del_statu_quo
fallacies,1141,es,https://es.wikipedia.org/wiki/Anexo%3ASesgos_cognitivos
fallacies,1142,es,https://es.wikipedia.org/wiki/Reactancia_%28psicolog%C3%ADa%29
fallacies,1144,es,https://es.wikipedia.org/wiki/Sesgo_de_informaci%C3%B3n_%28psicolog%C3%ADa%29
fallacies,1145,es,https://es.wikipedia.org/wiki/Ley_de_Parkinson_de_la_trivialidad
fallacies,1149,es,https://es.wikipedia.org/wiki/Anexo%3ASesgos_cognitivos
fallacies,1150,es,https://es.wikipedia.org/wiki/Efecto_IKEA
fallacies,1151,es,https://es.wikipedia.org/wiki/Costo_hundido
fallacies,1152,es,https://es.wikipedia.org/wiki/Efecto_de_disposici%C3%B3n
fallacies,1153,es,https://es.wikipedia.org/wiki/Anexo%3ASesgos_cognitivos
fallacies,1155,es,https://es.wikipedia.org/wiki/Prejuicio_de_retrospectiva
fallacies,1157,es,https://es.wikipedia.org/wiki/Efecto_dotaci%C3%B3n
fallacies,1160,es,https://es.wikipedia.org/wiki/Sesgo_de_normalidad
fallacies,1161,es,https://es.wikipedia.org/wiki/Validaci%C3%B3n_subjetiva
fallacies,1165,es,https://es.wikipedia.org/wiki/Proyecci%C3%B3n_%28psicolog%C3%ADa%29
fallacies,1167,es,https://es.wikipedia.org/wiki/Culpabilizaci%C3%B3n_de_la_v%C3%ADctima
fallacies,1168,es,https://es.wikipedia.org/wiki/Autoculpabilizaci%C3%B3n
fallacies,1169,es,https://es.wikipedia.org/wiki/Distorsi%C3%B3n_cognitiva
fallacies,1170,es,https://es.wikipedia.org/wiki/Distorsi%C3%B3n_cognitiva
fallacies,1171,es,https://es.wikipedia.org/wiki/Distorsi%C3%B3n_cognitiva
fallacies,1172,es,https://es.wikipedia.org/wiki/Brecha_de_empat%C3%ADa
fallacies,1173,es,https://es.wikipedia.org/wiki/Egotismo
fallacies,1174,es,https://es.wikipedia.org/wiki/%C3%8Ddolos_de_la_caverna
fallacies,1176,es,https://es.wikipedia.org/wiki/Asimetr%C3%ADa_actor-observador
fallacies,1178,es,https://es.wikipedia.org/wiki/Sesgo_de_correspondencia
fallacies,1179,es,https://es.wikipedia.org/wiki/Hip%C3%B3tesis_de_atribuci%C3%B3n_defensiva
fallacies,1180,es,https://es.wikipedia.org/wiki/Sesgo_de_atribuci%C3%B3n_hostil
fallacies,1182,es,https://es.wikipedia.org/wiki/Problema_de_la_suerte_moral
fallacies,1187,es,https://es.wikipedia.org/wiki/Not_invented_here
fallacies,1188,es,https://es.wikipedia.org/wiki/Narcisismo_colectivo
fallacies,1190,es,https://es.wikipedia.org/wiki/Sesgo_endogrupal
fallacies,1191,es,https://es.wikipedia.org/wiki/Homogeneidad_exogrupal
fallacies,1192,es,https://es.wikipedia.org/wiki/Efecto_de_raza_cruzada
fallacies,1194,es,https://es.wikipedia.org/wiki/Teor%C3%ADa_conspirativa
fallacies,1195,es,https://es.wikipedia.org/wiki/Falacia_furtiva
fallacies,1199,es,https://es.wikipedia.org/wiki/Estereotipo
fallacies,1209,es,https://es.wikipedia.org/wiki/Discriminaci%C3%B3n_religiosa
fallacies,1210,es,https://es.wikipedia.org/wiki/Clasismo
fallacies,1212,es,https://es.wikipedia.org/wiki/Aspectismo
fallacies,1214,es,https://es.wikipedia.org/wiki/Discriminaci%C3%B3n_por_edad
fallacies,1216,es,https://es.wikipedia.org/wiki/Oikofobia
fallacies,1217,es,https://es.wikipedia.org/wiki/Alofilia
fallacies,1219,es,https://es.wikipedia.org/wiki/Malinchismo
fallacies,1221,es,https://es.wikipedia.org/wiki/Raza_y_sexualidad
fallacies,1222,es,https://es.wikipedia.org/wiki/Escapismo_%28sociolog%C3%ADa%29
fallacies,1223,es,https://es.wikipedia.org/wiki/Primitivismo
fallacies,1224,es,https://es.wikipedia.org/wiki/Apropiaci%C3%B3n_cultural
fallacies,1225,es,https://es.wikipedia.org/wiki/Fijaci%C3%B3n_funcional
fallacies,1226,es,https://es.wikipedia.org/wiki/Subjetividad
fallacies,1229,es,https://es.wikipedia.org/wiki/Deseabilidad_social
fallacies,1231,es,https://es.wikipedia.org/wiki/Efecto_halo
fallacies,1233,es,https://es.wikipedia.org/wiki/Efecto_animadora
fallacies,1234,es,https://es.wikipedia.org/wiki/Efecto_arrastre
fallacies,1235,es,https://es.wikipedia.org/wiki/Sesgo_de_grupo
fallacies,1238,es,https://es.wikipedia.org/wiki/Efecto_denominaci%C3%B3n
fallacies,1240,es,https://es.wikipedia.org/wiki/Efecto_de_decimaci%C3%B3n_num%C3%A9rica
fallacies,1241,es,https://es.wikipedia.org/wiki/Ilusi%C3%B3n_monetaria
fallacies,1247,es,https://es.wikipedia.org/wiki/Logocentrismo
fallacies,1250,es,https://es.wikipedia.org/wiki/Positivismo
fallacies,1253,es,https://es.wikipedia.org/wiki/Conductismo
fallacies,1254,es,https://es.wikipedia.org/wiki/Empirismo_l%C3%B3gico
fallacies,1257,es,https://es.wikipedia.org/wiki/Idealismo_subjetivo
fallacies,1260,es,https://es.wikipedia.org/wiki/Autoritarismo
fallacies,1263,es,https://es.wikipedia.org/wiki/Extremismo
fallacies,1266,es,https://es.wikipedia.org/wiki/Sectarismo
fallacies,1273,es,https://es.wikipedia.org/wiki/Pseudoescepticismo
fallacies,1297,es,https://es.wikipedia.org/wiki/Prueba_por_aseveraci%C3%B3n
fallacies,1301,es,https://es.wikipedia.org/wiki/Argumento_ad_nauseam
fallacies,1303,es,https://es.wikipedia.org/wiki/Carthago_delenda_est
fallacies,1307,es,https://es.wikipedia.org/wiki/Negacionismo
fallacies,1308,es,https://es.wikipedia.org/wiki/Revisionismo_hist%C3%B3rico_%28negacionismo%29
fallacies,1311,es,https://es.wikipedia.org/wiki/Gran_mentira
fallacies,1314,es,https://es.wikipedia.org/wiki/Red_herring
fallacies,1326,es,https://es.wikipedia.org/wiki/Argumento_ad_populum
fallacies,1328,es,https://es.wikipedia.org/wiki/Conclusi%C3%B3n_irrelevante
fallacies,1329,es,https://es.wikipedia.org/wiki/Restricci%C3%B3n_mental
fallacies,1330,es,https://es.wikipedia.org/wiki/Defensa_Chewbacca
fallacies,1349,es,https://es.wikipedia.org/wiki/Regresi%C3%B3n_infinita
fallacies,1350,es,https://es.wikipedia.org/wiki/Falacia_del_Nirvana
fallacies,1352,es,https://es.wikipedia.org/wiki/Envenenar_el_pozo
fallacies,1355,es,https://es.wikipedia.org/wiki/Proyecci%C3%B3n_%28psicolog%C3%ADa%29
fallacies,1360,es,https://es.wikipedia.org/wiki/Argumento_ad_hominem
fallacies,1365,es,https://es.wikipedia.org/wiki/Falacia_del_hombre_de_paja
fallacies,1371,es,https://es.wikipedia.org/wiki/Falacia_gen%C3%A9tica
fallacies,1379,es,https://es.wikipedia.org/wiki/Deshumanizaci%C3%B3n
fallacies,1381,es,https://es.wikipedia.org/wiki/Argumento_ad_hominem
fallacies,1393,es,https://es.wikipedia.org/wiki/Bulverismo
fallacies,1399,es,https://es.wikipedia.org/wiki/Vigilancia_del_tono
fallacies,1403,es,https://es.wikipedia.org/wiki/Insulto_gratuito
fallacies,1405,es,https://es.wikipedia.org/wiki/Incidentes_con_zapatos
fallacies,3,ar,https://ar.wikipedia.org/wiki/%D8%A7%D8%AD%D8%AA%D9%83%D8%A7%D9%85_%D8%A5%D9%84%D9%89_%D8%A7%D9%84%D8%AC%D9%87%D9%84
fallacies,22,ar,https://ar.wikipedia.org/wiki/%D8%AA%D8%AD%D9%84%D9%8A_%D8%A8%D8%A7%D9%84%D8%A5%D9%8A%D9%85%D8%A7%D9%86
fallacies,49,ar,https://ar.wikipedia.org/wiki/%D8%AA%D8%A3%D8%AB%D9%8A%D8%B1_%D8%B0%D9%87%D8%A8%D9%8A
fallacies,53,ar,https://ar.wikipedia.org/wiki/%D9%85%D9%86%D8%B7%D9%82_%D8%B9%D8%A7%D8%B7%D9%81%D9%8A
fallacies,65,ar,https://ar.wikipedia.org/wiki/%D9%85%D8%BA%D8%A7%D9%84%D8%B7%D8%A9_%D8%A7%D9%84%D8%A5%D8%B3%D9%83%D8%AA%D9%84%D9%86%D8%AF%D9%8A_%D8%BA%D9%8A%D8%B1_%D8%A7%D9%84%D8%AD%D9%82%D9%8A%D9%82%D9%8A
fallacies,66,ar,https://ar.wikipedia.org/wiki/%D8%A7%D9%86%D8%AD%D9%8A%D8%A7%D8%B2_%D8%AA%D8%A3%D9%83%D9%8A%D8%AF%D9%8A
fallacies,67,ar,https://ar.wikipedia.org/wiki/%D9%85%D9%86%D8%B9%D9%83%D8%B3_%D8%B3%D9%8A%D9%85%D9%84%D9%81%D9%8A%D8%B3
fallacies,71,ar,https://ar.wikipedia.org/wiki/%D8%AA%D9%88%D8%B3%D9%84_%D8%A8%D8%A7%D9%84%D9%85%D8%B1%D8%AC%D8%B9%D9%8A%D8%A9
fallacies,72,ar,https://ar.wikipedia.org/wiki/%D8%AA%D9%88%D8%B3%D9%84_%D8%A8%D8%A7%D9%84%D9%85%D8%B1%D8%AC%D8%B9%D9%8A%D8%A9
fallacies,78,ar,https://ar.wikipedia.org/wiki/%D8%AA%D9%88%D8%B3%D9%84_%D8%A8%D8%A7%D9%84%D9%85%D8%B1%D8%AC%D8%B9%D9%8A%D8%A9
fallacies,79,ar,https://ar.wikipedia.org/wiki/%D8%A7%D8%AD%D8%AA%D9%83%D8%A7%D9%85_%D8%A5%D9%84%D9%89_%D8%A7%D9%84%D8%A5%D9%86%D8%AC%D8%A7%D8%B2
fallacies,85,ar,https://ar.wikipedia.org/wiki/%D8%AA%D9%88%D8%B3%D9%84_%D8%A8%D8%A7%D9%84%D9%85%D8%B1%D8%AC%D8%B9%D9%8A%D8%A9
fallacies,96,ar,https://ar.wikipedia.org/wiki/%D9%85%D8%BA%D8%A7%D9%84%D8%B7%D8%A9_%D8%A7%D9%84%D9%85%D8%B0%D9%87%D8%A8_%D8%A7%D9%84%D8%B7%D8%A8%D9%8A%D8%B9%D9%8A
fallacies,98,ar,https://ar.wikipedia.org/wiki/%D8%A7%D8%AD%D8%AA%D9%83%D8%A7%D9%85_%D8%A5%D9%84%D9%89_%D8%B9%D8%A7%D9%85%D8%A9_%D8%A7%D9%84%D9%86%D8%A7%D8%B3
fallacies,101,ar,https://ar.wikipedia.org/wiki/%D8%B4%D8%B1%D8%A8_%D8%A7%D9%84%D9%83%D9%88%D9%84%D8%A7%D9%8A%D8%AF
fallacies,103,ar,https://ar.wikipedia.org/wiki/%D8%AA%D8%AC%D8%A7%D9%87%D9%84_%D8%A7%D9%84%D8%A3%D8%BA%D9%84%D8%A8%D9%8A%D8%A9
fallacies,106,ar,https://ar.wikipedia.org/wiki/%D9%85%D8%AA%D9%84%D8%A7%D8%B2%D9%85%D8%A9_%D9%84%D9%85_%D9%8A%D8%B5%D9%86%D8%B9_%D9%87%D9%86%D8%A7
fallacies,111,ar,https://ar.wikipedia.org/wiki/%D8%A7%D9%84%D9%87%D9%85%D8%AC%D9%8A_%D8%A7%D9%84%D9%86%D8%A8%D9%8A%D9%84
fallacies,112,ar,https://ar.wikipedia.org/wiki/%D9%85%D8%BA%D8%A7%D9%84%D8%B7%D8%A9_%D8%A3%D8%AE%D9%84%D8%A7%D9%82%D9%8A%D8%A9
fallacies,115,ar,https://ar.wikipedia.org/wiki/%D8%AA%D9%88%D8%B3%D9%84_%D8%A8%D8%A7%D9%84%D8%AD%D8%AF%D8%A7%D8%AB%D8%A9
fallacies,116,ar,https://ar.wikipedia.org/wiki/%D8%AA%D9%83%D8%A8%D8%B1_%D8%B2%D9%85%D9%86%D9%8A
fallacies,117,ar,https://ar.wikipedia.org/wiki/%D8%A3%D8%B1%D8%B6%D9%8A%D8%A9_%D8%A3%D8%AE%D9%84%D8%A7%D9%82%D9%8A%D8%A9_%D8%B9%D8%A7%D9%84%D9%8A%D8%A9
fallacies,118,ar,https://ar.wikipedia.org/wiki/%D9%86%D9%81%D8%A7%D8%AC_%28%D8%B5%D9%81%D8%A9%29
fallacies,119,ar,https://ar.wikipedia.org/wiki/%D9%86%D8%AE%D8%A8%D9%88%D9%8A%D8%A9
fallacies,128,ar,https://ar.wikipedia.org/wiki/%D8%A7%D8%AD%D8%AA%D9%83%D8%A7%D9%85_%D8%A5%D9%84%D9%89_%D8%A7%D9%84%D8%BA%D9%86%D9%89
fallacies,129,ar,https://ar.wikipedia.org/wiki/%D8%A7%D8%AD%D8%AA%D9%83%D8%A7%D9%85_%D8%A5%D9%84%D9%89_%D8%A7%D9%84%D9%81%D9%82%D8%B1
fallacies,137,ar,https://ar.wikipedia.org/wiki/%D9%85%D8%BA%D8%A7%D9%84%D8%B7%D8%A9_%D9%85%D8%A7%D9%83_%D9%86%D8%A7%D9%85%D8%A7%D8%B1%D8%A7
fallacies,138,ar,https://ar.wikipedia.org/wiki/%D8%AA%D8%A3%D8%AB%D9%8A%D8%B1_%D8%B6%D9%88%D8%A1_%D8%A7%D9%84%D8%B4%D8%A7%D8%B1%D8%B9
fallacies,141,ar,https://ar.wikipedia.org/wiki/%D8%A7%D9%86%D8%AD%D9%8A%D8%A7%D8%B2_%D8%A7%D9%84%D8%A5%D8%AF%D8%B1%D8%A7%D9%83_%D8%A7%D9%84%D9%85%D8%AA%D8%A3%D8%AE%D8%B1
fallacies,149,ar,https://ar.wikipedia.org/wiki/%D9%85%D9%81%D8%A7%D8%B1%D9%82%D8%A9_%D9%85%D9%83%D8%A7%D9%86%D9%8A%D8%A9
fallacies,151,ar,https://ar.wikipedia.org/wiki/%D9%85%D8%BA%D8%A7%D9%84%D8%B7%D8%A9_%D8%A7%D9%84%D8%AA%D8%A3%D8%AB%D9%8A%D9%84
fallacies,154,ar,https://ar.wikipedia.org/wiki/%D9%85%D8%BA%D8%A7%D9%84%D8%B7%D8%A9_%D8%A7%D9%84%D9%85%D8%BA%D8%A7%D9%84%D8%B7%D8%A9
fallacies,158,ar,https://ar.wikipedia.org/wiki/%D9%85%D8%BA%D8%A7%D9%84%D8%B7%D8%A9_%D8%A7%D9%84%D8%AF%D8%A7%D9%81%D8%B9
fallacies,160,ar,https://ar.wikipedia.org/wiki/%D9%85%D8%BA%D8%A7%D9%84%D8%B7%D8%A9_%D8%A7%D9%84%D8%AF%D8%A7%D9%81%D8%B9
fallacies,165,ar,https://ar.wikipedia.org/wiki/%D9%86%D8%B5%D9%84_%D8%A3%D9%88%D9%83%D8%A7%D9%85
fallacies,168,ar,https://ar.wikipedia.org/wiki/%D9%85%D8%BA%D8%A7%D9%84%D8%B7%D8%A9_%D8%B1%D8%AC%D9%84_%D8%A7%D9%84%D9%82%D8%B4
fallacies,171,ar,https://ar.wikipedia.org/wiki/%D8%A7%D9%84%D8%AE%D8%B7%D8%A3_%D8%A7%D9%84%D8%B9%D8%A7%D8%B7%D9%81%D9%8A
fallacies,175,ar,https://ar.wikipedia.org/wiki/%D8%AA%D8%A3%D8%AB%D9%8A%D8%B1_%D8%A7%D8%AC%D8%AA%D9%85%D8%A7%D8%B9%D9%8A
fallacies,176,ar,https://ar.wikipedia.org/wiki/%D8%A3%D8%B3%D9%84%D9%88%D8%A8_%D8%A8%D9%84%D8%A7%D8%BA%D9%8A
fallacies,177,ar,https://ar.wikipedia.org/wiki/%D9%84%D8%BA%D8%A9_%D8%A7%D9%86%D9%81%D8%B9%D8%A7%D9%84%D9%8A%D8%A9
fallacies,179,ar,https://ar.wikipedia.org/wiki/%D8%B3%D8%A4%D8%A7%D9%84_%D9%85%D8%B1%D9%83%D8%A8
fallacies,181,ar,https://ar.wikipedia.org/wiki/%D8%B3%D8%A4%D8%A7%D9%84_%D9%85%D8%B2%D8%AF%D9%88%D8%AC_%D8%A7%D9%84%D8%AF%D9%84%D8%A7%D9%84%D8%A9
fallacies,183,ar,https://ar.wikipedia.org/wiki/%D9%85%D8%B5%D8%A7%D8%AF%D8%B1%D8%A9_%D8%B9%D9%84%D9%89_%D9%85%D8%B7%D9%84%D9%88%D8%A8
fallacies,185,ar,https://ar.wikipedia.org/wiki/%D8%B9%D8%A8%D8%A7%D8%B1%D8%A9_%D9%85%D8%AA%D8%AF%D8%A7%D9%88%D9%84%D8%A9
fallacies,187,ar,https://ar.wikipedia.org/wiki/%D9%85%D9%82%D8%AA%D8%B7%D8%B9_%D8%B5%D9%88%D8%AA%D9%8A
fallacies,191,ar,https://ar.wikipedia.org/wiki/%D8%AA%D8%B4%D9%88%D9%8A%D8%B4
fallacies,192,ar,https://ar.wikipedia.org/wiki/%D8%A5%D8%B7%D9%86%D8%A7%D8%A8_%28%D9%84%D8%BA%D8%A9%29
fallacies,201,ar,https://ar.wikipedia.org/wiki/%D9%83%D8%AA%D8%A7%D8%A8%D8%A9_%D9%82%D8%A7%D9%86%D9%88%D9%86%D9%8A%D8%A9
fallacies,202,ar,https://ar.wikipedia.org/wiki/%D8%B8%D9%84%D8%A7%D9%85%D9%8A%D8%A9_%28%D9%85%D9%81%D9%87%D9%88%D9%85%29
fallacies,215,ar,https://ar.wikipedia.org/wiki/%D8%B5%D9%81%D8%A7%D9%82%D8%A9_%28%D8%B3%D9%84%D9%88%D9%83%29
fallacies,224,ar,https://ar.wikipedia.org/wiki/%D9%82%D8%B5%D8%B5_%D8%A7%D9%84%D8%AA%D9%87%D8%B1%D9%8A%D8%AC
fallacies,225,ar,https://ar.wikipedia.org/wiki/%D9%85%D9%81%D8%A7%D8%B1%D9%82%D8%A9_%D9%83%D8%B1%D9%8A%D8%AA
fallacies,229,ar,https://ar.wikipedia.org/wiki/%D8%AA%D9%88%D8%B1%D9%8A%D8%A9_%28%D8%A8%D9%84%D8%A7%D8%BA%D8%A9%29
fallacies,235,ar,https://ar.wikipedia.org/wiki/%D9%85%D8%AD%D8%A7%D9%83%D8%A7%D8%A9_%D8%B3%D8%A7%D8%AE%D8%B1%D8%A9
fallacies,237,ar,https://ar.wikipedia.org/wiki/%D9%85%D8%AB%D9%84_%D9%85%D9%82%D9%88%D9%84%D8%A8
fallacies,238,ar,https://ar.wikipedia.org/wiki/%D8%B3%D8%AE%D8%B1%D9%8A%D8%A9
fallacies,239,ar,https://ar.wikipedia.org/wiki/%D8%B3%D8%AE%D8%B1%D9%8A%D8%A9
fallacies,240,ar,https://ar.wikipedia.org/wiki/%D8%B3%D8%AE%D8%B1%D9%8A%D8%A9
fallacies,241,ar,https://ar.wikipedia.org/wiki/%D8%AA%D9%87%D9%83%D9%85
fallacies,244,ar,https://ar.wikipedia.org/wiki/%D9%83%D9%84%D8%A8%D9%8A%D8%A9_%28%D8%A7%D9%84%D9%85%D8%B9%D8%A7%D8%B5%D8%B1%D8%A9%29
fallacies,246,ar,https://ar.wikipedia.org/wiki/%D8%B9%D8%AF%D9%85%D9%8A%D8%A9
fallacies,248,ar,https://ar.wikipedia.org/wiki/%D8%A3%D8%B3%D9%84%D9%88%D8%A8_%D8%A8%D9%84%D8%A7%D8%BA%D9%8A
fallacies,251,ar,https://ar.wikipedia.org/wiki/%D8%B1%D8%AE%D8%A7%D9%85%D8%A9_%D8%A7%D9%84%D8%B5%D9%88%D8%AA
fallacies,253,ar,https://ar.wikipedia.org/wiki/%D8%AA%D8%BA%D9%8A%D9%8A%D8%B1_%28%D9%84%D8%BA%D8%A9%29
fallacies,254,ar,https://ar.wikipedia.org/wiki/%D9%85%D9%85%D8%A7%D8%AB%D9%84%D8%A9_%28%D8%B9%D9%84%D9%85_%D8%A7%D9%84%D8%A3%D8%B5%D9%88%D8%A7%D8%AA%29
fallacies,259,ar,https://ar.wikipedia.org/wiki/%D8%AA%D9%83%D8%B1%D8%A7%D8%B1_%D8%A7%D9%84%D8%B5%D8%AF%D8%A7%D8%B1%D8%A9
fallacies,260,ar,https://ar.wikipedia.org/wiki/%D8%AA%D9%83%D8%B1%D8%A7%D8%B1_%D8%A7%D9%84%D9%86%D9%87%D8%A7%D9%8A%D8%A9
fallacies,267,ar,https://ar.wikipedia.org/wiki/%D8%AA%D8%AB%D9%86%D9%8A%D8%A9_%D8%A7%D9%84%D9%88%D8%A7%D8%AD%D8%AF
fallacies,268,ar,https://ar.wikipedia.org/wiki/%D9%83%D9%84%D9%85%D8%A9_%D8%AC%D8%A7%D9%85%D8%B9%D8%A9
fallacies,270,ar,https://ar.wikipedia.org/wiki/%D8%A5%D8%B9%D8%A7%D8%AF%D8%A9_%D8%B5%D9%88%D8%BA
fallacies,272,ar,https://ar.wikipedia.org/wiki/%D8%AD%D8%B4%D9%88_%28%D8%A8%D9%84%D8%A7%D8%BA%D8%A9%29
fallacies,273,ar,https://ar.wikipedia.org/wiki/%D8%AD%D8%B0%D9%81_%28%D9%86%D8%AD%D9%88%29
fallacies,275,ar,https://ar.wikipedia.org/wiki/%D8%A3%D8%B3%D9%84%D9%88%D8%A8_%D8%A7%D9%84%D8%AA%D9%87%D9%83%D9%85
fallacies,277,ar,https://ar.wikipedia.org/wiki/%D8%A8%D8%A7%D8%B1%D8%A7%D9%84%D8%A8%D8%B3%D9%8A%D8%B3
fallacies,278,ar,https://ar.wikipedia.org/wiki/%D9%83%D9%84%D9%85%D8%A9_%D8%AC%D8%A7%D9%85%D8%B9%D8%A9
fallacies,279,ar,https://ar.wikipedia.org/wiki/%D9%83%D9%84%D9%85%D8%A9_%D8%AC%D8%A7%D9%85%D8%B9%D8%A9
fallacies,280,ar,https://ar.wikipedia.org/wiki/%D8%AA%D9%84%D9%85%D9%8A%D8%AD
fallacies,285,ar,https://ar.wikipedia.org/wiki/%D8%A5%D8%B6%D8%B1%D8%A7%D8%A8_%28%D8%A8%D9%84%D8%A7%D8%BA%D8%A9%29
fallacies,299,ar,https://ar.wikipedia.org/wiki/%D8%A7%D8%B3%D8%AA%D9%85%D8%A7%D9%84%D8%A9_%D8%A7%D9%84%D8%B9%D8%A7%D8%B7%D9%81%D8%A9_%28%D9%85%D8%BA%D8%A7%D9%84%D8%B7%D8%A9%29
fallacies,302,ar,https://ar.wikipedia.org/wiki/%D8%AA%D8%A3%D8%AB%D9%8A%D8%B1_%D8%A7%D9%84%D9%87%D8%A7%D9%84%D8%A9
fallacies,304,ar,https://ar.wikipedia.org/wiki/%D8%AA%D9%81%D9%83%D9%8A%D8%B1_%D8%B1%D8%BA%D8%A8%D9%88%D9%8A
fallacies,310,ar,https://ar.wikipedia.org/wiki/%D8%A7%D9%84%D8%AE%D8%A8%D8%B2_%D9%88%D8%A7%D9%84%D8%B3%D9%8A%D8%B1%D9%83
fallacies,313,ar,https://ar.wikipedia.org/wiki/%D8%A7%D8%B3%D8%AA%D9%85%D8%A7%D9%84%D8%A9_%D8%A8%D8%A7%D9%84%D8%A5%D8%B7%D8%B1%D8%A7%D8%A1_%28%D9%85%D8%BA%D8%A7%D9%84%D8%B7%D8%A9%29
fallacies,315,ar,https://ar.wikipedia.org/wiki/%D8%A3%D8%B1%D8%B6%D9%8A%D8%A9_%D8%A3%D8%AE%D9%84%D8%A7%D9%82%D9%8A%D8%A9_%D8%B9%D8%A7%D9%84%D9%8A%D8%A9
fallacies,319,ar,https://ar.wikipedia.org/wiki/%D8%A7%D8%B3%D8%AA%D8%AF%D8%B1%D8%A7%D8%B1_%D8%A7%D9%84%D8%B9%D8%B7%D9%81_%28%D9%85%D8%BA%D8%A7%D9%84%D8%B7%D8%A9%29
fallacies,320,ar,https://ar.wikipedia.org/wiki/%D9%81%D9%83%D8%B1_%D9%81%D9%8A_%D8%A7%D9%84%D8%A3%D8%B7%D9%81%D8%A7%D9%84
fallacies,323,ar,https://ar.wikipedia.org/wiki/%D8%A7%D8%AD%D8%AA%D9%83%D8%A7%D9%85_%D8%A5%D9%84%D9%89_%D8%A7%D9%84%D8%AD%D9%82%D8%AF
fallacies,324,ar,https://ar.wikipedia.org/wiki/%D8%AA%D9%88%D8%B3%D9%84_%D8%A8%D8%A7%D9%84%D8%A7%D8%B3%D8%AA%D9%87%D8%B2%D8%A7%D8%A1
fallacies,328,ar,https://ar.wikipedia.org/wiki/%D8%AD%D9%83%D9%85%D8%A9_%D8%A7%D9%84%D9%85%D9%82%D8%AA
fallacies,337,ar,https://ar.wikipedia.org/wiki/%D8%AA%D8%AE%D9%88%D9%8A%D9%81_%28%D9%85%D8%BA%D8%A7%D9%84%D8%B7%D8%A9%29
fallacies,338,ar,https://ar.wikipedia.org/wiki/%D8%A7%D9%84%D8%AE%D9%88%D9%81_%D9%88%D8%B9%D8%AF%D9%85_%D8%A7%D9%84%D9%8A%D9%82%D9%8A%D9%86_%D9%88%D8%A7%D9%84%D8%B4%D9%83
fallacies,339,ar,https://ar.wikipedia.org/wiki/%D8%B0%D8%B9%D8%B1_%D8%A3%D8%AE%D9%84%D8%A7%D9%82%D9%8A
fallacies,340,ar,https://ar.wikipedia.org/wiki/%D8%A7%D8%AD%D8%AA%D9%83%D8%A7%D9%85_%D8%A5%D9%84%D9%89_%D9%86%D8%AA%D8%A7%D8%A6%D8%AC_%28%D9%85%D8%BA%D8%A7%D9%84%D8%B7%D8%A9%29
fallacies,343,ar,https://ar.wikipedia.org/wiki/%D8%AA%D9%88%D8%B3%D9%84_%D8%A8%D8%A7%D9%84%D9%82%D9%88%D8%A9
fallacies,350,ar,https://ar.wikipedia.org/wiki/%D8%B9%D8%AC%D8%B1%D9%81%D8%A9_%D8%B0%D9%83%D9%88%D8%B1%D9%8A%D8%A9
fallacies,358,ar,https://ar.wikipedia.org/wiki/%D8%AA%D8%A3%D8%B7%D9%8A%D8%B1
fallacies,366,ar,https://ar.wikipedia.org/wiki/%D9%84%D8%BA%D8%A9_%D8%A7%D9%84%D8%A5%D8%A8%D8%B9%D8%A7%D8%AF
fallacies,367,ar,https://ar.wikipedia.org/wiki/%D8%AA%D8%A3%D8%AB%D9%8A%D8%B1_%D8%A7%D9%84%D9%86%D8%A7%D8%A6%D9%85
fallacies,368,ar,https://ar.wikipedia.org/wiki/%D8%A3%D8%AB%D8%B1_%D9%88%D9%87%D9%85_%D8%A7%D9%84%D8%AD%D9%82%D9%8A%D9%82%D8%A9
fallacies,370,ar,https://ar.wikipedia.org/wiki/%D8%AA%D8%A3%D8%AB%D9%8A%D8%B1_%D9%81%D9%88%D8%B1%D9%8A%D8%B1
fallacies,373,ar,https://ar.wikipedia.org/wiki/%D9%82%D8%B1%D8%A7%D8%A1%D8%A9_%D8%A8%D8%A7%D8%B1%D8%AF%D8%A9
fallacies,374,ar,https://ar.wikipedia.org/wiki/%D9%82%D8%B1%D8%A7%D8%A1%D8%A9_%D8%A8%D8%A7%D8%B1%D8%AF%D8%A9
fallacies,375,ar,https://ar.wikipedia.org/wiki/%D9%82%D8%B1%D8%A7%D8%A1%D8%A9_%D8%A8%D8%A7%D8%B1%D8%AF%D8%A9
fallacies,384,ar,https://ar.wikipedia.org/wiki/%D8%A5%D8%B4%D8%B1%D8%A7%D8%B7_%D8%A7%D8%B3%D8%AA%D8%AB%D8%A7%D8%A8%D9%8A
fallacies,385,ar,https://ar.wikipedia.org/wiki/%D8%A7%D9%84%D8%B9%D8%B5%D8%A7_%D9%88%D8%A7%D9%84%D8%AC%D8%B2%D8%B1%D8%A9
fallacies,386,ar,https://ar.wikipedia.org/wiki/%D8%B9%D9%84%D9%85_%D8%A7%D9%84%D8%AA%D8%B1%D8%A8%D9%8A%D8%A9_%D8%A7%D9%84%D8%B3%D8%A7%D9%85
fallacies,389,ar,https://ar.wikipedia.org/wiki/%D9%86%D8%B8%D8%B1%D9%8A%D8%A9_%D8%A7%D9%84%D8%AA%D8%AD%D8%B5%D9%8A%D9%86
fallacies,391,ar,https://ar.wikipedia.org/wiki/%D8%AA%D8%B9%D8%B2%D9%8A%D8%B2_%28%D8%B9%D9%84%D9%85_%D8%A7%D9%84%D9%86%D9%81%D8%B3%29
fallacies,392,ar,https://ar.wikipedia.org/wiki/%D9%86%D8%A8%D9%88%D8%A1%D8%A9_%D8%B0%D8%A7%D8%AA%D9%8A%D8%A9_%D8%A7%D9%84%D8%AA%D8%AD%D9%82%D9%82
fallacies,396,ar,https://ar.wikipedia.org/wiki/%D8%A7%D9%84%D8%AE%D9%88%D9%81_%D9%85%D9%86_%D8%A7%D9%84%D8%AA%D9%82%D9%8A%D9%8A%D9%85_%D8%A7%D9%84%D8%B3%D9%84%D8%A8%D9%8A
fallacies,397,ar,https://ar.wikipedia.org/wiki/%D9%86%D8%A8%D9%88%D8%A1%D8%A9_%D8%B0%D8%A7%D8%AA%D9%8A%D8%A9_%D8%A7%D9%84%D9%81%D8%B4%D9%84
fallacies,399,ar,https://ar.wikipedia.org/wiki/%D8%AA%D8%A3%D8%AB%D9%8A%D8%B1_%D8%A8%D8%AC%D9%85%D8%A7%D9%84%D9%8A%D9%88%D9%86
fallacies,400,ar,https://ar.wikipedia.org/wiki/%D8%AA%D8%A3%D8%AB%D9%8A%D8%B1_%D8%A7%D9%84%D8%BA%D9%88%D9%84%D9%85
fallacies,401,ar,https://ar.wikipedia.org/wiki/%D8%AA%D8%A3%D8%AB%D9%8A%D8%B1_%D9%85%D8%AA%D9%89
fallacies,405,ar,https://ar.wikipedia.org/wiki/%D8%B3%D8%AD%D8%B1_%28%D8%A5%D9%8A%D9%87%D8%A7%D9%85%29
fallacies,410,ar,https://ar.wikipedia.org/wiki/%D9%85%D8%AD%D9%81%D8%B2%D8%A7%D8%AA_%D9%84%D8%A7_%D8%B4%D8%B9%D9%88%D8%B1%D9%8A%D8%A9
fallacies,412,ar,https://ar.wikipedia.org/wiki/%D9%87%D8%A7%D9%86%D8%B2_%D8%A7%D9%84%D8%B0%D9%83%D9%8A_%28%D8%AD%D8%B5%D8%A7%D9%86%29
fallacies,414,ar,https://ar.wikipedia.org/wiki/%D9%87%D9%86%D8%AF%D8%B3%D8%A9_%D8%A7%D8%AC%D8%AA%D9%85%D8%A7%D8%B9%D9%8A%D8%A9
fallacies,415,ar,https://ar.wikipedia.org/wiki/%D9%88%D9%83%D8%B2%D8%A9
fallacies,416,ar,https://ar.wikipedia.org/wiki/%D8%A3%D9%86%D9%85%D8%A7%D8%B7_%D9%85%D8%B8%D9%84%D9%85%D8%A9
fallacies,417,ar,https://ar.wikipedia.org/wiki/%D8%B7%D8%B9%D9%85_%D8%A7%D9%84%D9%86%D9%82%D8%B1%D8%A9
fallacies,418,ar,https://ar.wikipedia.org/wiki/%D8%A5%D8%B4%D8%A7%D8%B9%D8%A9_%D8%A7%D9%84%D8%AE%D9%88%D9%81
fallacies,422,ar,https://ar.wikipedia.org/wiki/%D8%AA%D8%B2%D9%84%D9%81
fallacies,423,ar,https://ar.wikipedia.org/wiki/%D8%AA%D9%81%D8%A7%D8%AE%D8%B1
fallacies,426,ar,https://ar.wikipedia.org/wiki/%D9%82%D8%B5%D9%81_%D8%A7%D9%84%D8%AD%D8%A8
fallacies,427,ar,https://ar.wikipedia.org/wiki/%D8%AF%D9%85%D9%88%D8%B9_%D8%A7%D9%84%D8%AA%D9%85%D8%A7%D8%B3%D9%8A%D8%AD
fallacies,428,ar,https://ar.wikipedia.org/wiki/%D8%A7%D8%B3%D8%AA%D8%B1%D8%B9%D8%A7%D8%A1_%D8%A7%D9%84%D8%A7%D9%86%D8%AA%D8%A8%D8%A7%D9%87
fallacies,430,ar,https://ar.wikipedia.org/wiki/%D8%B3%D8%AD%D8%B1_%D8%B8%D8%A7%D9%87%D8%B1%D9%8A
fallacies,432,ar,https://ar.wikipedia.org/wiki/%D8%A5%D8%B0%D8%B9%D8%A7%D9%86_%28%D8%B9%D9%84%D9%85_%D9%86%D9%81%D8%B3%29
fallacies,433,ar,https://ar.wikipedia.org/wiki/%D8%AA%D8%B5%D8%B9%D9%8A%D8%AF_%D8%A7%D9%84%D8%A7%D9%84%D8%AA%D8%B2%D8%A7%D9%85
fallacies,434,ar,https://ar.wikipedia.org/wiki/%D8%AA%D9%88%D8%B7%D8%A6%D8%A9_%D9%82%D8%AF%D9%85
fallacies,443,ar,https://ar.wikipedia.org/wiki/%D8%A7%D9%84%D8%A8%D8%A7%D8%A8_%D9%81%D9%8A_%D8%A7%D9%84%D9%88%D8%AC%D9%87
fallacies,447,ar,https://ar.wikipedia.org/wiki/%D9%86%D8%B8%D8%B1%D9%8A%D8%A9_%D8%A7%D9%84%D9%88%D8%B5%D9%85
fallacies,455,ar,https://ar.wikipedia.org/wiki/%D9%87%D9%86%D8%AF%D8%B3%D8%A9_%D8%A7%D8%AC%D8%AA%D9%85%D8%A7%D8%B9%D9%8A%D8%A9_%28%D8%A3%D9%85%D9%86%29
fallacies,456,ar,https://ar.wikipedia.org/wiki/%D8%A3%D9%84%D8%B9%D8%A7%D8%A8_%D8%A7%D9%84%D8%B9%D9%82%D9%84
fallacies,457,ar,https://ar.wikipedia.org/wiki/%D8%B2%D8%B9%D8%B2%D8%B9%D8%A9_%D8%A7%D9%84%D8%A7%D8%B3%D8%AA%D9%82%D8%B1%D8%A7%D8%B1
fallacies,458,ar,https://ar.wikipedia.org/wiki/%D8%AA%D8%A3%D8%AB%D9%8A%D8%B1_%D8%B3%D8%AA%D8%B1%D9%88%D8%A8
fallacies,459,ar,https://ar.wikipedia.org/wiki/%D8%AA%D9%84%D8%A7%D8%B9%D8%A8_%D8%A8%D8%A7%D9%84%D8%B9%D9%82%D9%88%D9%84
fallacies,461,ar,https://ar.wikipedia.org/wiki/%D8%B4%D8%B9%D9%88%D8%B1_%D8%A8%D8%A7%D9%84%D8%B0%D9%86%D8%A8
fallacies,464,ar,https://ar.wikipedia.org/wiki/%D8%A7%D8%A8%D8%AA%D8%B2%D8%A7%D8%B2_%D8%B9%D8%A7%D8%B7%D9%81%D9%8A
fallacies,466,ar,https://ar.wikipedia.org/wiki/%D8%AA%D8%B1%D9%87%D9%8A%D8%A8
fallacies,468,ar,https://ar.wikipedia.org/wiki/%D8%AA%D9%88%D8%B3%D9%84_%D8%A8%D8%A7%D9%84%D9%82%D9%88%D8%A9
fallacies,470,ar,https://ar.wikipedia.org/wiki/%D8%A5%D8%B3%D8%A7%D8%A1%D8%A9_%D9%84%D9%81%D8%B8%D9%8A%D8%A9
fallacies,472,ar,https://ar.wikipedia.org/wiki/%D8%AA%D9%88%D8%AA%D8%B1_%D9%86%D9%81%D8%B3%D9%8A
fallacies,474,ar,https://ar.wikipedia.org/wiki/%D9%86%D9%82_%28%D8%B3%D9%84%D9%88%D9%83%29
fallacies,479,ar,https://ar.wikipedia.org/wiki/%D8%AA%D8%AD%D8%B1%D8%B4
fallacies,480,ar,https://ar.wikipedia.org/wiki/%D8%B3%D9%8A%D9%84%D8%A7%D9%8A%D9%88%D9%86%D9%8A%D9%86%D8%BA
fallacies,481,ar,https://ar.wikipedia.org/wiki/%D8%AA%D9%86%D9%85%D8%B1_%D8%AC%D9%86%D8%B3%D9%8A
fallacies,482,ar,https://ar.wikipedia.org/wiki/%D8%AA%D8%B9%D9%8A%D9%8A%D8%B1_%D8%A8%D8%A7%D9%84%D9%81%D8%B3%D9%82
fallacies,484,ar,https://ar.wikipedia.org/wiki/%D9%85%D9%84%D8%A7%D8%AD%D9%82%D8%A9
fallacies,485,ar,https://ar.wikipedia.org/wiki/%D8%B3%D9%84%D9%88%D9%83_%D8%B3%D9%84%D8%A8%D9%8A_%D8%B9%D8%AF%D9%88%D8%A7%D9%86%D9%8A
fallacies,486,ar,https://ar.wikipedia.org/wiki/%D9%85%D8%B9%D8%A7%D9%85%D9%84%D8%A9_%D8%B5%D8%A7%D9%85%D8%AA%D8%A9
fallacies,492,ar,https://ar.wikipedia.org/wiki/%D9%84%D8%B9%D8%A8_%D8%AF%D9%88%D8%B1_%D8%A7%D9%84%D8%B6%D8%AD%D9%8A%D8%A9
fallacies,494,ar,https://ar.wikipedia.org/wiki/%D9%88%D9%87%D8%A7%D9%85_%D8%A7%D9%84%D8%A7%D8%B6%D8%B7%D9%87%D8%A7%D8%AF
fallacies,495,ar,https://ar.wikipedia.org/wiki/%D8%AA%D8%AB%D9%84%D9%8A%D8%AB_%28%D8%B9%D9%84%D9%85_%D9%86%D9%81%D8%B3%29
fallacies,496,ar,https://ar.wikipedia.org/wiki/%D8%AA%D9%82%D9%84%D9%8A%D9%84_%28%D8%B9%D9%84%D9%85_%D9%86%D9%81%D8%B3%29
fallacies,502,ar,https://ar.wikipedia.org/wiki/%D8%A7%D9%84%D8%B9%D8%B2%D9%84%D8%A9_%D9%84%D8%AA%D8%B3%D9%87%D9%8A%D9%84_%D8%A7%D9%84%D8%A5%D8%B3%D8%A7%D8%A1%D8%A9
fallacies,503,ar,https://ar.wikipedia.org/wiki/%D8%A7%D9%84%D9%86%D8%B1%D8%AC%D8%B3%D9%8A%D8%A9_%D9%81%D9%8A_%D8%A8%D9%8A%D8%A6%D8%A9_%D8%A7%D9%84%D8%B9%D9%85%D9%84
fallacies,504,ar,https://ar.wikipedia.org/wiki/%D8%A5%D8%B9%D8%AF%D8%A7%D8%AF_%D8%A7%D9%84%D9%81%D8%B4%D9%84
fallacies,506,ar,https://ar.wikipedia.org/wiki/%D8%B9%D9%82%D9%84%D9%8A%D8%A9_%D8%A7%D9%84%D8%B3%D9%84%D8%B7%D8%B9%D9%88%D9%86
fallacies,513,ar,https://ar.wikipedia.org/wiki/%D8%AD%D8%AF%D9%8A%D8%AB_%D8%A7%D9%84%D8%B7%D9%81%D9%84
fallacies,514,ar,https://ar.wikipedia.org/wiki/%D9%84%D8%BA%D8%A9_%D8%AC%D8%A7%D9%86%D8%A8%D9%8A%D8%A9
fallacies,515,ar,https://ar.wikipedia.org/wiki/%D9%84%D8%BA%D8%A9_%D8%AC%D8%A7%D9%86%D8%A8%D9%8A%D8%A9
fallacies,516,ar,https://ar.wikipedia.org/wiki/%D9%84%D8%BA%D8%A9_%D8%AC%D8%A7%D9%86%D8%A8%D9%8A%D8%A9
fallacies,517,ar,https://ar.wikipedia.org/wiki/%D9%84%D8%BA%D8%A9_%D8%AC%D8%A7%D9%86%D8%A8%D9%8A%D8%A9
fallacies,518,ar,https://ar.wikipedia.org/wiki/%D8%AA%D9%86%D8%B8%D9%8A%D9%85_%D8%A7%D9%84%D9%88%D9%82%D8%AA
fallacies,520,ar,https://ar.wikipedia.org/wiki/%D8%A7%D9%84%D8%AA%D9%82%D8%A7%D8%A1_%D8%A7%D9%84%D8%B9%D9%8A%D9%88%D9%86
fallacies,1406,ar,https://ar.wikipedia.org/wiki/%D8%B9%D9%84%D9%85_%D8%A7%D9%84%D8%AD%D8%B1%D9%83%D8%A9_%D8%A7%D9%84%D8%AA%D9%88%D8%A7%D8%B5%D9%84%D9%8A
fallacies,521,ar,https://ar.wikipedia.org/wiki/%D8%AA%D8%B9%D8%A7%D8%A8%D9%8A%D8%B1_%D8%A7%D9%84%D9%88%D8%AC%D9%87
fallacies,522,ar,https://ar.wikipedia.org/wiki/%D8%A7%D9%84%D8%AA%D8%B9%D8%A8%D9%8A%D8%B1_%D8%A7%D9%84%D8%AF%D9%82%D9%8A%D9%82
fallacies,523,ar,https://ar.wikipedia.org/wiki/%D8%AD%D8%B1%D9%83%D8%A7%D8%AA_%D8%A7%D9%84%D9%8A%D8%AF
fallacies,526,ar,https://ar.wikipedia.org/wiki/%D8%BA%D9%85%D8%B2%D8%A9_%D8%A7%D9%84%D8%B9%D9%8A%D9%86
fallacies,528,ar,https://ar.wikipedia.org/wiki/%D8%BA%D9%85%D8%B2%D8%A9_%D8%A7%D9%84%D8%B9%D9%8A%D9%86
fallacies,530,ar,https://ar.wikipedia.org/wiki/%D9%82%D8%A8%D9%84%D8%A9_%D8%A7%D9%84%D8%A5%D8%B3%D9%83%D9%8A%D9%85%D9%88
fallacies,532,ar,https://ar.wikipedia.org/wiki/%D8%B6%D8%B1%D8%A8%D8%A9_%D9%82%D8%A8%D8%B6%D8%A9
fallacies,534,ar,https://ar.wikipedia.org/wiki/%D8%AA%D8%B4%D8%A7%D8%A8%D9%83_%D8%A7%D9%84%D8%A3%D8%B5%D8%A7%D8%A8%D8%B9
fallacies,536,ar,https://ar.wikipedia.org/wiki/%D8%AA%D9%82%D8%A8%D9%8A%D9%84_%D8%A7%D9%84%D9%8A%D8%AF
fallacies,539,ar,https://ar.wikipedia.org/wiki/%D8%A7%D9%86%D8%AD%D9%86%D8%A7%D8%A1
fallacies,541,ar,https://ar.wikipedia.org/wiki/%D8%A7%D9%86%D8%AD%D9%86%D8%A7%D8%A1%D8%A9_%D8%A7%D8%AD%D8%AA%D8%B1%D8%A7%D9%85
fallacies,545,ar,https://ar.wikipedia.org/wiki/%D8%B1%D9%81%D8%B9_%D8%A7%D9%84%D9%82%D8%A8%D8%B9%D8%A9
fallacies,547,ar,https://ar.wikipedia.org/wiki/%D8%A7%D9%84%D8%AA%D8%AD%D9%8A%D8%A9_%D8%A7%D9%84%D8%B1%D9%88%D9%85%D8%A7%D9%86%D9%8A%D8%A9
fallacies,548,ar,https://ar.wikipedia.org/wiki/%D8%AA%D8%AD%D9%8A%D8%A9_%D9%83%D8%B4%D9%81%D9%8A%D8%A9
fallacies,549,ar,https://ar.wikipedia.org/wiki/%D8%A7%D9%86%D8%AD%D9%86%D8%A7%D8%A1
fallacies,550,ar,https://ar.wikipedia.org/wiki/%D9%86%D9%85%D8%B3%D8%AA%D9%8A
fallacies,558,ar,https://ar.wikipedia.org/wiki/%D8%A7%D9%84%D8%AA%D8%AD%D9%8A%D8%A9_%D8%A7%D9%84%D9%86%D8%A7%D8%B2%D9%8A%D8%A9
fallacies,564,ar,https://ar.wikipedia.org/wiki/%D8%AA%D8%B5%D9%81%D9%8A%D9%82
fallacies,565,ar,https://ar.wikipedia.org/wiki/%D9%87%D8%A7%D9%8A_%D9%81%D8%A7%D9%8A%D9%81_%28%D8%A5%D8%B4%D8%A7%D8%B1%D8%A9_%D9%8A%D8%AF%29
fallacies,566,ar,https://ar.wikipedia.org/wiki/%D8%A5%D8%B4%D8%A7%D8%B1%D8%A9_%D8%A7%D9%84%D8%A5%D8%A8%D9%87%D8%A7%D9%85
fallacies,567,ar,https://ar.wikipedia.org/wiki/%D8%AA%D8%B5%D9%81%D9%8A%D9%82_%D9%85%D8%B9_%D8%A7%D9%84%D9%88%D9%82%D9%88%D9%81
fallacies,568,ar,https://ar.wikipedia.org/wiki/%D8%B9%D9%84%D8%A7%D9%85%D8%A9_%D8%A7%D9%84%D9%86%D8%B5%D8%B1
fallacies,572,ar,https://ar.wikipedia.org/wiki/%D8%B0%D8%B1%D8%A7%D8%B9_%D8%A7%D9%84%D8%B4%D8%B1%D9%81
fallacies,573,ar,https://ar.wikipedia.org/wiki/%D8%A5%D8%B5%D8%A8%D8%B9_%D8%A3%D9%88%D8%B3%D8%B7
fallacies,576,ar,https://ar.wikipedia.org/wiki/%D9%82%D8%B1%D8%B9_%D8%A7%D9%84%D8%A3%D8%B5%D8%A7%D8%A8%D8%B9
fallacies,579,ar,https://ar.wikipedia.org/wiki/%D8%A5%D8%B4%D8%A7%D8%B1%D8%A9_%D8%A7%D9%84%D8%A5%D8%A8%D9%87%D8%A7%D9%85
fallacies,581,ar,https://ar.wikipedia.org/wiki/%D8%B5%D9%83_%D9%88%D8%AC%D9%87
fallacies,582,ar,https://ar.wikipedia.org/wiki/%D8%AA%D8%AF%D9%88%D9%8A%D8%B1_%D8%A7%D9%84%D8%A5%D8%A8%D9%87%D8%A7%D9%85
fallacies,586,ar,https://ar.wikipedia.org/wiki/%D9%82%D8%B1%D8%A8%D9%8A%D8%A7%D8%AA_%28%D8%A7%D8%AC%D8%AA%D9%85%D8%A7%D8%B9%29
fallacies,587,ar,https://ar.wikipedia.org/wiki/%D8%A7%D9%84%D8%AD%D8%A7%D9%84%D8%A9_%D8%A7%D9%84%D8%AC%D8%B3%D8%AF%D9%8A%D8%A9_%D9%81%D9%8A_%D8%B9%D9%84%D9%85_%D8%A7%D9%84%D9%86%D9%81%D8%B3
fallacies,591,ar,https://ar.wikipedia.org/wiki/%D9%85%D8%B5%D9%86%D9%88%D8%B9_%D8%AB%D9%82%D8%A7%D9%81%D9%8A
fallacies,592,ar,https://ar.wikipedia.org/wiki/%D8%AA%D9%88%D8%A7%D8%B5%D9%84_%D8%BA%D9%8A%D8%B1_%D9%83%D9%84%D8%A7%D9%85%D9%8A
fallacies,593,ar,https://ar.wikipedia.org/wiki/%D8%AA%D9%88%D8%A7%D8%B5%D9%84_%D9%84%D9%85%D8%B3%D9%8A
fallacies,594,ar,https://ar.wikipedia.org/wiki/%D8%A5%D8%AB%D8%A8%D8%A7%D8%AA_%D8%AE%D8%A7%D8%B7%D8%A6
fallacies,595,ar,https://ar.wikipedia.org/wiki/%D8%AA%D8%B9%D9%85%D9%8A%D9%85_%D8%AE%D8%A7%D8%B7%D8%A6
fallacies,596,ar,https://ar.wikipedia.org/wiki/%D8%A7%D9%86%D8%AD%D9%8A%D8%A7%D8%B2_%D8%A7%D8%B3%D8%AA%D8%B9%D9%8A%D8%A7%D9%86%D9%8A
fallacies,598,ar,https://ar.wikipedia.org/wiki/%D8%A7%D9%84%D8%AA%D8%B9%D9%85%D9%8A%D9%85_%D8%A7%D9%84%D9%85%D8%AA%D8%AD%D9%8A%D8%B2
fallacies,601,ar,https://ar.wikipedia.org/wiki/%D9%85%D8%BA%D8%A7%D9%84%D8%B7%D8%A9_%D8%A7%D9%84%D8%A7%D8%B3%D8%AA%D9%82%D8%B1%D8%A7%D8%A1_%D8%A7%D9%84%D9%83%D8%B3%D9%88%D9%84
fallacies,603,ar,https://ar.wikipedia.org/wiki/%D8%A7%D9%84%D8%AA%D9%82%D8%A7%D8%B7%D9%8A%D8%A9
fallacies,609,ar,https://ar.wikipedia.org/wiki/%D8%A7%D9%86%D8%AD%D9%8A%D8%A7%D8%B2_%D8%A7%D9%84%D8%A8%D9%82%D8%A7%D8%A1
fallacies,615,ar,https://ar.wikipedia.org/wiki/%D9%85%D8%BA%D8%A7%D9%84%D8%B7%D8%A9_%D8%A7%D9%84%D8%AD%D8%A7%D8%AF%D8%AB
fallacies,616,ar,https://ar.wikipedia.org/wiki/%D9%85%D8%BA%D8%A7%D9%84%D8%B7%D8%A9_%D8%A7%D9%84%D8%A5%D8%B3%D9%83%D8%AA%D9%84%D9%86%D8%AF%D9%8A_%D8%BA%D9%8A%D8%B1_%D8%A7%D9%84%D8%AD%D9%82%D9%8A%D9%82%D9%8A
fallacies,617,ar,https://ar.wikipedia.org/wiki/%D8%A7%D9%84%D8%AD%D8%A7%D8%AF%D8%AB_%D8%A7%D9%84%D8%B9%D9%83%D8%B3%D9%8A
fallacies,620,ar,https://ar.wikipedia.org/wiki/%D8%A7%D8%B3%D8%AA%D8%AB%D9%86%D8%A7%D8%A1_%D8%B4%D8%A7%D9%85%D9%84
fallacies,622,ar,https://ar.wikipedia.org/wiki/%D9%85%D8%BA%D8%A7%D9%84%D8%B7%D8%A9_%D8%A7%D9%84%D8%AA%D8%B1%D9%83%D9%8A%D8%A8
fallacies,623,ar,https://ar.wikipedia.org/wiki/%D9%86%D8%B8%D8%B1%D9%8A%D8%A9_%D8%A7%D9%84%D8%A7%D8%B3%D8%AA%D8%B9%D8%A7%D8%AF%D8%A9
fallacies,625,ar,https://ar.wikipedia.org/wiki/%D9%85%D8%BA%D8%A7%D9%84%D8%B7%D8%A9_%D8%A7%D9%84%D8%AA%D9%81%D9%83%D9%8A%D9%83
fallacies,626,ar,https://ar.wikipedia.org/wiki/%D9%85%D8%BA%D8%A7%D9%84%D8%B7%D8%A9_%D8%A8%D9%8A%D8%A6%D9%8A%D8%A9
fallacies,627,ar,https://ar.wikipedia.org/wiki/%D9%85%D9%81%D8%A7%D8%B1%D9%82%D8%A9_%D8%B3%D9%85%D8%A8%D8%B3%D9%88%D9%86
fallacies,628,ar,https://ar.wikipedia.org/wiki/%D9%85%D8%BA%D8%A7%D9%84%D8%B7%D8%A9_%D8%A8%D9%8A%D8%A6%D9%8A%D8%A9
fallacies,629,ar,https://ar.wikipedia.org/wiki/%D9%85%D8%BA%D8%A7%D9%84%D8%B7%D8%A9_%D8%A8%D9%8A%D8%A6%D9%8A%D8%A9
fallacies,630,ar,https://ar.wikipedia.org/wiki/%D9%85%D8%BA%D8%A7%D9%84%D8%B7%D8%A9_%D8%A8%D9%8A%D8%A6%D9%8A%D8%A9
fallacies,633,ar,https://ar.wikipedia.org/wiki/%D8%B9%D9%84%D8%A7%D9%82%D8%A9_%D8%B2%D8%A7%D8%A6%D9%81%D8%A9
fallacies,634,ar,https://ar.wikipedia.org/wiki/%D8%A7%D9%84%D8%A7%D8%B1%D8%AA%D8%A8%D8%A7%D8%B7_%D9%84%D8%A7_%D9%8A%D9%82%D8%AA%D8%B6%D9%8A_%D8%A7%D9%84%D8%B3%D8%A8%D8%A8%D9%8A%D8%A9
fallacies,635,ar,https://ar.wikipedia.org/wiki/%D8%A8%D8%B9%D8%AF_%D9%87%D8%B0%D8%A7_%D8%AB%D9%85_%D8%A8%D8%B3%D8%A8%D8%A8_%D9%87%D8%B0%D8%A7
fallacies,642,ar,https://ar.wikipedia.org/wiki/%D8%B1%D8%A8%D8%B7_%D9%88%D9%87%D9%85%D9%8A
fallacies,645,ar,https://ar.wikipedia.org/wiki/%D8%A7%D9%84%D8%A7%D8%B3%D8%AA%D9%86%D8%A7%D8%AF_%D8%B9%D9%84%D9%89_%D8%A7%D8%AD%D8%AA%D9%85%D8%A7%D9%84%D9%8A%D8%A9_%D8%A7%D9%84%D9%88%D9%82%D9%88%D8%B9
fallacies,648,ar,https://ar.wikipedia.org/wiki/%D9%85%D8%BA%D8%A7%D9%84%D8%B7%D8%A9_%D9%85%D8%B9%D8%AF%D9%84_%D8%A7%D9%84%D8%A3%D8%B3%D8%A7%D8%B3
fallacies,649,ar,https://ar.wikipedia.org/wiki/%D8%A8%D8%B1%D9%87%D8%A7%D9%86_%D9%8A%D9%88%D9%85_%D8%A7%D9%84%D9%82%D9%8A%D8%A7%D9%85%D8%A9
fallacies,654,ar,https://ar.wikipedia.org/wiki/%D9%85%D8%BA%D8%A7%D9%84%D8%B7%D8%A9_%D8%A7%D9%84%D9%85%D9%82%D8%A7%D9%85%D8%B1
fallacies,657,ar,https://ar.wikipedia.org/wiki/%D9%85%D8%BA%D8%A7%D9%84%D8%B7%D8%A9_%D8%A7%D9%84%D8%AA%D8%B2%D8%A7%D9%85%D9%86
fallacies,659,ar,https://ar.wikipedia.org/wiki/%D9%85%D8%BA%D8%A7%D9%84%D8%B7%D8%A9_%D8%A7%D9%84%D8%A7%D8%B3%D8%AA%D9%85%D8%B1%D8%A7%D8%B1%D9%8A%D8%A9
fallacies,662,ar,https://ar.wikipedia.org/wiki/%D8%AA%D8%B3%D9%84%D8%B3%D9%84_%D9%84%D8%A7%D9%86%D9%87%D8%A7%D8%A6%D9%8A
fallacies,664,ar,https://ar.wikipedia.org/wiki/%D8%AA%D8%B3%D9%84%D8%B3%D9%84_%D9%84%D8%A7%D9%86%D9%87%D8%A7%D8%A6%D9%8A
fallacies,668,ar,https://ar.wikipedia.org/wiki/%D8%AF%D9%82%D8%A9_%D8%B2%D8%A7%D8%A6%D9%81%D8%A9
fallacies,673,ar,https://ar.wikipedia.org/wiki/%D8%AD%D9%84_%D9%88%D8%B3%D8%B7_%28%D9%85%D8%BA%D8%A7%D9%84%D8%B7%D8%A9%29
fallacies,674,ar,https://ar.wikipedia.org/wiki/%D8%AA%D8%B5%D9%85%D9%8A%D9%85_%D8%A7%D9%84%D9%84%D8%AC%D9%86%D8%A9
fallacies,677,ar,https://ar.wikipedia.org/wiki/%D9%85%D9%86%D8%AD%D8%AF%D8%B1_%D8%B2%D9%84%D9%82
fallacies,678,ar,https://ar.wikipedia.org/wiki/%D9%85%D9%88%D9%83%D8%A8_%D8%A7%D9%84%D8%B1%D8%B9%D8%A8
fallacies,682,ar,https://ar.wikipedia.org/wiki/%D9%85%D8%BA%D8%A7%D9%84%D8%B7%D8%A9_%D8%A7%D9%84%D8%B9%D8%AF_%D8%A7%D9%84%D9%85%D8%B2%D8%AF%D9%88%D8%AC
fallacies,683,ar,https://ar.wikipedia.org/wiki/%D9%82%D8%A7%D8%A6%D9%85%D8%A9_%D8%A7%D9%84%D9%85%D9%81%D8%A7%D8%B1%D9%82%D8%A7%D8%AA
fallacies,684,ar,https://ar.wikipedia.org/wiki/%D9%84%D8%BA%D8%B2_%D8%A7%D9%84%D8%AF%D9%88%D9%84%D8%A7%D8%B1_%D8%A7%D9%84%D9%85%D9%81%D9%82%D9%88%D8%AF
fallacies,688,ar,https://ar.wikipedia.org/wiki/%D8%B8%D8%A7%D9%87%D8%B1%D8%A9_%D9%88%D9%8A%D9%84_%D8%B1%D9%88%D8%AC%D8%B1%D8%B2
fallacies,689,ar,https://ar.wikipedia.org/wiki/%D8%AE%D8%B7%D8%A3_%D8%B9%D8%AF%D8%AF%D9%8A
fallacies,691,ar,https://ar.wikipedia.org/wiki/%D8%A5%D8%AB%D8%A8%D8%A7%D8%AA_%D8%AE%D8%A7%D8%B7%D8%A6
fallacies,696,ar,https://ar.wikipedia.org/wiki/%D9%85%D8%BA%D8%A7%D9%84%D8%B7%D8%A9
fallacies,698,ar,https://ar.wikipedia.org/wiki/%D9%85%D8%B5%D8%A7%D8%AF%D8%B1%D8%A9_%D8%B9%D9%84%D9%89_%D9%85%D8%B7%D9%84%D9%88%D8%A8
fallacies,699,ar,https://ar.wikipedia.org/wiki/%D8%A7%D8%B3%D8%AA%D8%AF%D9%84%D8%A7%D9%84_%D8%AF%D8%A7%D8%A6%D8%B1%D9%8A
fallacies,701,ar,https://ar.wikipedia.org/wiki/%D8%B3%D8%A4%D8%A7%D9%84_%D9%85%D8%B1%D9%83%D8%A8
fallacies,702,ar,https://ar.wikipedia.org/wiki/%D8%AA%D8%AC%D8%A7%D9%87%D9%84_%D8%A7%D9%84%D9%85%D8%B7%D9%84%D9%88%D8%A8
fallacies,706,ar,https://ar.wikipedia.org/wiki/%D8%AA%D8%B4%D9%88%D9%8A%D9%87_%D9%85%D8%B9%D8%B1%D9%81%D9%8A
fallacies,708,ar,https://ar.wikipedia.org/wiki/%D9%85%D8%BA%D8%A7%D9%84%D8%B7%D8%A9_%D8%AA%D8%A3%D9%83%D9%8A%D8%AF_%D8%A7%D9%84%D9%86%D8%AA%D9%8A%D8%AC%D8%A9
fallacies,710,ar,https://ar.wikipedia.org/wiki/%D8%B4%D8%B1%D8%B7_%D9%84%D8%A7%D8%B2%D9%85_%D9%88%D8%B4%D8%B1%D8%B7_%D9%83%D8%A7%D9%81
fallacies,714,ar,https://ar.wikipedia.org/wiki/%D8%AA%D9%88%D8%B3%D9%84_%D8%A8%D8%A7%D9%84%D9%86%D9%81%D8%A7%D9%82
fallacies,717,ar,https://ar.wikipedia.org/wiki/%D9%85%D8%BA%D8%A7%D9%84%D8%B7%D8%A9_%D8%A7%D9%84%D9%85%D9%82%D8%A7%D9%85%D8%B1
fallacies,719,ar,https://ar.wikipedia.org/wiki/%D8%A7%D9%84%D8%A7%D8%B1%D8%AA%D8%A8%D8%A7%D8%B7_%D9%84%D8%A7_%D9%8A%D9%82%D8%AA%D8%B6%D9%8A_%D8%A7%D9%84%D8%B3%D8%A8%D8%A8%D9%8A%D8%A9
fallacies,721,ar,https://ar.wikipedia.org/wiki/%D9%85%D8%BA%D8%A7%D9%84%D8%B7%D8%A9_%D8%A7%D9%84%D8%B3%D8%A8%D8%A8_%D8%A7%D9%84%D8%A3%D8%AD%D8%A7%D8%AF%D9%8A
fallacies,722,ar,https://ar.wikipedia.org/wiki/%D9%86%D9%81%D9%8A_%D8%A7%D9%84%D9%85%D9%82%D8%AF%D9%85%D8%A7%D8%AA
fallacies,723,ar,https://ar.wikipedia.org/wiki/%D8%AA%D8%B4%D9%88%D9%8A%D9%87_%D9%85%D8%B9%D8%B1%D9%81%D9%8A
fallacies,725,ar,https://ar.wikipedia.org/wiki/%D8%A8%D8%B9%D8%AF_%D9%87%D8%B0%D8%A7_%D8%AB%D9%85_%D8%A8%D8%B3%D8%A8%D8%A8_%D9%87%D8%B0%D8%A7
fallacies,729,ar,https://ar.wikipedia.org/wiki/%D9%86%D9%81%D9%8A_%D8%A7%D9%84%D9%85%D9%82%D8%AF%D9%85%D8%A7%D8%AA
fallacies,731,ar,https://ar.wikipedia.org/wiki/%D9%85%D8%BA%D8%A7%D9%84%D8%B7%D8%A9_%D8%AA%D8%A3%D9%83%D9%8A%D8%AF_%D8%A7%D9%84%D9%86%D8%AA%D9%8A%D8%AC%D8%A9
fallacies,737,ar,https://ar.wikipedia.org/wiki/%D8%A7%D8%B3%D8%AA%D8%AF%D9%84%D8%A7%D9%84_%D8%A8%D8%A7%D9%84%D8%A3%D9%85%D8%AB%D9%84%D8%A9
fallacies,739,ar,https://ar.wikipedia.org/wiki/%D9%85%D8%BA%D8%A7%D9%84%D8%B7%D8%A9_%D9%88%D8%AC%D9%88%D8%AF%D9%8A%D8%A9
fallacies,740,ar,https://ar.wikipedia.org/wiki/%D8%A7%D8%B3%D8%AA%D8%AF%D9%84%D8%A7%D9%84_%D9%85%D8%A8%D8%A7%D8%B4%D8%B1
fallacies,744,ar,https://ar.wikipedia.org/wiki/%D8%A7%D8%B3%D8%AA%D8%AF%D9%84%D8%A7%D9%84_%D9%85%D8%A8%D8%A7%D8%B4%D8%B1
fallacies,745,ar,https://ar.wikipedia.org/wiki/%D8%A7%D8%B3%D8%AA%D8%AF%D9%84%D8%A7%D9%84_%D9%85%D8%A8%D8%A7%D8%B4%D8%B1
fallacies,746,ar,https://ar.wikipedia.org/wiki/%D8%A7%D8%B3%D8%AA%D8%AF%D9%84%D8%A7%D9%84_%D9%85%D8%A8%D8%A7%D8%B4%D8%B1
fallacies,747,ar,https://ar.wikipedia.org/wiki/%D8%A7%D8%B3%D8%AA%D8%AF%D9%84%D8%A7%D9%84_%D9%85%D8%A8%D8%A7%D8%B4%D8%B1
fallacies,749,ar,https://ar.wikipedia.org/wiki/%D9%85%D8%BA%D8%A7%D9%84%D8%B7%D8%A9_%D8%AA%D8%A8%D8%AF%D9%8A%D9%84_%D9%85%D8%AD%D8%AF%D8%AF%D8%A7%D8%AA_%D8%A7%D9%84%D9%83%D9%85%D9%8A%D8%A9
fallacies,752,ar,https://ar.wikipedia.org/wiki/%D9%85%D8%BA%D8%A7%D9%84%D8%B7%D8%A9_%D8%A7%D9%84%D8%B1%D8%AC%D9%84_%D8%A7%D9%84%D9%85%D9%82%D9%86%D8%B9
fallacies,753,ar,https://ar.wikipedia.org/wiki/%D8%A7%D9%84%D9%85%D9%88%D8%AF%D8%A7%D9%84%D9%8A%D8%A9_%D8%A7%D9%84%D8%A3%D9%84%D9%8A%D8%AB%D9%8A%D8%A9
fallacies,756,ar,https://ar.wikipedia.org/wiki/%D8%AA%D8%B4%D9%88%D9%8A%D9%87_%D9%85%D8%B9%D8%B1%D9%81%D9%8A
fallacies,759,ar,https://ar.wikipedia.org/wiki/%D8%A7%D9%84%D9%82%D9%81%D8%B2_%D8%A5%D9%84%D9%89_%D8%A7%D9%84%D8%A7%D8%B3%D8%AA%D9%86%D8%AA%D8%A7%D8%AC%D8%A7%D8%AA
fallacies,768,ar,https://ar.wikipedia.org/wiki/%D9%85%D8%BA%D8%A7%D9%84%D8%B7%D8%A9_%D8%A7%D9%84%D8%AA%D9%83%D8%A7%D9%81%D8%A4_%D8%A7%D9%84%D9%83%D8%A7%D8%B0%D8%A8
fallacies,770,ar,https://ar.wikipedia.org/wiki/%D8%AA%D8%AD%D9%84%D9%8A_%D8%A8%D8%A7%D9%84%D8%A5%D9%8A%D9%85%D8%A7%D9%86
fallacies,774,ar,https://ar.wikipedia.org/wiki/%D8%AA%D8%B4%D9%88%D9%8A%D9%87_%D9%85%D8%B9%D8%B1%D9%81%D9%8A
fallacies,775,ar,https://ar.wikipedia.org/wiki/%D8%AA%D8%B4%D9%88%D9%8A%D9%87_%D9%85%D8%B9%D8%B1%D9%81%D9%8A
fallacies,776,ar,https://ar.wikipedia.org/wiki/%D8%AA%D8%B4%D9%88%D9%8A%D9%87_%D9%85%D8%B9%D8%B1%D9%81%D9%8A
fallacies,786,ar,https://ar.wikipedia.org/wiki/%D9%85%D8%BA%D8%A7%D9%84%D8%B7%D8%A9_%D8%A7%D9%84%D9%88%D8%B3%D8%B7_%D8%BA%D9%8A%D8%B1_%D8%A7%D9%84%D9%85%D8%B3%D8%AA%D8%BA%D8%B1%D9%82
fallacies,789,ar,https://ar.wikipedia.org/wiki/%D9%82%D9%8A%D8%A7%D8%B3_%D8%A8%D8%A7%D8%B7%D9%84
fallacies,792,ar,https://ar.wikipedia.org/wiki/%D8%A7%D8%B3%D8%AA%D9%86%D8%AA%D8%A7%D8%AC_%D8%AA%D9%88%D9%83%D9%8A%D8%AF%D9%8A_%D9%85%D9%86_%D9%85%D9%82%D8%AF%D9%85%D8%A7%D8%AA_%D9%86%D8%A7%D9%81%D9%8A%D8%A9
fallacies,794,ar,https://ar.wikipedia.org/wiki/%D9%85%D8%BA%D8%A7%D9%84%D8%B7%D8%A9_%D8%A7%D9%84%D9%85%D9%82%D8%AF%D9%85%D8%A7%D8%AA_%D8%A7%D9%84%D8%A8%D8%AD%D8%AA%D8%A9
fallacies,796,ar,https://ar.wikipedia.org/wiki/%D9%85%D8%BA%D8%A7%D9%84%D8%B7%D8%A9_%D8%A7%D9%84%D8%B4%D8%B1%D9%88%D8%B7_%D8%A7%D9%84%D8%A3%D8%B1%D8%A8%D8%B9%D8%A9
fallacies,804,ar,https://ar.wikipedia.org/wiki/%D8%AA%D8%B9%D8%B3%D9%81
fallacies,809,ar,https://ar.wikipedia.org/wiki/%D8%A7%D8%B1%D8%AA%D8%A8%D8%A7%D8%B7_%D9%85%D9%84%D8%BA%D9%89
fallacies,810,ar,https://ar.wikipedia.org/wiki/%D8%A5%D9%86%D9%83%D8%A7%D8%B1_%D8%A7%D9%84%D8%A7%D8%B1%D8%AA%D8%A8%D8%A7%D8%B7
fallacies,813,ar,https://ar.wikipedia.org/wiki/%D9%85%D8%BA%D8%A7%D9%84%D8%B7%D8%A9_%D8%A7%D9%84%D8%A5%D8%B3%D9%83%D8%AA%D9%84%D9%86%D8%AF%D9%8A_%D8%BA%D9%8A%D8%B1_%D8%A7%D9%84%D8%AD%D9%82%D9%8A%D9%82%D9%8A
fallacies,814,ar,https://ar.wikipedia.org/wiki/%D9%85%D8%A3%D8%B2%D9%82_%D9%85%D9%81%D8%AA%D8%B9%D9%84
fallacies,817,ar,https://ar.wikipedia.org/wiki/%D8%A7%D9%86%D9%81%D8%B5%D8%A7%D9%85_%28%D8%B9%D9%84%D9%85_%D8%A7%D9%84%D9%86%D9%81%D8%B3%29
fallacies,822,ar,https://ar.wikipedia.org/wiki/%D9%86%D9%82%D8%B7%D8%A9_%D9%86%D9%82%D8%A7%D8%B4
fallacies,839,ar,https://ar.wikipedia.org/wiki/%D8%A7%D9%84%D8%AD%D8%AC%D8%A9_%D9%85%D9%86_%D8%A7%D9%84%D9%82%D9%8A%D8%A7%D8%B3
fallacies,843,ar,https://ar.wikipedia.org/wiki/%D9%85%D8%BA%D8%A7%D9%84%D8%B7%D8%A9_%D8%A7%D9%84%D8%AA%D9%83%D8%A7%D9%81%D8%A4_%D8%A7%D9%84%D9%83%D8%A7%D8%B0%D8%A8
fallacies,844,ar,https://ar.wikipedia.org/wiki/%D8%B0%D9%86%D8%A8_%D8%A8%D8%A7%D9%84%D8%AA%D8%AF%D8%A7%D8%B9%D9%8A_%28%D9%85%D8%BA%D8%A7%D9%84%D8%B7%D8%A9%29
fallacies,847,ar,https://ar.wikipedia.org/wiki/%D9%85%D8%BA%D8%A7%D9%84%D8%B7%D8%A9_%D8%A7%D8%B4%D8%AA%D8%B1%D8%A7%D9%83_%D8%A7%D9%84%D8%AA%D8%B1%D9%83%D9%8A%D8%A8
fallacies,850,ar,https://ar.wikipedia.org/wiki/%D9%85%D8%BA%D8%A7%D9%84%D8%B7%D8%A9_%D8%AA%D8%A8%D8%AF%D9%8A%D9%84_%D9%85%D8%AD%D8%AF%D8%AF%D8%A7%D8%AA_%D8%A7%D9%84%D9%83%D9%85%D9%8A%D8%A9
fallacies,854,ar,https://ar.wikipedia.org/wiki/%D9%84%D9%81%D8%B8_%D8%A8%D8%B1%D8%A8%D8%B1%D9%8A
fallacies,857,ar,https://ar.wikipedia.org/wiki/%D8%AF%D9%82%D8%A9_%D8%B2%D8%A7%D8%A6%D9%81%D8%A9
fallacies,860,ar,https://ar.wikipedia.org/wiki/%D8%B9%D9%84%D9%85_%D8%A7%D9%84%D8%AA%D8%B3%D9%85%D9%8A%D8%A9
fallacies,865,ar,https://ar.wikipedia.org/wiki/%D8%AA%D8%B7%D9%88%D8%B1_%D8%AF%D9%84%D8%A7%D9%84%D9%8A
fallacies,869,ar,https://ar.wikipedia.org/wiki/%D9%85%D8%BA%D8%A7%D9%84%D8%B7%D8%A9_%D8%A7%D9%84%D8%AA%D8%AC%D8%B3%D9%8A%D9%85
fallacies,875,ar,https://ar.wikipedia.org/wiki/%D9%85%D8%BA%D8%A7%D9%84%D8%B7%D8%A9_%D8%A7%D9%84%D8%AD%D8%B5%D9%86_%D9%88%D8%A7%D9%84%D9%81%D9%86%D8%A7%D8%A1
fallacies,881,ar,https://ar.wikipedia.org/wiki/%D8%AF%D8%B9%D8%A7%D9%8A%D8%A9_%28%D9%85%D8%B5%D8%B7%D9%84%D8%AD%29
fallacies,883,ar,https://ar.wikipedia.org/wiki/%D8%AF%D8%B9%D8%A7%D9%8A%D8%A9_%28%D9%85%D8%B5%D8%B7%D9%84%D8%AD%29
fallacies,887,ar,https://ar.wikipedia.org/wiki/%D8%BA%D8%B4_%28%D8%A3%D8%AE%D9%84%D8%A7%D9%82%29
fallacies,890,ar,https://ar.wikipedia.org/wiki/%D9%86%D8%B5%D9%81_%D8%A7%D9%84%D8%AD%D9%82%D9%8A%D9%82%D8%A9
fallacies,892,ar,https://ar.wikipedia.org/wiki/%D8%AA%D9%82%D9%84%D9%8A%D9%84_%28%D8%B9%D9%84%D9%85_%D9%86%D9%81%D8%B3%29
fallacies,894,ar,https://ar.wikipedia.org/wiki/%D9%85%D8%BA%D8%A7%D9%84%D8%B7%D8%A9_%D8%B1%D8%AC%D9%84_%D8%A7%D9%84%D9%82%D8%B4
fallacies,895,ar,https://ar.wikipedia.org/wiki/%D8%AA%D8%B4%D9%88%D9%8A%D9%87_%D9%85%D8%B9%D8%B1%D9%81%D9%8A
fallacies,898,ar,https://ar.wikipedia.org/wiki/%D9%83%D8%B0%D8%A8
fallacies,899,ar,https://ar.wikipedia.org/wiki/%D9%83%D8%B0%D8%A8%D8%A9_%D9%86%D8%A8%D9%8A%D9%84%D8%A9
fallacies,902,ar,https://ar.wikipedia.org/wiki/%D9%83%D8%B0%D8%A8
fallacies,903,ar,https://ar.wikipedia.org/wiki/%D9%81%D8%B1%D8%B6_%D8%B2%D8%A7%D8%A6%D9%81
fallacies,910,ar,https://ar.wikipedia.org/wiki/%D8%A3%D8%AE%D8%A8%D8%A7%D8%B1_%D9%83%D8%A7%D8%B0%D8%A8%D8%A9
fallacies,911,ar,https://ar.wikipedia.org/wiki/%D8%BA%D8%B1%D9%81%D8%A9_%D8%A7%D9%84%D8%B5%D8%AF%D9%89_%28%D8%A5%D8%B9%D9%84%D8%A7%D9%85%29
fallacies,914,ar,https://ar.wikipedia.org/wiki/%D8%A7%D8%B3%D8%AA%D8%B1%D8%A7%D8%AA%D9%8A%D8%AC%D9%8A%D8%A9_%D8%A7%D9%84%D9%82%D8%B7_%D8%A7%D9%84%D9%85%D9%8A%D8%AA
fallacies,916,ar,https://ar.wikipedia.org/wiki/%D8%A5%D8%B4%D8%A7%D8%B9%D8%A9
fallacies,917,ar,https://ar.wikipedia.org/wiki/%D8%AD%D9%85%D9%84%D8%A9_%D8%AA%D8%B4%D9%88%D9%8A%D9%87
fallacies,919,ar,https://ar.wikipedia.org/wiki/%D8%A5%D8%B4%D8%A7%D8%B9%D8%A9_%D8%A7%D9%84%D8%AE%D9%88%D9%81
fallacies,920,ar,https://ar.wikipedia.org/wiki/%D8%A7%D9%84%D8%AE%D9%88%D9%81_%D9%88%D8%B9%D8%AF%D9%85_%D8%A7%D9%84%D9%8A%D9%82%D9%8A%D9%86_%D9%88%D8%A7%D9%84%D8%B4%D9%83
fallacies,921,ar,https://ar.wikipedia.org/wiki/%D8%A7%D8%B3%D8%AA%D8%B1%D8%A7%D8%AA%D9%8A%D8%AC%D9%8A%D8%A9_%D8%A7%D9%84%D8%AA%D9%88%D8%AA%D8%B1
fallacies,922,ar,https://ar.wikipedia.org/wiki/%D8%B0%D8%B9%D8%B1_%D8%A3%D8%AE%D9%84%D8%A7%D9%82%D9%8A
fallacies,925,ar,https://ar.wikipedia.org/wiki/%D8%A3%D8%B3%D8%B7%D9%88%D8%B1%D8%A9
fallacies,927,ar,https://ar.wikipedia.org/wiki/%D9%83%D8%B1%D9%8A%D8%A8%D9%8A_%D8%A8%D8%A7%D8%B3%D8%AA%D8%A7
fallacies,934,ar,https://ar.wikipedia.org/wiki/%D9%83%D8%B0%D8%A8
fallacies,941,ar,https://ar.wikipedia.org/wiki/%D9%83%D8%B0%D8%A8_%D9%85%D8%B1%D8%B6%D9%8A
fallacies,942,ar,https://ar.wikipedia.org/wiki/%D8%A5%D8%B3%D9%86%D8%A7%D8%AF_%D8%B2%D8%A7%D8%A6%D9%81
fallacies,943,ar,https://ar.wikipedia.org/wiki/%D8%A7%D9%82%D8%AA%D8%A8%D8%A7%D8%B3_%D8%AE%D8%A7%D8%B1%D8%AC_%D8%A7%D9%84%D8%B3%D9%8A%D8%A7%D9%82
fallacies,944,ar,https://ar.wikipedia.org/wiki/%D9%85%D9%82%D8%AA%D8%B7%D8%B9_%D8%B5%D9%88%D8%AA%D9%8A
fallacies,947,ar,https://ar.wikipedia.org/wiki/%D8%AA%D8%A7%D8%B1%D9%8A%D8%AE_%D8%B2%D8%A7%D8%A6%D9%81
fallacies,948,ar,https://ar.wikipedia.org/wiki/%D8%A5%D8%B3%D9%86%D8%A7%D8%AF_%D8%AF%D8%A7%D8%A6%D8%B1%D9%8A
fallacies,949,ar,https://ar.wikipedia.org/wiki/%D8%A5%D8%B3%D9%86%D8%A7%D8%AF_%D8%AF%D8%A7%D8%A6%D8%B1%D9%8A
fallacies,950,ar,https://ar.wikipedia.org/wiki/%D8%AA%D8%A3%D8%AB%D9%8A%D8%B1_%D9%88%D9%88%D8%B2%D9%84
fallacies,955,ar,https://ar.wikipedia.org/wiki/%D9%83%D9%8A%D9%84_%D8%A8%D9%85%D9%83%D9%8A%D8%A7%D9%84%D9%8A%D9%86
fallacies,956,ar,https://ar.wikipedia.org/wiki/%D8%A7%D9%84%D8%AA%D9%85%D8%A7%D8%B3_%D8%AE%D8%A7%D8%B5
fallacies,961,ar,https://ar.wikipedia.org/wiki/%D8%B3%D9%88%D8%A1_%D9%86%D9%8A%D8%A9
fallacies,967,ar,https://ar.wikipedia.org/wiki/%D8%AA%D8%AD%D9%8A%D8%B2_%D8%A7%D9%84%D9%86%D8%B4%D8%B1
fallacies,968,ar,https://ar.wikipedia.org/wiki/%D8%A7%D9%86%D8%AD%D9%8A%D8%A7%D8%B2_%D8%A7%D9%84%D9%82%D8%A8%D8%B9%D8%A9_%D8%A7%D9%84%D8%A8%D9%8A%D8%B6%D8%A7%D8%A1
fallacies,969,ar,https://ar.wikipedia.org/wiki/%D8%AA%D8%AD%D9%8A%D8%B2_%D8%A7%D9%84%D9%86%D8%B4%D8%B1
fallacies,973,ar,https://ar.wikipedia.org/wiki/%D9%85%D8%BA%D8%A7%D9%84%D8%B7%D8%A9_%D8%AA%D8%AD%D8%B1%D9%8A%D9%83_%D8%A7%D9%84%D9%85%D8%B1%D9%85%D9%89
fallacies,977,ar,https://ar.wikipedia.org/wiki/%D9%85%D8%BA%D8%A7%D9%84%D8%B7%D8%A9_%D8%A7%D9%84%D9%86%D9%8A%D8%B1%D9%81%D8%A7%D9%86%D8%A7
fallacies,979,ar,https://ar.wikipedia.org/wiki/%D8%AA%D8%B3%D9%84%D8%B3%D9%84_%D9%84%D8%A7%D9%86%D9%87%D8%A7%D8%A6%D9%8A
fallacies,994,ar,https://ar.wikipedia.org/wiki/%D9%84%D8%BA%D8%A9_%D8%A7%D9%84%D8%AE%D8%B4%D8%A8
fallacies,1012,ar,https://ar.wikipedia.org/wiki/%D8%A7%D9%84%D8%AD%D8%AC%D8%A9_%D9%85%D9%86_%D8%A7%D9%84%D8%B3%D9%83%D9%88%D8%AA
fallacies,1013,ar,https://ar.wikipedia.org/wiki/%D8%AA%D9%87%D9%88%D9%8A%D9%86_%28%D9%85%D9%86%D8%B7%D9%82%29
fallacies,1014,ar,https://ar.wikipedia.org/wiki/%D9%85%D8%AD%D8%A7%D9%85%D9%8A_%D8%A7%D9%84%D8%B4%D9%8A%D8%B7%D8%A7%D9%86
fallacies,1025,ar,https://ar.wikipedia.org/wiki/%D8%A7%D9%86%D8%AD%D9%8A%D8%A7%D8%B2_%D8%A7%D9%84%D8%A7%D9%86%D8%AA%D8%A8%D8%A7%D9%87
fallacies,1026,ar,https://ar.wikipedia.org/wiki/%D8%AA%D8%A3%D8%AB%D9%8A%D8%B1_%D8%A7%D9%84%D8%B3%D9%8A%D8%A7%D9%82
fallacies,1027,ar,https://ar.wikipedia.org/wiki/%D8%AA%D8%A3%D8%AB%D9%8A%D8%B1_%D8%A7%D9%84%D8%B7%D8%B1%D9%8A%D9%82%D8%A9
fallacies,1028,ar,https://ar.wikipedia.org/wiki/%D8%AA%D8%A3%D8%AB%D9%8A%D8%B1_%D8%A7%D9%84%D9%85%D9%88%D9%82%D9%81_%D8%A7%D9%84%D9%85%D8%AA%D8%B3%D9%84%D8%B3%D9%84
fallacies,1029,ar,https://ar.wikipedia.org/wiki/%D8%AA%D8%A3%D8%AB%D9%8A%D8%B1_%D8%A7%D9%84%D9%85%D9%88%D9%82%D9%81_%D8%A7%D9%84%D9%85%D8%AA%D8%B3%D9%84%D8%B3%D9%84
fallacies,1030,ar,https://ar.wikipedia.org/wiki/%D8%AA%D8%B0%D9%83%D8%B1
fallacies,1031,ar,https://ar.wikipedia.org/wiki/%D9%82%D8%A7%D8%A6%D9%85%D8%A9_%D8%A7%D9%84%D8%A7%D9%86%D8%AD%D9%8A%D8%A7%D8%B2%D8%A7%D8%AA_%D8%A7%D9%84%D9%85%D8%B9%D8%B1%D9%81%D9%8A%D8%A9
fallacies,1032,ar,https://ar.wikipedia.org/wiki/%D8%AA%D8%A3%D8%AB%D9%8A%D8%B1_%D8%A7%D9%84%D8%A3%D9%81%D8%B6%D9%84%D9%8A%D8%A9_%D9%84%D9%84%D8%B5%D9%88%D8%B1
fallacies,1033,ar,https://ar.wikipedia.org/wiki/%D8%AA%D8%AB%D8%A8%D9%8A%D8%B7_%D8%A7%D9%84%D8%B0%D8%A7%D9%83%D8%B1%D8%A9
fallacies,1034,ar,https://ar.wikipedia.org/wiki/%D8%AA%D8%AB%D8%A8%D9%8A%D8%B7_%D8%A7%D9%84%D8%B0%D8%A7%D9%83%D8%B1%D8%A9
fallacies,1035,ar,https://ar.wikipedia.org/wiki/%D8%A7%D9%84%D9%86%D8%B3%D9%8A%D8%A7%D9%86_%D8%A7%D9%84%D9%85%D8%AD%D8%B1%D8%B6_%D8%A8%D8%A7%D8%B3%D8%AA%D8%B1%D8%AC%D8%A7%D8%B9_%D8%A7%D9%84%D8%B0%D9%83%D8%B1%D9%8A%D8%A7%D8%AA
fallacies,1036,ar,https://ar.wikipedia.org/wiki/%D8%B1%D9%82%D9%85_%D8%B3%D8%A8%D8%B9%D8%A9_%D8%A7%D9%84%D8%B3%D8%AD%D8%B1%D9%8A%3A_%D8%A8%D8%AC%D9%85%D8%B9_%D8%A3%D9%88_%D8%B7%D8%B1%D8%AD_%D8%A7%D8%AB%D9%86%D9%8A%D9%86
fallacies,1038,ar,https://ar.wikipedia.org/wiki/%D9%82%D8%A7%D9%86%D9%88%D9%86_%D9%88%D9%8A%D8%A8%D8%B1-%D9%81%D9%8A%D8%B4%D9%86%D8%B1
fallacies,1039,ar,https://ar.wikipedia.org/wiki/%D8%AA%D8%A3%D8%AB%D9%8A%D8%B1_%D8%A7%D9%84%D8%AA%D8%A3%D8%B7%D9%8A%D8%B1
fallacies,1041,ar,https://ar.wikipedia.org/wiki/%D8%A7%D9%86%D8%AD%D9%8A%D8%A7%D8%B2_%D9%84%D9%84%D8%AA%D8%A8%D8%A7%D9%8A%D9%86
fallacies,1042,ar,https://ar.wikipedia.org/wiki/%D8%AA%D8%A3%D8%AB%D9%8A%D8%B1_%D8%A7%D9%84%D8%A3%D9%82%D9%84_%D8%A3%D9%81%D8%B6%D9%84
fallacies,1043,ar,https://ar.wikipedia.org/wiki/%D8%AA%D8%A3%D8%AB%D9%8A%D8%B1_%D9%81%D9%88%D9%86_%D8%B1%D9%8A%D8%B3%D8%AA%D9%88%D8%B1%D9%81
fallacies,1044,ar,https://ar.wikipedia.org/wiki/%D8%AA%D8%A3%D8%AB%D9%8A%D8%B1_%D8%A7%D9%84%D8%BA%D8%B1%D8%A7%D8%A8%D8%A9
fallacies,1045,ar,https://ar.wikipedia.org/wiki/%D9%82%D8%A7%D8%A6%D9%85%D8%A9_%D8%A7%D9%84%D8%A7%D9%86%D8%AD%D9%8A%D8%A7%D8%B2%D8%A7%D8%AA_%D8%A7%D9%84%D9%85%D8%B9%D8%B1%D9%81%D9%8A%D8%A9
fallacies,1046,ar,https://ar.wikipedia.org/wiki/%D8%A7%D8%B1%D8%AA%D8%B3%D8%A7%D8%A1
fallacies,1047,ar,https://ar.wikipedia.org/wiki/%D8%AA%D8%A3%D8%AB%D9%8A%D8%B1_%D8%A7%D9%84%D8%B4%D8%B1%D9%83
fallacies,1048,ar,https://ar.wikipedia.org/wiki/%D8%AA%D8%A3%D8%AB%D9%8A%D8%B1_%D8%A7%D9%84%D9%85%D8%B1%D8%AC%D8%B9%D9%8A%D8%A9_%D8%A7%D9%84%D8%B0%D8%A7%D8%AA%D9%8A%D8%A9
fallacies,1050,ar,https://ar.wikipedia.org/wiki/%D9%88%D9%87%D9%85_%D8%A7%D9%84%D8%B4%D9%81%D8%A7%D9%81%D9%8A%D8%A9
fallacies,1051,ar,https://ar.wikipedia.org/wiki/%D9%84%D8%B9%D9%86%D8%A9_%D8%A7%D9%84%D8%B9%D9%84%D9%85
fallacies,1052,ar,https://ar.wikipedia.org/wiki/%D8%AA%D8%A3%D8%AB%D9%8A%D8%B1_%D8%AA%D8%B3%D9%84%D9%8A%D8%B7_%D8%A7%D9%84%D8%B6%D9%88%D8%A1
fallacies,1053,ar,https://ar.wikipedia.org/wiki/%D9%88%D9%87%D9%85_%D8%A7%D9%84%D8%AA%D8%A8%D8%B5%D8%B1_%D8%A7%D9%84%D9%84%D8%A7%D9%85%D8%AA%D9%86%D8%A7%D8%B8%D8%B1
fallacies,1054,ar,https://ar.wikipedia.org/wiki/%D8%A7%D9%84%D9%88%D8%A7%D9%82%D8%B9%D9%8A%D8%A9_%D8%A7%D9%84%D8%B3%D8%A7%D8%B0%D8%AC%D8%A9_%28%D8%B9%D9%84%D9%85_%D8%A7%D9%84%D9%86%D9%81%D8%B3%29
fallacies,1058,ar,https://ar.wikipedia.org/wiki/%D8%AA%D8%A3%D8%AB%D9%8A%D8%B1_%D8%A7%D9%84%D8%AA%D8%A7%D9%84%D9%8A_%D9%81%D9%8A_%D8%A7%D9%84%D8%B5%D9%81
fallacies,1059,ar,https://ar.wikipedia.org/wiki/%D8%AA%D8%B4%D8%AA%D8%AA_%D8%B0%D9%87%D9%86%D9%8A
fallacies,1060,ar,https://ar.wikipedia.org/wiki/%D8%AA%D8%A3%D8%AB%D9%8A%D8%B1_%D8%A7%D9%84%D8%A7%D8%AE%D8%AA%D8%A8%D8%A7%D8%B1
fallacies,1061,ar,https://ar.wikipedia.org/wiki/%D8%AA%D8%A3%D8%AB%D9%8A%D8%B1_%D8%A7%D9%84%D8%AA%D8%A8%D8%A7%D8%B9%D8%AF
fallacies,1062,ar,https://ar.wikipedia.org/wiki/%D8%A7%D9%86%D8%AD%D9%8A%D8%A7%D8%B2_%D9%84%D9%84%D8%AA%D8%B4%D8%BA%D9%8A%D9%84_%D8%A7%D9%84%D8%B0%D8%A7%D8%AA%D9%8A
fallacies,1063,ar,https://ar.wikipedia.org/wiki/%D8%AA%D8%A3%D8%AB%D9%8A%D8%B1_%D8%AC%D9%88%D8%AC%D9%84
fallacies,1064,ar,https://ar.wikipedia.org/wiki/%D8%AA%D8%A3%D8%AB%D9%8A%D8%B1_%D8%A7%D9%84%D8%AA%D9%88%D9%84%D9%8A%D8%AF
fallacies,1065,ar,https://ar.wikipedia.org/wiki/%D8%A5%D8%AF%D8%B1%D8%A7%D9%83_%D8%A7%D9%86%D8%AA%D9%82%D8%A7%D8%A6%D9%8A
fallacies,1066,ar,https://ar.wikipedia.org/wiki/%D8%AA%D8%A3%D8%AB%D9%8A%D8%B1_%D8%A7%D9%84%D8%AA%D8%B9%D8%B1%D8%B6_%D8%A7%D9%84%D9%85%D8%AD%D8%B6
fallacies,1067,ar,https://ar.wikipedia.org/wiki/%D8%A3%D8%AB%D8%B1_%D9%88%D9%87%D9%85_%D8%A7%D9%84%D8%AD%D9%82%D9%8A%D9%82%D8%A9
fallacies,1068,ar,https://ar.wikipedia.org/wiki/%D8%AA%D8%A3%D8%AB%D9%8A%D8%B1_%D8%A7%D9%84%D8%B6%D8%AD%D9%8A%D8%A9_%D8%A7%D9%84%D9%85%D8%B9%D8%B1%D9%88%D9%81%D8%A9
fallacies,1069,ar,https://ar.wikipedia.org/wiki/%D8%AA%D9%88%D8%B3%D9%84_%D8%A8%D8%A7%D9%84%D8%AD%D8%AF%D8%A7%D8%AB%D8%A9
fallacies,1071,ar,https://ar.wikipedia.org/wiki/%D8%AE%D8%B5%D9%85_%D9%85%D8%BA%D8%A7%D9%84
fallacies,1072,ar,https://ar.wikipedia.org/wiki/%D8%B9%D9%82%D9%84%D9%8A%D8%A9_%D8%A8%D8%AD%D8%B3%D8%A8_%D8%A7%D9%84%D8%B8%D8%B1%D9%88%D9%81_%28%D8%B9%D9%84%D9%85_%D9%86%D9%81%D8%B3%29
fallacies,1073,ar,https://ar.wikipedia.org/wiki/%D9%88%D9%87%D9%85_%D8%A7%D9%84%D8%AA%D9%83%D8%B1%D8%A7%D8%B1
fallacies,1074,ar,https://ar.wikipedia.org/wiki/%D8%AA%D8%A3%D8%AB%D9%8A%D8%B1_%D8%B6%D9%88%D8%A1_%D8%A7%D9%84%D8%B4%D8%A7%D8%B1%D8%B9
fallacies,1077,ar,https://ar.wikipedia.org/wiki/%D8%A7%D9%86%D8%AD%D9%8A%D8%A7%D8%B2_%D8%AA%D9%88%D9%81%D9%8A%D8%B1_%D8%A7%D9%84%D9%88%D9%82%D8%AA
fallacies,1078,ar,https://ar.wikipedia.org/wiki/%D9%82%D8%A7%D8%B9%D8%AF%D8%A9_%D8%A7%D9%84%D8%B0%D8%B1%D9%88%D8%A9_%D9%88%D8%A7%D9%84%D9%86%D9%87%D8%A7%D9%8A%D8%A9
fallacies,1081,ar,https://ar.wikipedia.org/wiki/%D8%AA%D8%A3%D8%AB%D9%8A%D8%B1_%D8%A7%D9%84%D8%A7%D8%B3%D8%AA%D8%B5%D8%B9%D8%A7%D8%A8_%D8%A3%D9%88_%D8%A7%D9%84%D8%A7%D8%B3%D8%AA%D8%B3%D9%87%D8%A7%D9%84
fallacies,1082,ar,https://ar.wikipedia.org/wiki/%D8%AA%D8%B9%D9%88%D9%8A%D8%B6_%D8%A7%D9%84%D9%85%D8%AE%D8%A7%D8%B7%D8%B1
fallacies,1085,ar,https://ar.wikipedia.org/wiki/%D8%B1%D8%A8%D8%B7_%D9%88%D9%87%D9%85%D9%8A
fallacies,1088,ar,https://ar.wikipedia.org/wiki/%D9%85%D8%BA%D8%A7%D9%84%D8%B7%D8%A9_%D8%B1%D9%88%D8%AD%D8%A7%D9%86%D9%8A%D8%A9
fallacies,1089,ar,https://ar.wikipedia.org/wiki/%D8%AA%D8%AC%D8%B3%D9%8A%D9%85
fallacies,1091,ar,https://ar.wikipedia.org/wiki/%D8%A7%D9%86%D8%AD%D9%8A%D8%A7%D8%B2_%D9%84%D9%84%D8%AA%D9%81%D8%A7%D8%A4%D9%84
fallacies,1093,ar,https://ar.wikipedia.org/wiki/%D8%A7%D9%86%D8%AD%D9%8A%D8%A7%D8%B2_%D9%84%D9%84%D8%AA%D9%81%D8%A7%D8%A4%D9%84
fallacies,1094,ar,https://ar.wikipedia.org/wiki/%D8%B9%D9%84%D9%85_%D8%A7%D9%84%D9%86%D9%81%D8%B3_%D8%A7%D9%84%D8%B9%D9%83%D8%B3%D9%8A
fallacies,1095,ar,https://ar.wikipedia.org/wiki/%D9%82%D8%A7%D9%86%D9%88%D9%86_%D9%85%D9%88%D8%B1%D9%81%D9%8A
fallacies,1096,ar,https://ar.wikipedia.org/wiki/%D8%A7%D9%84%D8%AA%D9%81%D9%83%D9%8A%D8%B1_%D8%A7%D9%84%D8%B5%D9%81%D8%B1%D9%8A
fallacies,1098,ar,https://ar.wikipedia.org/wiki/%D8%AA%D8%B4%D9%88%D9%8A%D9%87_%D9%85%D8%B9%D8%B1%D9%81%D9%8A
fallacies,1099,ar,https://ar.wikipedia.org/wiki/%D8%AA%D8%B4%D9%88%D9%8A%D9%87_%D9%85%D8%B9%D8%B1%D9%81%D9%8A
fallacies,1100,ar,https://ar.wikipedia.org/wiki/%D8%AA%D8%B4%D9%88%D9%8A%D9%87_%D9%85%D8%B9%D8%B1%D9%81%D9%8A
fallacies,1101,ar,https://ar.wikipedia.org/wiki/%D8%AA%D8%B4%D9%88%D9%8A%D9%87_%D9%85%D8%B9%D8%B1%D9%81%D9%8A
fallacies,1102,ar,https://ar.wikipedia.org/wiki/%D8%AA%D8%B4%D9%88%D9%8A%D9%87_%D9%85%D8%B9%D8%B1%D9%81%D9%8A
fallacies,1104,ar,https://ar.wikipedia.org/wiki/%D8%A7%D9%86%D8%AD%D9%8A%D8%A7%D8%B2_%D9%84%D9%84%D9%85%D8%B5%D9%84%D8%AD%D8%A9_%D8%A7%D9%84%D8%B0%D8%A7%D8%AA%D9%8A%D8%A9
fallacies,1105,ar,https://ar.wikipedia.org/wiki/%D8%A7%D9%86%D8%AD%D9%8A%D8%A7%D8%B2_%D9%84%D9%84%D8%AA%D9%81%D8%A7%D8%A4%D9%84
fallacies,1106,ar,https://ar.wikipedia.org/wiki/%D8%AE%D8%B7%D8%A3_%D8%A7%D9%84%D8%AA%D8%AE%D8%B7%D9%8A%D8%B7
fallacies,1107,ar,https://ar.wikipedia.org/wiki/%D8%A7%D9%86%D8%AD%D9%8A%D8%A7%D8%B2_%D9%84%D8%A8%D8%A7%D9%83%D9%88%D8%B1%D8%A9_%D8%A7%D9%84%D8%A7%D8%A8%D8%AA%D9%83%D8%A7%D8%B1
fallacies,1108,ar,https://ar.wikipedia.org/wiki/%D8%A7%D9%84%D8%AA%D8%A3%D8%AB%D9%8A%D8%B1_%D8%A7%D9%84%D8%A5%D9%8A%D8%AC%D8%A7%D8%A8%D9%8A
fallacies,1109,ar,https://ar.wikipedia.org/wiki/%D9%88%D9%87%D9%85_%D8%A7%D9%84%D8%AA%D9%81%D9%88%D9%82
fallacies,1110,ar,https://ar.wikipedia.org/wiki/%D9%86%D9%82%D8%B7%D8%A9_%D8%A7%D9%84%D8%AA%D8%AD%D9%8A%D8%B2_%D8%A7%D9%84%D8%B9%D9%85%D9%8A%D8%A7%D8%A1
fallacies,1113,ar,https://ar.wikipedia.org/wiki/%D9%86%D8%B8%D8%B1%D9%8A%D8%A9_%D8%AA%D8%A3%D8%AB%D9%8A%D8%B1_%D8%A7%D9%84%D8%B4%D8%AE%D8%B5_%D8%A7%D9%84%D8%AB%D8%A7%D9%84%D8%AB
fallacies,1114,ar,https://ar.wikipedia.org/wiki/%D8%AA%D8%A3%D8%AB%D9%8A%D8%B1_%D8%A7%D9%84%D8%AB%D9%82%D8%A9_%D8%A7%D9%84%D9%85%D8%A8%D8%A7%D9%84%D8%BA%D8%A9
fallacies,1115,ar,https://ar.wikipedia.org/wiki/%D9%88%D9%87%D9%85_%D8%A7%D9%84%D8%AA%D8%AD%D9%83%D9%85
fallacies,1116,ar,https://ar.wikipedia.org/wiki/%D8%A7%D9%86%D8%AD%D9%8A%D8%A7%D8%B2_%D9%84%D8%B6%D8%A8%D8%B7_%D8%A7%D9%84%D9%86%D9%81%D8%B3
fallacies,1117,ar,https://ar.wikipedia.org/wiki/%D8%A7%D9%86%D8%AD%D9%8A%D8%A7%D8%B2_%D9%84%D9%84%D8%AF%D9%88%D8%A7%D9%81%D8%B9_%D8%A7%D9%84%D8%AE%D8%A7%D8%B1%D8%AC%D9%8A%D8%A9
fallacies,1118,ar,https://ar.wikipedia.org/wiki/%D8%AA%D8%A3%D8%AB%D9%8A%D8%B1_%D8%A7%D9%84%D8%A5%D8%AC%D9%85%D8%A7%D8%B9_%D8%A7%D9%84%D9%83%D8%A7%D8%B0%D8%A8
fallacies,1119,ar,https://ar.wikipedia.org/wiki/%D9%85%D9%86%D8%B7%D9%82_%D8%B9%D8%A7%D8%B7%D9%81%D9%8A
fallacies,1120,ar,https://ar.wikipedia.org/wiki/%D8%A7%D9%86%D9%81%D8%B5%D8%A7%D9%85_%28%D8%B9%D9%84%D9%85_%D8%A7%D9%84%D9%86%D9%81%D8%B3%29
fallacies,1121,ar,https://ar.wikipedia.org/wiki/%D8%A7%D9%86%D8%AD%D9%8A%D8%A7%D8%B2_%D9%84%D8%A7%D9%86%D8%B9%D8%AF%D8%A7%D9%85_%D8%A7%D9%84%D9%85%D8%AE%D8%A7%D8%B7%D8%B1
fallacies,1122,ar,https://ar.wikipedia.org/wiki/%D8%AA%D8%A3%D8%AB%D9%8A%D8%B1_%D8%A7%D9%84%D9%8A%D9%82%D9%8A%D9%86_%D8%A7%D9%84%D8%B2%D8%A7%D8%A6%D9%81
fallacies,1123,ar,https://ar.wikipedia.org/wiki/%D8%AA%D8%B9%D9%85%D9%8A%D9%85_%D8%AE%D8%A7%D8%B7%D8%A6
fallacies,1126,ar,https://ar.wikipedia.org/wiki/%D8%AA%D9%86%D8%A8%D8%A4_%D9%88%D8%AC%D8%AF%D8%A7%D9%86%D9%8A
fallacies,1127,ar,https://ar.wikipedia.org/wiki/%D8%A7%D9%84%D9%82%D9%81%D8%B2_%D8%A5%D9%84%D9%89_%D8%A7%D9%84%D8%A7%D8%B3%D8%AA%D9%86%D8%AA%D8%A7%D8%AC%D8%A7%D8%AA
fallacies,1128,ar,https://ar.wikipedia.org/wiki/%D8%AA%D9%86%D8%A8%D8%A4_%D9%88%D8%AC%D8%AF%D8%A7%D9%86%D9%8A
fallacies,1129,ar,https://ar.wikipedia.org/wiki/%D8%AA%D9%86%D8%A8%D8%A4_%D9%88%D8%AC%D8%AF%D8%A7%D9%86%D9%8A
fallacies,1130,ar,https://ar.wikipedia.org/wiki/%D8%AA%D9%86%D8%A8%D8%A4_%D9%88%D8%AC%D8%AF%D8%A7%D9%86%D9%8A
fallacies,1131,ar,https://ar.wikipedia.org/wiki/%D8%AA%D9%86%D8%A8%D8%A4_%D9%88%D8%AC%D8%AF%D8%A7%D9%86%D9%8A
fallacies,1132,ar,https://ar.wikipedia.org/wiki/%D8%A7%D9%86%D8%AD%D9%8A%D8%A7%D8%B2_%D8%A7%D9%84%D8%AA%D8%A3%D8%AB%D9%8A%D8%B1
fallacies,1133,ar,https://ar.wikipedia.org/wiki/%D8%A7%D9%86%D8%AD%D9%8A%D8%A7%D8%B2_%D8%A3%D8%AB%D8%B1_%D8%A7%D9%84%D8%AA%D9%84%D8%A7%D8%B4%D9%8A
fallacies,1134,ar,https://ar.wikipedia.org/wiki/%D8%AA%D9%86%D8%A8%D8%A4_%D9%88%D8%AC%D8%AF%D8%A7%D9%86%D9%8A
fallacies,1136,ar,https://ar.wikipedia.org/wiki/%D8%A7%D9%86%D8%AD%D8%AF%D8%A7%D8%B1%D9%8A%D8%A9
fallacies,1137,ar,https://ar.wikipedia.org/wiki/%D8%AA%D8%AC%D9%86%D8%A8_%D8%A7%D9%84%D8%AE%D8%B3%D8%A7%D8%B1%D8%A9
fallacies,1139,ar,https://ar.wikipedia.org/wiki/%D8%A7%D9%86%D8%AD%D9%8A%D8%A7%D8%B2_%D9%84%D9%84%D9%88%D8%B6%D8%B9_%D8%A7%D9%84%D8%B1%D8%A7%D9%87%D9%86
fallacies,1141,ar,https://ar.wikipedia.org/wiki/%D9%82%D8%A7%D8%A6%D9%85%D8%A9_%D8%A7%D9%84%D8%A7%D9%86%D8%AD%D9%8A%D8%A7%D8%B2%D8%A7%D8%AA_%D8%A7%D9%84%D9%85%D8%B9%D8%B1%D9%81%D9%8A%D8%A9
fallacies,1143,ar,https://ar.wikipedia.org/wiki/%D8%A7%D9%86%D8%AD%D9%8A%D8%A7%D8%B2_%D8%A7%D9%84%D8%A5%D8%BA%D9%81%D8%A7%D9%84
fallacies,1144,ar,https://ar.wikipedia.org/wiki/%D8%A7%D9%86%D8%AD%D9%8A%D8%A7%D8%B2_%D9%84%D8%AC%D9%85%D8%B9_%D8%A7%D9%84%D9%85%D8%B9%D9%84%D9%88%D9%85%D8%A7%D8%AA
fallacies,1145,ar,https://ar.wikipedia.org/wiki/%D9%82%D8%A7%D9%86%D9%88%D9%86_%D8%A8%D8%A7%D8%B1%D9%83%D9%86%D8%B3%D9%88%D9%86_%D9%84%D9%84%D8%AA%D9%81%D8%A7%D9%87%D8%A9
fallacies,1146,ar,https://ar.wikipedia.org/wiki/%D8%A7%D9%86%D8%AD%D9%8A%D8%A7%D8%B2_%D8%A3%D9%86%D8%A7%D9%86%D9%8A
fallacies,1147,ar,https://ar.wikipedia.org/wiki/%D8%A7%D9%86%D8%AD%D9%8A%D8%A7%D8%B2_%D9%84%D9%84%D8%AA%D9%85%D8%A7%D8%AB%D9%84
fallacies,1148,ar,https://ar.wikipedia.org/wiki/%D8%AA%D8%A8%D8%B1%D9%8A%D8%B1_%D8%A7%D9%84%D8%AC%D9%87%D8%AF
fallacies,1149,ar,https://ar.wikipedia.org/wiki/%D9%82%D8%A7%D8%A6%D9%85%D8%A9_%D8%A7%D9%84%D8%A7%D9%86%D8%AD%D9%8A%D8%A7%D8%B2%D8%A7%D8%AA_%D8%A7%D9%84%D9%85%D8%B9%D8%B1%D9%81%D9%8A%D8%A9
fallacies,1150,ar,https://ar.wikipedia.org/wiki/%D8%A3%D8%AB%D8%B1_%D8%A5%D9%8A%D9%83%D9%8A%D8%A7
fallacies,1151,ar,https://ar.wikipedia.org/wiki/%D8%AA%D9%83%D9%84%D9%81%D8%A9_%D8%BA%D8%A7%D8%B1%D9%82%D8%A9
fallacies,1153,ar,https://ar.wikipedia.org/wiki/%D9%82%D8%A7%D8%A6%D9%85%D8%A9_%D8%A7%D9%84%D8%A7%D9%86%D8%AD%D9%8A%D8%A7%D8%B2%D8%A7%D8%AA_%D8%A7%D9%84%D9%85%D8%B9%D8%B1%D9%81%D9%8A%D8%A9
fallacies,1154,ar,https://ar.wikipedia.org/wiki/%D8%AA%D8%B7%D8%A7%D8%A8%D9%82_%D9%85%D8%B2%D8%A7%D8%AC%D9%8A
fallacies,1155,ar,https://ar.wikipedia.org/wiki/%D8%A7%D9%86%D8%AD%D9%8A%D8%A7%D8%B2_%D8%A7%D9%84%D8%A5%D8%AF%D8%B1%D8%A7%D9%83_%D8%A7%D9%84%D9%85%D8%AA%D8%A3%D8%AE%D8%B1
fallacies,1156,ar,https://ar.wikipedia.org/wiki/%D8%A7%D9%86%D8%AD%D9%8A%D8%A7%D8%B2_%D9%84%D8%AA%D8%A3%D9%8A%D9%8A%D8%AF_%D8%A7%D9%84%D9%82%D8%B1%D8%A7%D8%B1
fallacies,1158,ar,https://ar.wikipedia.org/wiki/%D8%A7%D9%86%D8%AD%D9%8A%D8%A7%D8%B2_%D9%84%D9%84%D8%A7%D8%B9%D8%AA%D9%82%D8%A7%D8%AF
fallacies,1159,ar,https://ar.wikipedia.org/wiki/%D8%AA%D8%A3%D8%AB%D9%8A%D8%B1_%D8%A7%D9%84%D9%86%D8%B9%D8%A7%D9%85%D8%A9
fallacies,1160,ar,https://ar.wikipedia.org/wiki/%D8%A7%D9%86%D8%AD%D9%8A%D8%A7%D8%B2_%D9%84%D9%84%D8%B3%D9%88%D8%A7%D8%A1
fallacies,1161,ar,https://ar.wikipedia.org/wiki/%D8%AA%D8%AD%D9%82%D9%82_%D8%B0%D8%A7%D8%AA%D9%8A
fallacies,1162,ar,https://ar.wikipedia.org/wiki/%D8%A7%D9%86%D8%AD%D9%8A%D8%A7%D8%B2_%D8%A5%D9%84%D9%89_%D8%A7%D9%84%D9%86%D8%AA%D9%8A%D8%AC%D8%A9
fallacies,1163,ar,https://ar.wikipedia.org/wiki/%D8%AA%D8%B1%D8%AE%D9%8A%D8%B5_%D8%A3%D8%AE%D9%84%D8%A7%D9%82%D9%8A
fallacies,1165,ar,https://ar.wikipedia.org/wiki/%D8%A5%D8%B3%D9%82%D8%A7%D8%B7_%D9%86%D9%81%D8%B3%D9%8A
fallacies,1166,ar,https://ar.wikipedia.org/wiki/%D8%AA%D9%85%D8%B1%D9%8A%D8%B1_%D8%A7%D9%84%D9%85%D8%B3%D8%A4%D9%88%D9%84%D9%8A%D8%A9_%28%D8%B9%D9%84%D8%A7%D9%82%D8%A7%D8%AA_%D8%AF%D9%88%D9%84%D9%8A%D8%A9%29
fallacies,1167,ar,https://ar.wikipedia.org/wiki/%D9%84%D9%88%D9%85_%D8%A7%D9%84%D8%B6%D8%AD%D9%8A%D8%A9
fallacies,1169,ar,https://ar.wikipedia.org/wiki/%D8%AA%D8%B4%D9%88%D9%8A%D9%87_%D9%85%D8%B9%D8%B1%D9%81%D9%8A
fallacies,1170,ar,https://ar.wikipedia.org/wiki/%D8%AA%D8%B4%D9%88%D9%8A%D9%87_%D9%85%D8%B9%D8%B1%D9%81%D9%8A
fallacies,1171,ar,https://ar.wikipedia.org/wiki/%D8%AA%D8%B4%D9%88%D9%8A%D9%87_%D9%85%D8%B9%D8%B1%D9%81%D9%8A
fallacies,1172,ar,https://ar.wikipedia.org/wiki/%D9%81%D8%AC%D9%88%D8%A9_%D8%A7%D9%84%D8%AA%D8%B9%D8%A7%D8%B7%D9%81
fallacies,1173,ar,https://ar.wikipedia.org/wiki/%D8%A3%D9%86%D9%88%D9%8A%D8%A9_%28%D8%AE%D8%B5%D9%84%D8%A9%29
fallacies,1174,ar,https://ar.wikipedia.org/wiki/%D8%A3%D9%88%D9%87%D8%A7%D9%85_%D8%A7%D9%84%D9%83%D9%87%D9%81
fallacies,1175,ar,https://ar.wikipedia.org/wiki/%D8%A7%D9%86%D8%AD%D9%8A%D8%A7%D8%B2_%D8%A7%D9%84%D8%B9%D8%B2%D9%88
fallacies,1176,ar,https://ar.wikipedia.org/wiki/%D8%AA%D8%AD%D9%8A%D8%B2_%D8%A7%D9%84%D9%81%D8%A7%D8%B9%D9%84_-_%D8%A7%D9%84%D9%85%D8%B1%D8%A7%D9%82%D8%A8
fallacies,1178,ar,https://ar.wikipedia.org/wiki/%D8%AE%D8%B7%D8%A3_%D8%A7%D9%84%D8%A5%D8%AD%D8%A7%D9%84%D8%A9_%D8%A7%D9%84%D8%A3%D8%B3%D8%A7%D8%B3%D9%8A
fallacies,1180,ar,https://ar.wikipedia.org/wiki/%D8%AA%D8%AD%D9%8A%D8%B2_%D8%A7%D9%84%D8%B9%D8%B2%D9%88_%D8%A7%D9%84%D8%B9%D8%AF%D8%A7%D8%A6%D9%8A
fallacies,1182,ar,https://ar.wikipedia.org/wiki/%D8%A7%D9%84%D8%AD%D8%B8_%D8%A7%D9%84%D8%A3%D8%AE%D9%84%D8%A7%D9%82%D9%8A
fallacies,1183,ar,https://ar.wikipedia.org/wiki/%D8%A7%D9%86%D8%AD%D9%8A%D8%A7%D8%B2_%D9%86%D8%B3%D8%A8%D8%A9_%D8%A7%D9%84%D8%B3%D8%AC%D9%8A%D8%A9
fallacies,1187,ar,https://ar.wikipedia.org/wiki/%D9%85%D8%AA%D9%84%D8%A7%D8%B2%D9%85%D8%A9_%D9%84%D9%85_%D9%8A%D8%B5%D9%86%D8%B9_%D9%87%D9%86%D8%A7
fallacies,1188,ar,https://ar.wikipedia.org/wiki/%D9%86%D8%B1%D8%AC%D8%B3%D9%8A%D8%A9_%D8%AC%D9%85%D8%A7%D8%B9%D9%8A%D8%A9
fallacies,1189,ar,https://ar.wikipedia.org/wiki/%D8%B9%D9%82%D9%84%D9%8A%D8%A9_%D8%A7%D9%84%D8%AC%D8%B2%D9%8A%D8%B1%D8%A9
fallacies,1190,ar,https://ar.wikipedia.org/wiki/%D8%AA%D9%81%D8%B6%D9%8A%D9%84_%D8%A3%D9%81%D8%B1%D8%A7%D8%AF_%D8%A7%D9%84%D8%AC%D9%85%D8%A7%D8%B9%D8%A9
fallacies,1192,ar,https://ar.wikipedia.org/wiki/%D8%AA%D8%A3%D8%AB%D9%8A%D8%B1_%D9%85%D8%A7_%D8%A8%D9%8A%D9%86_%D8%A7%D9%84%D8%A3%D8%B9%D8%B1%D8%A7%D9%82
fallacies,1194,ar,https://ar.wikipedia.org/wiki/%D9%86%D8%B8%D8%B1%D9%8A%D8%A9_%D8%A7%D9%84%D9%85%D8%A4%D8%A7%D9%85%D8%B1%D8%A9
fallacies,1199,ar,https://ar.wikipedia.org/wiki/%D8%B5%D9%88%D8%B1%D8%A9_%D9%86%D9%85%D8%B7%D9%8A%D8%A9
fallacies,1201,ar,https://ar.wikipedia.org/wiki/%D8%A7%D9%84%D8%B5%D9%88%D8%B1%D8%A9_%D8%A7%D9%84%D9%86%D9%85%D8%B7%D9%8A%D8%A9_%D8%A7%D9%84%D8%B6%D9%85%D9%86%D9%8A%D8%A9
fallacies,1207,ar,https://ar.wikipedia.org/wiki/%D9%85%D8%B9%D9%8A%D8%A7%D8%B1%D9%8A%D8%A9_%D8%AD%D8%A8%D9%8A%D8%A9
fallacies,1209,ar,https://ar.wikipedia.org/wiki/%D8%AA%D9%85%D9%8A%D9%8A%D8%B2_%D8%AF%D9%8A%D9%86%D9%8A
fallacies,1210,ar,https://ar.wikipedia.org/wiki/%D8%A7%D9%85%D8%AA%D9%8A%D8%A7%D8%B2_%D8%B7%D8%A8%D9%82%D9%8A
fallacies,1212,ar,https://ar.wikipedia.org/wiki/%D8%AA%D9%85%D9%8A%D9%8A%D8%B2_%D8%B9%D9%84%D9%89_%D8%A3%D8%B3%D8%A7%D8%B3_%D8%A7%D9%84%D9%85%D8%B8%D9%87%D8%B1
fallacies,1213,ar,https://ar.wikipedia.org/wiki/%D8%AA%D9%85%D9%8A%D9%8A%D8%B2_%D8%B9%D9%84%D9%89_%D8%A3%D8%B3%D8%A7%D8%B3_%D8%A7%D9%84%D8%AD%D8%AC%D9%85
fallacies,1214,ar,https://ar.wikipedia.org/wiki/%D8%AA%D9%81%D8%B1%D9%82%D8%A9_%D8%B9%D9%85%D8%B1%D9%8A%D8%A9
fallacies,1215,ar,https://ar.wikipedia.org/wiki/%D8%B9%D9%82%D8%AF%D8%A9_%D8%A7%D9%84%D8%AE%D9%88%D8%A7%D8%AC%D8%A9
fallacies,1216,ar,https://ar.wikipedia.org/wiki/%D8%B1%D9%87%D8%A7%D8%A8_%D8%A7%D9%84%D9%85%D9%86%D8%B2%D9%84
fallacies,1217,ar,https://ar.wikipedia.org/wiki/%D8%A3%D9%84%D9%81%D8%A9_%D8%A7%D9%84%D8%A2%D8%AE%D8%B1%D9%8A%D9%86
fallacies,1219,ar,https://ar.wikipedia.org/wiki/%D9%85%D8%A7%D9%84%D9%8A%D9%86%D8%AA%D8%B4%D9%8A%D8%A9
fallacies,1222,ar,https://ar.wikipedia.org/wiki/%D9%87%D8%B1%D9%88%D8%A8_%D9%85%D9%86_%D8%A7%D9%84%D9%88%D8%A7%D9%82%D8%B9
fallacies,1223,ar,https://ar.wikipedia.org/wiki/%D8%A7%D9%84%D8%A8%D8%AF%D8%A7%D8%A6%D9%8A%D8%A9
fallacies,1224,ar,https://ar.wikipedia.org/wiki/%D8%A7%D8%B3%D8%AA%D8%AD%D9%88%D8%A7%D8%B0_%D8%AB%D9%82%D8%A7%D9%81%D9%8A
fallacies,1229,ar,https://ar.wikipedia.org/wiki/%D8%A7%D9%86%D8%AD%D9%8A%D8%A7%D8%B2_%D9%84%D9%84%D9%85%D9%82%D8%A8%D9%88%D9%84_%D8%A7%D8%AC%D8%AA%D9%85%D8%A7%D8%B9%D9%8A%D8%A7
fallacies,1230,ar,https://ar.wikipedia.org/wiki/%D8%A7%D9%86%D8%AD%D9%8A%D8%A7%D8%B2_%D8%A7%D9%84%D9%85%D9%82%D8%A7%D8%B1%D9%86%D8%A9_%D8%A7%D9%84%D8%A7%D8%AC%D8%AA%D9%85%D8%A7%D8%B9%D9%8A%D8%A9
fallacies,1231,ar,https://ar.wikipedia.org/wiki/%D8%AA%D8%A3%D8%AB%D9%8A%D8%B1_%D8%A7%D9%84%D9%87%D8%A7%D9%84%D8%A9
fallacies,1232,ar,https://ar.wikipedia.org/wiki/%D8%A7%D9%86%D8%AD%D9%8A%D8%A7%D8%B2_%D9%84%D9%84%D8%B3%D9%84%D8%B7%D8%A9
fallacies,1234,ar,https://ar.wikipedia.org/wiki/%D8%AA%D8%A3%D8%AB%D9%8A%D8%B1_%D8%A7%D9%84%D8%B9%D8%B1%D8%A8%D8%A9
fallacies,1238,ar,https://ar.wikipedia.org/wiki/%D8%AA%D8%A3%D8%AB%D9%8A%D8%B1_%D8%A7%D9%84%D9%81%D8%A6%D8%A9_%D8%A7%D9%84%D9%86%D9%82%D8%AF%D9%8A%D8%A9
fallacies,1239,ar,https://ar.wikipedia.org/wiki/%D8%AA%D8%A3%D8%AB%D9%8A%D8%B1_%D8%A7%D9%84%D8%A3%D9%82%D9%84_%D8%A3%D9%81%D8%B6%D9%84
fallacies,1240,ar,https://ar.wikipedia.org/wiki/%D8%AA%D8%A3%D8%AB%D9%8A%D8%B1_%D8%AF%D9%88%D9%86_%D8%A7%D9%84%D8%AA%D8%AC%D9%85%D9%8A%D8%B9%D9%8A%D8%A9
fallacies,1241,ar,https://ar.wikipedia.org/wiki/%D9%88%D9%87%D9%85_%D9%86%D9%82%D8%AF%D9%8A
fallacies,1250,ar,https://ar.wikipedia.org/wiki/%D9%88%D8%B6%D8%B9%D9%8A%D8%A9
fallacies,1253,ar,https://ar.wikipedia.org/wiki/%D8%B3%D9%84%D9%88%D9%83%D9%8A%D8%A9
fallacies,1254,ar,https://ar.wikipedia.org/wiki/%D8%A7%D9%84%D9%88%D8%B6%D8%B9%D9%8A%D8%A9_%D8%A7%D9%84%D9%85%D9%86%D8%B7%D9%82%D9%8A%D8%A9
fallacies,1257,ar,https://ar.wikipedia.org/wiki/%D9%85%D8%AB%D8%A7%D9%84%D9%8A%D8%A9_%D8%B0%D8%A7%D8%AA%D9%8A%D8%A9
fallacies,1260,ar,https://ar.wikipedia.org/wiki/%D8%B3%D9%84%D8%B7%D9%88%D9%8A%D8%A9
fallacies,1262,ar,https://ar.wikipedia.org/wiki/%D8%B3%D9%8A%D8%A7%D8%B3%D8%A9_%D8%A3%D8%B5%D9%88%D9%84%D9%8A%D8%A9
fallacies,1266,ar,https://ar.wikipedia.org/wiki/%D8%B7%D8%A7%D8%A6%D9%81%D9%8A%D8%A9
fallacies,1270,ar,https://ar.wikipedia.org/wiki/%D8%A7%D9%84%D9%81%D9%84%D8%B3%D9%81%D8%A9_%D8%A7%D9%84%D8%B2%D8%A7%D8%A6%D9%81%D8%A9
fallacies,1273,ar,https://ar.wikipedia.org/wiki/%D8%B4%D9%83%D9%88%D9%83%D9%8A%D8%A9_%D8%B2%D8%A7%D8%A6%D9%81%D8%A9
fallacies,1284,ar,https://ar.wikipedia.org/wiki/%D8%A7%D8%AF%D8%B9%D8%A7%D8%A1_%D8%A7%D9%84%D8%B5%D8%AF%D9%82
fallacies,1285,ar,https://ar.wikipedia.org/wiki/%D9%84%D8%AF%D9%8A_%D8%AD%D9%82_%D9%81%D9%8A_%D8%B1%D8%A3%D9%8A%D9%8A
fallacies,1297,ar,https://ar.wikipedia.org/wiki/%D8%A7%D9%84%D8%A5%D8%AB%D8%A8%D8%A7%D8%AA_%D8%A8%D8%A7%D9%84%D8%AA%D8%A3%D9%83%D9%8A%D8%AF
fallacies,1303,ar,https://ar.wikipedia.org/wiki/%D9%8A%D8%AC%D8%A8_%D8%AA%D8%AF%D9%85%D9%8A%D8%B1_%D9%82%D8%B1%D8%B7%D8%A7%D8%AC
fallacies,1307,ar,https://ar.wikipedia.org/wiki/%D8%A5%D9%86%D9%83%D8%A7%D8%B1%D9%8A%D8%A9
fallacies,1308,ar,https://ar.wikipedia.org/wiki/%D8%A5%D9%86%D9%83%D8%A7%D8%B1_%D8%AA%D8%A7%D8%B1%D9%8A%D8%AE%D9%8A
fallacies,1311,ar,https://ar.wikipedia.org/wiki/%D8%A7%D9%84%D9%83%D8%B0%D8%A8%D8%A9_%D8%A7%D9%84%D9%83%D8%A8%D9%8A%D8%B1%D8%A9
fallacies,1313,ar,https://ar.wikipedia.org/wiki/%D9%85%D8%B1%D8%A7%D9%88%D8%BA%D8%A9_%28%D8%A3%D8%AE%D9%84%D8%A7%D9%82%29
fallacies,1314,ar,https://ar.wikipedia.org/wiki/%D8%A7%D9%84%D8%B1%D9%86%D8%AC%D8%A9_%D8%A7%D9%84%D8%AD%D9%85%D8%B1%D8%A7%D8%A1
fallacies,1318,ar,https://ar.wikipedia.org/wiki/%D8%A7%D8%B3%D8%AA%D8%B1%D8%A7%D8%AA%D9%8A%D8%AC%D9%8A%D8%A9_%D8%A7%D9%84%D9%82%D8%B7_%D8%A7%D9%84%D9%85%D9%8A%D8%AA
fallacies,1325,ar,https://ar.wikipedia.org/wiki/%D8%AE%D8%B7%D8%A2%D9%86_%D9%8A%D8%B5%D9%86%D8%B9%D8%A7%D9%86_%D8%B5%D9%88%D8%A7%D8%A8%D8%A7
fallacies,1326,ar,https://ar.wikipedia.org/wiki/%D8%A7%D8%AD%D8%AA%D9%83%D8%A7%D9%85_%D8%A5%D9%84%D9%89_%D8%B9%D8%A7%D9%85%D8%A9_%D8%A7%D9%84%D9%86%D8%A7%D8%B3
fallacies,1328,ar,https://ar.wikipedia.org/wiki/%D8%AA%D8%AC%D8%A7%D9%87%D9%84_%D8%A7%D9%84%D9%85%D8%B7%D9%84%D9%88%D8%A8
fallacies,1330,ar,https://ar.wikipedia.org/wiki/%D8%AF%D9%81%D8%A7%D8%B9_%D8%A7%D9%84%D8%A5%D9%84%D9%87%D8%A7%D8%A1
fallacies,1332,ar,https://ar.wikipedia.org/wiki/%D9%85%D8%B1%D8%A7%D9%88%D8%BA%D8%A9_%28%D8%A3%D8%AE%D9%84%D8%A7%D9%82%29
fallacies,1333,ar,https://ar.wikipedia.org/wiki/%D9%85%D8%B1%D8%A7%D9%88%D8%BA%D8%A9_%28%D8%A3%D8%AE%D9%84%D8%A7%D9%82%29
fallacies,1335,ar,https://ar.wikipedia.org/wiki/%D9%85%D8%B1%D8%A7%D9%88%D8%BA%D8%A9_%28%D8%A3%D8%AE%D9%84%D8%A7%D9%82%29
fallacies,1336,ar,https://ar.wikipedia.org/wiki/%D9%85%D8%B1%D8%A7%D9%88%D8%BA%D8%A9_%28%D8%A3%D8%AE%D9%84%D8%A7%D9%82%29
fallacies,1337,ar,https://ar.wikipedia.org/wiki/%D9%85%D8%B1%D8%A7%D9%88%D8%BA%D8%A9_%28%D8%A3%D8%AE%D9%84%D8%A7%D9%82%29
fallacies,1338,ar,https://ar.wikipedia.org/wiki/%D9%85%D8%B1%D8%A7%D9%88%D8%BA%D8%A9_%28%D8%A3%D8%AE%D9%84%D8%A7%D9%82%29
fallacies,1339,ar,https://ar.wikipedia.org/wiki/%D9%85%D8%B1%D8%A7%D9%88%D8%BA%D8%A9_%28%D8%A3%D8%AE%D9%84%D8%A7%D9%82%29
fallacies,1342,ar,https://ar.wikipedia.org/wiki/%D9%85%D8%B1%D8%A7%D9%88%D8%BA%D8%A9_%28%D8%A3%D8%AE%D9%84%D8%A7%D9%82%29
fallacies,1344,ar,https://ar.wikipedia.org/wiki/%D8%AA%D9%85%D8%B1%D9%8A%D8%B1_%D8%A7%D9%84%D9%85%D8%B3%D8%A4%D9%88%D9%84%D9%8A%D8%A9_%28%D8%B9%D9%84%D8%A7%D9%82%D8%A7%D8%AA_%D8%AF%D9%88%D9%84%D9%8A%D8%A9%29
fallacies,1349,ar,https://ar.wikipedia.org/wiki/%D8%AA%D8%B3%D9%84%D8%B3%D9%84_%D9%84%D8%A7%D9%86%D9%87%D8%A7%D8%A6%D9%8A
fallacies,1350,ar,https://ar.wikipedia.org/wiki/%D9%85%D8%BA%D8%A7%D9%84%D8%B7%D8%A9_%D8%A7%D9%84%D9%86%D9%8A%D8%B1%D9%81%D8%A7%D9%86%D8%A7
fallacies,1352,ar,https://ar.wikipedia.org/wiki/%D8%AA%D8%B3%D9%85%D9%8A%D9%85_%D8%A7%D9%84%D8%A8%D8%A6%D8%B1
fallacies,1355,ar,https://ar.wikipedia.org/wiki/%D8%A5%D8%B3%D9%82%D8%A7%D8%B7_%D9%86%D9%81%D8%B3%D9%8A
fallacies,1360,ar,https://ar.wikipedia.org/wiki/%D8%B4%D8%AE%D8%B5%D9%86%D8%A9
fallacies,1365,ar,https://ar.wikipedia.org/wiki/%D9%85%D8%BA%D8%A7%D9%84%D8%B7%D8%A9_%D8%B1%D8%AC%D9%84_%D8%A7%D9%84%D9%82%D8%B4
fallacies,1371,ar,https://ar.wikipedia.org/wiki/%D9%85%D8%BA%D8%A7%D9%84%D8%B7%D8%A9_%D8%A7%D9%84%D9%85%D9%86%D8%B4%D8%A3
fallacies,1379,ar,https://ar.wikipedia.org/wiki/%D8%A7%D9%84%D8%AA%D8%AC%D8%B1%D9%8A%D8%AF_%D9%85%D9%86_%D8%A7%D9%84%D8%A5%D9%86%D8%B3%D8%A7%D9%86%D9%8A%D8%A9
fallacies,1380,ar,https://ar.wikipedia.org/wiki/%D8%B4%D9%8A%D8%B7%D9%86%D8%A9_%D8%A7%D9%84%D8%B9%D8%AF%D9%88
fallacies,1381,ar,https://ar.wikipedia.org/wiki/%D8%B4%D8%AE%D8%B5%D9%86%D8%A9
fallacies,1382,ar,https://ar.wikipedia.org/wiki/%D9%85%D8%BA%D8%A7%D9%84%D8%B7%D8%A9_%D8%A7%D9%84%D8%AF%D8%A7%D9%81%D8%B9
fallacies,1385,ar,https://ar.wikipedia.org/wiki/%D9%85%D8%BA%D8%A7%D9%84%D8%B7%D8%A9_%D8%A7%D9%84%D9%86%D8%A7%D9%82%D8%AF_%D8%A7%D9%84%D8%AE%D8%A7%D8%A6%D9%86
fallacies,1386,ar,https://ar.wikipedia.org/wiki/%D8%A7%D8%AD%D8%AA%D9%83%D8%A7%D9%85_%D8%A5%D9%84%D9%89_%D8%A7%D9%84%D8%A5%D9%86%D8%AC%D8%A7%D8%B2
fallacies,1393,ar,https://ar.wikipedia.org/wiki/%D8%A8%D9%88%D9%84%D9%81%D8%B1%D9%8A%D8%A9
fallacies,1399,ar,https://ar.wikipedia.org/wiki/%D9%85%D8%BA%D8%A7%D9%84%D8%B7%D8%A9_%D9%84%D9%87%D8%AC%D8%A9_%D8%A7%D9%84%D8%B4%D8%B1%D8%B7%D8%A9
fallacies,1403,ar,https://ar.wikipedia.org/wiki/%D8%AA%D9%86%D8%A7%D8%A8%D8%B2_%D8%A8%D8%A7%D9%84%D8%A3%D9%84%D9%82%D8%A7%D8%A8
fallacies,3,fa,https://fa.wikipedia.org/wiki/%D8%AA%D9%88%D8%B3%D9%84_%D8%A8%D9%87_%D9%86%D8%A7%D8%AF%D8%A7%D9%86%DB%8C
fallacies,22,fa,https://fa.wikipedia.org/wiki/%D8%AC%D9%87%D8%B4_%D8%A7%DB%8C%D9%85%D8%A7%D9%86
fallacies,52,fa,https://fa.wikipedia.org/wiki/%D9%85%D8%BA%D8%A7%D9%84%D8%B7%D9%87_%D9%81%D8%B1%D8%A7%D9%81%DA%A9%D9%86%DB%8C_%D8%B0%D9%87%D9%86
fallacies,65,fa,https://fa.wikipedia.org/wiki/%D8%A7%D8%B3%DA%A9%D8%A7%D8%AA%D9%84%D9%86%D8%AF%DB%8C_%D9%88%D8%A7%D9%82%D8%B9%DB%8C
fallacies,66,fa,https://fa.wikipedia.org/wiki/%D8%B3%D9%88%DA%AF%DB%8C%D8%B1%DB%8C_%D8%AA%D8%A3%DB%8C%DB%8C%D8%AF%DB%8C
fallacies,67,fa,https://fa.wikipedia.org/wiki/%D9%88%D8%A7%DA%A9%D9%86%D8%B4_%D8%B2%D9%85%D9%84%D9%88%D8%A7%DB%8C%D8%B3
fallacies,71,fa,https://fa.wikipedia.org/wiki/%D8%AA%D9%88%D8%B3%D9%84_%D8%A8%D9%87_%D9%85%D8%B1%D8%AC%D8%B9%DB%8C%D8%AA
fallacies,72,fa,https://fa.wikipedia.org/wiki/%D8%AA%D9%88%D8%B3%D9%84_%D8%A8%D9%87_%D9%85%D8%B1%D8%AC%D8%B9%DB%8C%D8%AA
fallacies,78,fa,https://fa.wikipedia.org/wiki/%D8%AA%D9%88%D8%B3%D9%84_%D8%A8%D9%87_%D9%85%D8%B1%D8%AC%D8%B9%DB%8C%D8%AA
fallacies,85,fa,https://fa.wikipedia.org/wiki/%D8%AA%D9%88%D8%B3%D9%84_%D8%A8%D9%87_%D9%85%D8%B1%D8%AC%D8%B9%DB%8C%D8%AA
fallacies,96,fa,https://fa.wikipedia.org/wiki/%D9%85%D8%BA%D8%A7%D9%84%D8%B7%D9%87_%D8%B7%D8%A8%DB%8C%D8%B9%D8%AA%E2%80%8C%DA%AF%D8%B1%D8%A7%DB%8C%D8%A7%D9%86%D9%87
fallacies,98,fa,https://fa.wikipedia.org/wiki/%D8%AA%D9%88%D8%B3%D9%84_%D8%A8%D9%87_%D8%A7%DA%A9%D8%AB%D8%B1%DB%8C%D8%AA
fallacies,103,fa,https://fa.wikipedia.org/wiki/%D9%86%D8%A7%D8%AF%D8%A7%D9%86%DB%8C_%D8%AC%D9%85%D8%B9%DB%8C
fallacies,111,fa,https://fa.wikipedia.org/wiki/%D9%88%D8%AD%D8%B4%DB%8C_%D9%86%DB%8C%DA%A9
fallacies,115,fa,https://fa.wikipedia.org/wiki/%D8%AA%D9%88%D8%B3%D9%84_%D8%A8%D9%87_%D8%AA%D8%AC%D8%AF%D8%AF
fallacies,116,fa,https://fa.wikipedia.org/wiki/%D8%AA%DA%A9%D8%A8%D8%B1_%D8%AA%D8%A7%D8%B1%DB%8C%D8%AE%DB%8C
fallacies,118,fa,https://fa.wikipedia.org/wiki/%D9%81%D8%AE%D8%B1%D9%81%D8%B1%D9%88%D8%B4%DB%8C
fallacies,119,fa,https://fa.wikipedia.org/wiki/%D9%86%D8%AE%D8%A8%D9%87%E2%80%8C%DA%AF%D8%B1%D8%A7%DB%8C%DB%8C
fallacies,128,fa,https://fa.wikipedia.org/wiki/%D8%AA%D9%88%D8%B3%D9%84_%D8%A8%D9%87_%D8%AB%D8%B1%D9%88%D8%AA
fallacies,129,fa,https://fa.wikipedia.org/wiki/%D9%85%D8%BA%D9%84%D8%B7%D9%87_%D8%AA%D9%88%D8%B3%D9%84_%D8%A8%D9%87_%D9%81%D9%82%D8%B1
fallacies,141,fa,https://fa.wikipedia.org/wiki/%D8%B3%D9%88%DA%AF%DB%8C%D8%B1%DB%8C_%DA%AF%D8%B0%D8%B4%D8%AA%D9%87%E2%80%8C%D9%86%DA%AF%D8%A7%D8%B1%D8%A7%D9%86%D9%87
fallacies,149,fa,https://fa.wikipedia.org/wiki/%D9%85%DA%A9%D8%A7%D9%86%E2%80%8C%D9%BE%D8%B1%DB%8C%D8%B4%DB%8C
fallacies,154,fa,https://fa.wikipedia.org/wiki/%D9%85%D8%BA%D8%A7%D9%84%D8%B7%D9%87_%D8%B1%D8%AF_%D8%A7%D8%B3%D8%AA%D8%AF%D9%84%D8%A7%D9%84
fallacies,165,fa,https://fa.wikipedia.org/wiki/%D8%AA%DB%8C%D8%BA_%D8%A7%D9%88%DA%A9%D8%A7%D9%85
fallacies,167,fa,https://fa.wikipedia.org/wiki/%D8%A7%D8%B5%D9%84_%D8%AD%D8%B3%D9%86_%D8%B8%D9%86
fallacies,168,fa,https://fa.wikipedia.org/wiki/%D9%85%D8%BA%D8%A7%D9%84%D8%B7%D9%87_%D9%BE%D9%87%D9%84%D9%88%D8%A7%D9%86%E2%80%8C%D9%BE%D9%86%D8%A8%D9%87
fallacies,171,fa,https://fa.wikipedia.org/wiki/%D8%B1%D9%82%D8%AA_%D8%A7%D8%AD%D8%B3%D8%A7%D8%B3%D8%A7%D8%AA
fallacies,175,fa,https://fa.wikipedia.org/wiki/%D9%86%D9%81%D9%88%D8%B0_%D8%A7%D8%AC%D8%AA%D9%85%D8%A7%D8%B9%DB%8C
fallacies,176,fa,https://fa.wikipedia.org/wiki/%D8%A7%D8%A8%D8%B2%D8%A7%D8%B1%D9%87%D8%A7%DB%8C_%D8%A8%D9%84%D8%A7%D8%BA%DB%8C
fallacies,177,fa,https://fa.wikipedia.org/wiki/%D8%B9%D8%A8%D8%A7%D8%B1%D8%AA_%D8%AC%D9%87%D8%AA%E2%80%8C%D8%AF%D8%A7%D8%B1
fallacies,179,fa,https://fa.wikipedia.org/wiki/%D9%85%D8%BA%D8%A7%D9%84%D8%B7%D9%87_%D9%BE%D8%B1%D8%B3%D8%B4_%D9%BE%DB%8C%DA%86%DB%8C%D8%AF%D9%87
fallacies,183,fa,https://fa.wikipedia.org/wiki/%D9%85%D8%B5%D8%A7%D8%AF%D8%B1%D9%87_%D8%A8%D9%87_%D9%85%D8%B7%D9%84%D9%88%D8%A8
fallacies,185,fa,https://fa.wikipedia.org/wiki/%DA%A9%D9%84%DB%8C%D8%B4%D9%87
fallacies,187,fa,https://fa.wikipedia.org/wiki/%D9%86%DA%A9%D8%AA%D9%87%E2%80%8C%DA%AF%D8%B2%DB%8C%D9%86%DB%8C
fallacies,191,fa,https://fa.wikipedia.org/wiki/%D9%85%D8%A8%D9%87%D9%85%E2%80%8C%D8%B3%D8%A7%D8%B2%DB%8C
fallacies,201,fa,https://fa.wikipedia.org/wiki/%D9%86%D9%88%D8%B4%D8%AA%D9%87_%D8%AD%D9%82%D9%88%D9%82%DB%8C
fallacies,202,fa,https://fa.wikipedia.org/wiki/%D8%A7%D8%A8%D9%87%D8%A7%D9%85%E2%80%8C%DA%AF%D8%B1%D8%A7%DB%8C%DB%8C
fallacies,209,fa,https://fa.wikipedia.org/wiki/%D8%B3%D8%B1%D8%AE%D8%B7_%D8%AE%D8%A8%D8%B1
fallacies,210,fa,https://fa.wikipedia.org/wiki/%D8%B3%D8%B1%D8%AE%D8%B7_%D8%AE%D8%A8%D8%B1
fallacies,215,fa,https://fa.wikipedia.org/wiki/%D8%A8%DB%8C%E2%80%8C%D8%A7%D8%AF%D8%A8%DB%8C
fallacies,222,fa,https://fa.wikipedia.org/wiki/%D8%B7%D9%86%D8%B2_%D8%B3%D9%88%D8%B1%D8%B1%D8%A6%D8%A7%D9%84
fallacies,224,fa,https://fa.wikipedia.org/wiki/%D8%A8%D9%88%D8%B1%D9%84%D8%B3%DA%A9
fallacies,225,fa,https://fa.wikipedia.org/wiki/%D9%BE%D8%A7%D8%B1%D8%A7%D8%AF%D9%88%DA%A9%D8%B3_%D8%AF%D8%B1%D9%88%D8%BA%DA%AF%D9%88
fallacies,229,fa,https://fa.wikipedia.org/wiki/%D8%AD%D8%B1%D9%81_%D8%AF%D9%88%D9%BE%D9%87%D9%84%D9%88
fallacies,233,fa,https://fa.wikipedia.org/wiki/%D8%A7%D8%BA%D8%B1%D8%A7%D9%82
fallacies,235,fa,https://fa.wikipedia.org/wiki/%D9%86%D9%82%DB%8C%D8%B6%D9%87
fallacies,236,fa,https://fa.wikipedia.org/wiki/%D9%88%D9%84%D8%B1%DB%8C%D8%B3%D9%85
fallacies,238,fa,https://fa.wikipedia.org/wiki/%DA%AF%D9%88%D8%A7%DA%98%D9%87
fallacies,239,fa,https://fa.wikipedia.org/wiki/%DA%AF%D9%88%D8%A7%DA%98%D9%87
fallacies,240,fa,https://fa.wikipedia.org/wiki/%DA%AF%D9%88%D8%A7%DA%98%D9%87
fallacies,241,fa,https://fa.wikipedia.org/wiki/%D8%B7%D8%B9%D9%86%D9%87
fallacies,242,fa,https://fa.wikipedia.org/wiki/%D9%81%DA%A9%D8%A7%D9%87%DB%8C_%D8%AE%D8%B4%DA%A9
fallacies,244,fa,https://fa.wikipedia.org/wiki/%DA%A9%D9%84%D8%A8%DB%8C%E2%80%8C%DA%AF%D8%B1%DB%8C
fallacies,246,fa,https://fa.wikipedia.org/wiki/%D9%87%DB%8C%DA%86%E2%80%8C%D8%A7%D9%86%DA%AF%D8%A7%D8%B1%DB%8C
fallacies,248,fa,https://fa.wikipedia.org/wiki/%D8%A7%D8%A8%D8%B2%D8%A7%D8%B1%D9%87%D8%A7%DB%8C_%D8%A8%D9%84%D8%A7%D8%BA%DB%8C
fallacies,251,fa,https://fa.wikipedia.org/wiki/%D8%A2%D9%88%D8%A7%D8%B2%DB%8C%D8%A8%D8%A7%DB%8C%DB%8C%E2%80%8C%D8%B4%D9%86%D8%A7%D8%B3%DB%8C
fallacies,254,fa,https://fa.wikipedia.org/wiki/%D9%87%D9%85%DA%AF%D9%88%D9%86%DB%8C_%28%D9%88%D8%A7%D8%AC%E2%80%8C%D8%B4%D9%86%D8%A7%D8%B3%DB%8C%29
fallacies,270,fa,https://fa.wikipedia.org/wiki/%D8%A8%D8%A7%D8%B2%D9%86%D9%88%DB%8C%D8%B3%DB%8C
fallacies,272,fa,https://fa.wikipedia.org/wiki/%D9%87%D9%85%D8%A7%D9%86%E2%80%8C%DA%AF%D9%88%DB%8C%DB%8C_%28%D9%85%D8%B9%D9%86%DB%8C%E2%80%8C%D8%B4%D9%86%D8%A7%D8%B3%DB%8C%29
fallacies,273,fa,https://fa.wikipedia.org/wiki/%D8%AD%D8%B0%D9%81_%D8%A8%D9%87_%D9%82%D8%B1%DB%8C%D9%86%D9%87
fallacies,280,fa,https://fa.wikipedia.org/wiki/%D8%AA%D9%84%D9%85%DB%8C%D8%AD
fallacies,299,fa,https://fa.wikipedia.org/wiki/%D8%AA%D9%88%D8%B3%D9%84_%D8%A8%D9%87_%D8%A7%D8%AD%D8%B3%D8%A7%D8%B3%D8%A7%D8%AA
fallacies,302,fa,https://fa.wikipedia.org/wiki/%D8%A7%D8%AB%D8%B1_%D9%87%D8%A7%D9%84%D9%87%E2%80%8C%D8%A7%DB%8C
fallacies,304,fa,https://fa.wikipedia.org/wiki/%D8%A2%D8%B1%D8%B2%D9%88%D8%A7%D9%86%D8%AF%DB%8C%D8%B4%DB%8C
fallacies,310,fa,https://fa.wikipedia.org/wiki/%D9%86%D8%A7%D9%86_%D9%88_%D8%B3%DB%8C%D8%B1%DA%A9
fallacies,313,fa,https://fa.wikipedia.org/wiki/%D9%BE%D8%A7%DA%86%D9%87%E2%80%8C%D8%AE%D8%A7%D8%B1%DB%8C
fallacies,320,fa,https://fa.wikipedia.org/wiki/%D9%85%D9%84%D8%A7%D8%AD%D8%B8%D9%87_%D8%A8%DA%86%D9%87%E2%80%8C%D9%87%D8%A7_%D8%B1%D8%A7_%D8%A8%DA%A9%D9%86
fallacies,337,fa,https://fa.wikipedia.org/wiki/%D8%AA%D9%88%D8%B3%D9%84_%D8%A8%D9%87_%D8%AA%D8%B1%D8%B3
fallacies,338,fa,https://fa.wikipedia.org/wiki/%D8%AA%D8%B1%D8%B3%D8%8C_%D8%A8%DB%8C%E2%80%8C%D8%A8%D8%B1%D9%86%D8%A7%D9%85%DA%AF%DB%8C_%D9%88_%D8%AF%D9%88%D8%AF%D9%84%DB%8C
fallacies,339,fa,https://fa.wikipedia.org/wiki/%D9%BE%D8%A7%D9%86%DB%8C%DA%A9_%D8%A7%D8%AE%D9%84%D8%A7%D9%82%DB%8C
fallacies,340,fa,https://fa.wikipedia.org/wiki/%D8%AA%D9%88%D8%B3%D9%84_%D8%A8%D9%87_%D9%86%D8%AA%DB%8C%D8%AC%D9%87%E2%80%8C%D9%87%D8%A7
fallacies,343,fa,https://fa.wikipedia.org/wiki/%D9%85%D8%BA%D8%A7%D9%84%D8%B7%D9%87_%D8%AA%D9%88%D8%B3%D9%84_%D8%A8%D9%87_%D8%B2%D9%88%D8%B1
fallacies,350,fa,https://fa.wikipedia.org/wiki/%D9%85%D8%B1%D8%AF%D9%81%D9%87%D9%85%E2%80%8C%DA%A9%D8%B1%D8%AF%D9%86
fallacies,358,fa,https://fa.wikipedia.org/wiki/%DA%86%D8%A7%D8%B1%DA%86%D9%88%D8%A8%E2%80%8C%D8%A8%D9%86%D8%AF%DB%8C_%28%D8%B9%D9%84%D9%88%D9%85_%D8%A7%D8%AC%D8%AA%D9%85%D8%A7%D8%B9%DB%8C%29
fallacies,367,fa,https://fa.wikipedia.org/wiki/%D8%A7%D8%AB%D8%B1_%D8%AE%D9%81%D8%AA%D9%87
fallacies,368,fa,https://fa.wikipedia.org/wiki/%D8%A7%D8%AB%D8%B1_%D8%AD%D9%82%DB%8C%D9%82%D8%AA_%D9%88%D8%A7%D9%87%DB%8C
fallacies,370,fa,https://fa.wikipedia.org/wiki/%D8%A7%D8%AB%D8%B1_%D8%A8%D8%A7%D8%B1%D9%86%D9%88%D9%85
fallacies,384,fa,https://fa.wikipedia.org/wiki/%D8%B4%D8%B1%D8%B7%DB%8C%E2%80%8C%D8%B4%D8%AF%D9%86_%D9%81%D8%B9%D8%A7%D9%84
fallacies,385,fa,https://fa.wikipedia.org/wiki/%DA%86%D9%85%D8%A7%D9%82_%D9%88_%D9%87%D9%88%DB%8C%D8%AC
fallacies,389,fa,https://fa.wikipedia.org/wiki/%D9%86%D8%B8%D8%B1%DB%8C%D9%87_%D9%85%D8%A7%DB%8C%D9%87%E2%80%8C%DA%A9%D9%88%D8%A8%DB%8C
fallacies,390,fa,https://fa.wikipedia.org/wiki/%D8%AC%D9%84%D9%88%D9%87_%D9%85%D8%BA%D8%A7%DB%8C%D8%B1
fallacies,391,fa,https://fa.wikipedia.org/wiki/%D8%AA%D9%82%D9%88%DB%8C%D8%AA_%28%D8%B1%D9%88%D8%A7%D9%86%E2%80%8C%D8%B4%D9%86%D8%A7%D8%B3%DB%8C%29
fallacies,392,fa,https://fa.wikipedia.org/wiki/%D9%BE%DB%8C%D8%B4%DA%AF%D9%88%DB%8C%DB%8C_%D8%AE%D9%88%D8%AF%D8%A8%D8%B1%D8%A2%D9%88%D8%B1%D9%86%D8%AF%D9%87
fallacies,397,fa,https://fa.wikipedia.org/wiki/%D9%BE%DB%8C%D8%B4%DA%AF%D9%88%DB%8C%DB%8C_%D8%AE%D9%88%D8%AF%D8%AA%D8%AE%D8%B1%DB%8C%D8%A8%DA%AF%D8%B1
fallacies,399,fa,https://fa.wikipedia.org/wiki/%D8%A7%D8%AB%D8%B1_%D9%BE%DB%8C%DA%AF%D9%85%D8%A7%D9%84%DB%8C%D9%88%D9%86
fallacies,401,fa,https://fa.wikipedia.org/wiki/%D8%A7%D8%AB%D8%B1_%D9%85%D8%AA%DB%8C%D9%88
fallacies,405,fa,https://fa.wikipedia.org/wiki/%D8%AA%D8%B1%D8%AF%D8%B3%D8%AA%DB%8C
fallacies,410,fa,https://fa.wikipedia.org/wiki/%D9%85%D8%AD%D8%B1%DA%A9%E2%80%8C%D9%87%D8%A7%DB%8C_%D8%B2%DB%8C%D8%B1%D8%A2%D8%B3%D8%AA%D8%A7%D9%86%D9%87%E2%80%8C%D8%A7%DB%8C
fallacies,412,fa,https://fa.wikipedia.org/wiki/%D9%87%D8%A7%D9%86%D8%B3_%D8%A8%D8%A7%D9%87%D9%88%D8%B4
fallacies,414,fa,https://fa.wikipedia.org/wiki/%D9%85%D9%87%D9%86%D8%AF%D8%B3%DB%8C_%D8%A7%D8%AC%D8%AA%D9%85%D8%A7%D8%B9%DB%8C_%28%D8%B9%D9%84%D9%88%D9%85_%D8%B3%DB%8C%D8%A7%D8%B3%DB%8C%29
fallacies,415,fa,https://fa.wikipedia.org/wiki/%D9%86%D8%B8%D8%B1%DB%8C%D9%87_%D8%AA%D9%84%D9%86%DA%AF%D8%B1
fallacies,416,fa,https://fa.wikipedia.org/wiki/%D8%A7%D9%84%DA%AF%D9%88%DB%8C_%D8%AA%D8%A7%D8%B1%DB%8C%DA%A9
fallacies,417,fa,https://fa.wikipedia.org/wiki/%D8%AA%D9%84%D9%87%E2%80%8C%DA%A9%D9%84%DB%8C%DA%A9
fallacies,418,fa,https://fa.wikipedia.org/wiki/%D9%87%D8%B1%D8%A7%D8%B3%E2%80%8C%D9%BE%D8%B1%D8%A7%DA%A9%D9%86%DB%8C
fallacies,422,fa,https://fa.wikipedia.org/wiki/%D8%AE%D9%88%D8%AF%D8%B4%DB%8C%D8%B1%DB%8C%D9%86%DB%8C
fallacies,423,fa,https://fa.wikipedia.org/wiki/%D9%84%D8%A7%D9%81%E2%80%8C%D8%B2%D8%AF%D9%86
fallacies,426,fa,https://fa.wikipedia.org/wiki/%D8%A8%D9%85%D8%A8%D8%A7%D8%B1%D8%A7%D9%86_%D8%B9%D8%B4%D9%82
fallacies,427,fa,https://fa.wikipedia.org/wiki/%D8%A7%D8%B4%DA%A9_%D8%AA%D9%85%D8%B3%D8%A7%D8%AD
fallacies,428,fa,https://fa.wikipedia.org/wiki/%D8%AA%D9%88%D8%AC%D9%87%E2%80%8C%D8%AE%D9%88%D8%A7%D9%87%DB%8C
fallacies,432,fa,https://fa.wikipedia.org/wiki/%D9%BE%D8%B0%DB%8C%D8%B1%D8%B4_%28%D8%B1%D9%88%D8%A7%D9%86%D8%B4%D9%86%D8%A7%D8%B3%DB%8C%29
fallacies,433,fa,https://fa.wikipedia.org/wiki/%D8%AA%D8%B9%D9%87%D8%AF_%D8%A8%DB%8C%D8%B4%D8%AA%D8%B1_%D8%A8%D9%87_%D8%AE%D8%B7%D8%A7
fallacies,434,fa,https://fa.wikipedia.org/wiki/%D8%AA%DA%A9%D9%86%DB%8C%DA%A9_%D9%BE%D8%A7%DB%8C_%D8%AF%D8%B1%D8%A8
fallacies,443,fa,https://fa.wikipedia.org/wiki/%D8%AA%DA%A9%D9%86%DB%8C%DA%A9_%D8%AF%D8%B1%D8%A8_%D8%B5%D9%88%D8%B1%D8%AA
fallacies,447,fa,https://fa.wikipedia.org/wiki/%D9%86%D8%B8%D8%B1%DB%8C%D9%87_%D8%A8%D8%B1%DA%86%D8%B3%D8%A8%E2%80%8C%D8%B2%D9%86%DB%8C
fallacies,455,fa,https://fa.wikipedia.org/wiki/%D9%85%D9%87%D9%86%D8%AF%D8%B3%DB%8C_%D8%A7%D8%AC%D8%AA%D9%85%D8%A7%D8%B9%DB%8C_%28%D8%A7%D9%85%D9%86%DB%8C%D8%AA%29
fallacies,458,fa,https://fa.wikipedia.org/wiki/%D8%A7%D8%AB%D8%B1_%D8%A7%D8%B3%D8%AA%D8%B1%D9%88%D9%BE
fallacies,459,fa,https://fa.wikipedia.org/wiki/%DA%AF%D8%B3%D9%84%D8%A7%DB%8C%D8%AA%DB%8C%D9%86%DA%AF
fallacies,460,fa,https://fa.wikipedia.org/wiki/%D8%B1%DA%AF%D8%A8%D8%A7%D8%B1_%D8%AF%D8%B1%D9%88%D8%BA
fallacies,461,fa,https://fa.wikipedia.org/wiki/%D8%A7%D8%AD%D8%B3%D8%A7%D8%B3_%DA%AF%D9%86%D8%A7%D9%87
fallacies,465,fa,https://fa.wikipedia.org/wiki/%D8%AA%D8%B6%D8%B9%DB%8C%D9%81_%D8%B1%D9%88%D8%AD%DB%8C%D9%87_%28%D8%AC%D9%86%DA%AF%29
fallacies,468,fa,https://fa.wikipedia.org/wiki/%D9%85%D8%BA%D8%A7%D9%84%D8%B7%D9%87_%D8%AA%D9%88%D8%B3%D9%84_%D8%A8%D9%87_%D8%B2%D9%88%D8%B1
fallacies,470,fa,https://fa.wikipedia.org/wiki/%D8%A2%D8%B2%D8%A7%D8%B1_%D8%B2%D8%A8%D8%A7%D9%86%DB%8C
fallacies,472,fa,https://fa.wikipedia.org/wiki/%D8%A7%D8%B3%D8%AA%D8%B1%D8%B3_%D8%B1%D9%88%D8%A7%D9%86%DB%8C
fallacies,474,fa,https://fa.wikipedia.org/wiki/%D9%86%D9%82
fallacies,479,fa,https://fa.wikipedia.org/wiki/%D8%A2%D8%B2%D8%A7%D8%B1
fallacies,480,fa,https://fa.wikipedia.org/wiki/%D8%B4%DB%8C%D8%B1_%D8%AF%D8%B1%DB%8C%D8%A7%DB%8C%DB%8C%E2%80%8C%E2%80%8C%DA%AF%D8%B1%DB%8C
fallacies,481,fa,https://fa.wikipedia.org/wiki/%D9%82%D9%84%D8%AF%D8%B1%DB%8C_%D8%AC%D9%86%D8%B3%DB%8C
fallacies,482,fa,https://fa.wikipedia.org/wiki/%D9%87%D8%B1%D8%B2%D9%87%E2%80%8C%D9%86%DA%A9%D9%88%D9%87%DB%8C
fallacies,484,fa,https://fa.wikipedia.org/wiki/%D8%AA%D8%B9%D9%82%DB%8C%D8%A8_%D8%A2%D8%B2%D8%A7%D8%B1%DA%AF%D8%B1%D8%A7%D9%86%D9%87
fallacies,485,fa,https://fa.wikipedia.org/wiki/%D9%BE%D8%B1%D8%AE%D8%A7%D8%B4%DA%AF%D8%B1%DB%8C_%D9%85%D9%86%D9%81%D8%B9%D9%84
fallacies,489,fa,https://fa.wikipedia.org/wiki/%D9%BE%DB%8C%D8%B1%D9%88%DB%8C_%DA%A9%D9%88%D8%B1%DA%A9%D9%88%D8%B1%D8%A7%D9%86%D9%87
fallacies,492,fa,https://fa.wikipedia.org/wiki/%D9%85%D8%B8%D9%84%D9%88%D9%85%E2%80%8C%D9%86%D9%85%D8%A7%DB%8C%DB%8C
fallacies,494,fa,https://fa.wikipedia.org/wiki/%D9%87%D8%B0%DB%8C%D8%A7%D9%86_%DA%AF%D8%B2%D9%86%D8%AF_%D9%88_%D8%A2%D8%B3%DB%8C%D8%A8
fallacies,496,fa,https://fa.wikipedia.org/wiki/%D8%B3%D8%A7%D8%AF%D9%87%E2%80%8C%D8%A7%D9%86%DA%AF%D8%A7%D8%B1%DB%8C
fallacies,506,fa,https://fa.wikipedia.org/wiki/%D8%B0%D9%87%D9%86%DB%8C%D8%AA_%D8%AE%D8%B1%DA%86%D9%86%DA%AF%DB%8C
fallacies,514,fa,https://fa.wikipedia.org/wiki/%D8%B2%D8%A8%D8%A7%D9%86_%D8%A2%D9%88%D8%A7%DB%8C%DB%8C
fallacies,515,fa,https://fa.wikipedia.org/wiki/%D8%B2%D8%A8%D8%A7%D9%86_%D8%A2%D9%88%D8%A7%DB%8C%DB%8C
fallacies,516,fa,https://fa.wikipedia.org/wiki/%D8%B2%D8%A8%D8%A7%D9%86_%D8%A2%D9%88%D8%A7%DB%8C%DB%8C
fallacies,517,fa,https://fa.wikipedia.org/wiki/%D8%B2%D8%A8%D8%A7%D9%86_%D8%A2%D9%88%D8%A7%DB%8C%DB%8C
fallacies,518,fa,https://fa.wikipedia.org/wiki/%D8%B2%D9%85%D8%A7%D9%86%E2%80%8C%D8%A8%D9%86%D8%AF%DB%8C%E2%80%8C%D8%B4%D9%86%D8%A7%D8%B3%DB%8C
fallacies,520,fa,https://fa.wikipedia.org/wiki/%D8%AA%D9%85%D8%A7%D8%B3_%DA%86%D8%B4%D9%85%DB%8C
fallacies,521,fa,https://fa.wikipedia.org/wiki/%D8%AD%D8%A7%D9%84%D8%AA_%DA%86%D9%87%D8%B1%D9%87
fallacies,523,fa,https://fa.wikipedia.org/wiki/%DA%98%D8%B3%D8%AA
fallacies,526,fa,https://fa.wikipedia.org/wiki/%DA%86%D8%B4%D9%85%DA%A9
fallacies,528,fa,https://fa.wikipedia.org/wiki/%DA%86%D8%B4%D9%85%DA%A9
fallacies,530,fa,https://fa.wikipedia.org/wiki/%D8%A8%D9%88%D8%B3%D9%87_%D8%A7%D8%B3%DA%A9%DB%8C%D9%85%D9%88%DB%8C%DB%8C
fallacies,534,fa,https://fa.wikipedia.org/wiki/%D8%A7%D9%86%DA%AF%D8%B4%D8%AA%D8%A7%D9%86_%D8%B6%D8%B1%D8%A8%E2%80%8C%D8%AF%D8%B1%DB%8C
fallacies,536,fa,https://fa.wikipedia.org/wiki/%D8%AF%D8%B3%D8%AA%E2%80%8C%D8%A8%D9%88%D8%B3%DB%8C
fallacies,537,fa,https://fa.wikipedia.org/wiki/%D8%AE%D8%A8%D8%B1_%D8%AF%D8%A7%D8%B1
fallacies,545,fa,https://fa.wikipedia.org/wiki/%DA%A9%D9%84%D8%A7%D9%87_%D8%A7%D8%B2_%D8%B3%D8%B1_%D8%A8%D8%B1%D8%AF%D8%A7%D8%B4%D8%AA%D9%86
fallacies,547,fa,https://fa.wikipedia.org/wiki/%D8%B3%D9%84%D8%A7%D9%85_%D8%B1%D9%88%D9%85%DB%8C
fallacies,550,fa,https://fa.wikipedia.org/wiki/%D9%86%D8%A7%D9%85%D8%A7%D8%B3%D8%AA%D9%87
fallacies,555,fa,https://fa.wikipedia.org/wiki/%D8%B3%D8%AC%D8%AF%D9%87
fallacies,556,fa,https://fa.wikipedia.org/wiki/%D8%AF%D8%B3%D8%AA%E2%80%8C%DA%AF%D8%B0%D8%A7%D8%B1%DB%8C
fallacies,557,fa,https://fa.wikipedia.org/wiki/%D8%B3%D9%84%D8%A7%D9%85_%D8%B5%D8%B1%D8%A8%DB%8C
fallacies,558,fa,https://fa.wikipedia.org/wiki/%D8%B3%D9%84%D8%A7%D9%85_%D9%86%D8%A7%D8%B2%DB%8C
fallacies,559,fa,https://fa.wikipedia.org/wiki/%D9%85%D8%B4%D8%AA_%DA%AF%D8%B1%D9%87%E2%80%8C%DA%A9%D8%B1%D8%AF%D9%87
fallacies,563,fa,https://fa.wikipedia.org/wiki/%DA%A9%D9%81_%D8%B2%D8%AF%D9%86
fallacies,565,fa,https://fa.wikipedia.org/wiki/%D8%A8%D8%B2%D9%86_%D9%82%D8%AF%D8%B4
fallacies,566,fa,https://fa.wikipedia.org/wiki/%D8%B9%D9%84%D8%A7%D9%85%D8%AA_%D8%B4%D8%B3%D8%AA
fallacies,567,fa,https://fa.wikipedia.org/wiki/%D8%AA%D8%B4%D9%88%DB%8C%D9%82_%D8%A7%DB%8C%D8%B3%D8%AA%D8%A7%D8%AF%D9%87
fallacies,568,fa,https://fa.wikipedia.org/wiki/%D9%86%D9%85%D8%A7%D8%AF_V
fallacies,570,fa,https://fa.wikipedia.org/wiki/%D9%85%D8%B4%D8%AA_%DA%AF%D8%B1%D9%87%E2%80%8C%DA%A9%D8%B1%D8%AF%D9%87
fallacies,572,fa,https://fa.wikipedia.org/wiki/%D8%A8%D8%A7%D8%B2%D9%88%DB%8C_%D8%A7%D9%81%D8%AA%D8%AE%D8%A7%D8%B1
fallacies,573,fa,https://fa.wikipedia.org/wiki/%D8%A7%D9%86%DA%AF%D8%B4%D8%AA_%D9%88%D8%B3%D8%B7_%28%DA%98%D8%B3%D8%AA%29
fallacies,575,fa,https://fa.wikipedia.org/wiki/%D9%86%D9%85%D8%A7%D8%AF_%D8%B4%D8%A7%D8%AE
fallacies,576,fa,https://fa.wikipedia.org/wiki/%D8%A8%D8%B4%DA%A9%D9%86
fallacies,579,fa,https://fa.wikipedia.org/wiki/%D8%B9%D9%84%D8%A7%D9%85%D8%AA_%D8%B4%D8%B3%D8%AA
fallacies,581,fa,https://fa.wikipedia.org/wiki/%D9%81%DB%8C%D8%B3%E2%80%8C%D9%BE%D8%A7%D9%84%D9%85
fallacies,586,fa,https://fa.wikipedia.org/wiki/%D9%81%D8%A7%D8%B5%D9%84%D9%87%E2%80%8C%D8%B4%D9%86%D8%A7%D8%B3%DB%8C
fallacies,587,fa,https://fa.wikipedia.org/wiki/%D8%AD%D8%A7%D9%84%D8%AA_%D8%A8%D8%AF%D9%86
fallacies,592,fa,https://fa.wikipedia.org/wiki/%D8%A7%D8%B1%D8%AA%D8%A8%D8%A7%D8%B7_%D8%BA%DB%8C%D8%B1%DA%A9%D9%84%D8%A7%D9%85%DB%8C
fallacies,593,fa,https://fa.wikipedia.org/wiki/%D8%A7%D8%B1%D8%AA%D8%A8%D8%A7%D8%B7_%D9%84%D9%85%D8%B3%DB%8C
fallacies,596,fa,https://fa.wikipedia.org/wiki/%D8%B3%D9%88%DA%AF%DB%8C%D8%B1%DB%8C_%D9%86%D9%85%D9%88%D9%86%D9%87%E2%80%8C%DA%AF%DB%8C%D8%B1%DB%8C
fallacies,598,fa,https://fa.wikipedia.org/wiki/%D9%85%D8%BA%D8%A7%D9%84%D8%B7%D9%87_%D8%AA%D8%B9%D9%85%DB%8C%D9%85_%D9%86%D8%A7%D8%B1%D9%88%D8%A7
fallacies,603,fa,https://fa.wikipedia.org/wiki/%DA%AF%D9%84%DA%86%DB%8C%D9%86%E2%80%8C%DA%A9%D8%B1%D8%AF%D9%86
fallacies,604,fa,https://fa.wikipedia.org/wiki/%D8%B3%D9%88%DA%AF%DB%8C%D8%B1%DB%8C_%D9%85%D8%B9%D8%B1%D9%81
fallacies,609,fa,https://fa.wikipedia.org/wiki/%D8%B3%D9%88%DA%AF%DB%8C%D8%B1%DB%8C_%D8%A8%D8%A7%D8%B2%D9%85%D8%A7%D9%86%D8%AF%DA%AF%DB%8C
fallacies,616,fa,https://fa.wikipedia.org/wiki/%D8%A7%D8%B3%DA%A9%D8%A7%D8%AA%D9%84%D9%86%D8%AF%DB%8C_%D9%88%D8%A7%D9%82%D8%B9%DB%8C
fallacies,620,fa,https://fa.wikipedia.org/wiki/%D9%85%D8%BA%D8%A7%D9%84%D8%B7%D9%87_%D8%A7%D8%B3%D8%AA%D8%AB%D9%86%D8%A7%DB%8C_%D8%A8%DB%8C%E2%80%8C%D8%A7%D9%87%D9%85%DB%8C%D8%AA
fallacies,622,fa,https://fa.wikipedia.org/wiki/%D9%85%D8%BA%D8%A7%D9%84%D8%B7%D9%87_%D8%AA%D8%B1%DA%A9%DB%8C%D8%A8
fallacies,623,fa,https://fa.wikipedia.org/wiki/%D9%86%D8%B8%D8%B1%DB%8C%D9%87_%D8%AA%DA%A9%D8%B1%D8%A7%D8%B1_%D9%81%D8%B1%DA%AF%D8%B4%D8%AA%DB%8C
fallacies,625,fa,https://fa.wikipedia.org/wiki/%D9%85%D8%BA%D8%A7%D9%84%D8%B7%D9%87_%D8%AA%D9%82%D8%B3%DB%8C%D9%85
fallacies,626,fa,https://fa.wikipedia.org/wiki/%D9%85%D8%BA%D8%A7%D9%84%D8%B7%D9%87_%D8%A8%D9%88%D9%85%E2%80%8C%D8%B4%D9%86%D8%A7%D8%AE%D8%AA%DB%8C
fallacies,627,fa,https://fa.wikipedia.org/wiki/%D9%BE%D8%A7%D8%B1%D8%A7%D8%AF%D9%88%DA%A9%D8%B3_%D8%B3%DB%8C%D9%85%D9%BE%D8%B3%D9%88%D9%86
fallacies,628,fa,https://fa.wikipedia.org/wiki/%D9%85%D8%BA%D8%A7%D9%84%D8%B7%D9%87_%D8%A8%D9%88%D9%85%E2%80%8C%D8%B4%D9%86%D8%A7%D8%AE%D8%AA%DB%8C
fallacies,629,fa,https://fa.wikipedia.org/wiki/%D9%85%D8%BA%D8%A7%D9%84%D8%B7%D9%87_%D8%A8%D9%88%D9%85%E2%80%8C%D8%B4%D9%86%D8%A7%D8%AE%D8%AA%DB%8C
fallacies,630,fa,https://fa.wikipedia.org/wiki/%D9%85%D8%BA%D8%A7%D9%84%D8%B7%D9%87_%D8%A8%D9%88%D9%85%E2%80%8C%D8%B4%D9%86%D8%A7%D8%AE%D8%AA%DB%8C
fallacies,631,fa,https://fa.wikipedia.org/wiki/%D8%AA%D9%82%D9%84%DB%8C%D9%84%E2%80%8C%DA%AF%D8%B1%D8%A7%DB%8C%DB%8C_%D8%AD%D8%B1%DB%8C%D8%B5%D8%A7%D9%86%D9%87
fallacies,633,fa,https://fa.wikipedia.org/wiki/%D9%87%D9%85%D8%A8%D8%B3%D8%AA%DA%AF%DB%8C_%D8%AC%D8%B9%D9%84%DB%8C
fallacies,634,fa,https://fa.wikipedia.org/wiki/%D9%85%D8%BA%D8%A7%D9%84%D8%B7%D9%87_%D8%B9%D9%84%D8%AA_%D8%B4%D9%85%D8%B1%D8%AF%D9%86_%D9%87%D9%85%D8%A8%D8%B3%D8%AA%DA%AF%DB%8C
fallacies,635,fa,https://fa.wikipedia.org/wiki/%D8%B9%D9%84%D8%AA_%D8%B4%D9%85%D8%B1%D8%AF%D9%86_%D9%85%D9%82%D8%AF%D9%85
fallacies,645,fa,https://fa.wikipedia.org/wiki/%D9%85%D8%BA%D8%A7%D9%84%D8%B7%D9%87_%D8%AA%D9%88%D8%B3%D9%84_%D8%A8%D9%87_%D8%A7%D8%AD%D8%AA%D9%85%D8%A7%D9%84%D8%A7%D8%AA
fallacies,648,fa,https://fa.wikipedia.org/wiki/%D8%BA%D9%81%D9%84%D8%AA_%D8%A7%D8%B2_%D9%86%D8%B1%D8%AE_%D9%BE%D8%A7%DB%8C%D9%87
fallacies,649,fa,https://fa.wikipedia.org/wiki/%D8%A7%D8%B3%D8%AA%D8%AF%D9%84%D8%A7%D9%84_%D8%B1%D9%88%D8%B2_%D8%B1%D8%B3%D8%AA%D8%A7%D8%AE%DB%8C%D8%B2
fallacies,650,fa,https://fa.wikipedia.org/wiki/%D9%85%D8%BA%D8%A7%D9%84%D8%B7%D9%87_%D8%AF%D8%A7%D8%AF%D8%B3%D8%AA%D8%A7%D9%86
fallacies,652,fa,https://fa.wikipedia.org/wiki/%D9%BE%D8%A7%DA%A9%D8%A8%D8%A7%D8%AE%D8%AA%DA%AF%DB%8C_%D9%82%D9%85%D8%A7%D8%B1%D8%A8%D8%A7%D8%B2
fallacies,654,fa,https://fa.wikipedia.org/wiki/%D9%85%D8%BA%D8%A7%D9%84%D8%B7%D9%87_%D9%82%D9%85%D8%A7%D8%B1%D8%A8%D8%A7%D8%B2
fallacies,657,fa,https://fa.wikipedia.org/wiki/%D9%85%D8%BA%D8%A7%D9%84%D8%B7%D9%87_%D8%B9%D8%B7%D9%81_%D9%85%D9%86%D8%B7%D9%82%DB%8C
fallacies,661,fa,https://fa.wikipedia.org/wiki/%D8%A7%D8%B3%D8%AA%D8%AF%D9%84%D8%A7%D9%84_%D9%82%D9%87%D9%82%D8%B1%D8%A7%DB%8C%DB%8C
fallacies,662,fa,https://fa.wikipedia.org/wiki/%D8%AA%D8%B3%D9%84%D8%B3%D9%84
fallacies,664,fa,https://fa.wikipedia.org/wiki/%D8%AA%D8%B3%D9%84%D8%B3%D9%84
fallacies,668,fa,https://fa.wikipedia.org/wiki/%D9%85%D8%BA%D8%A7%D9%84%D8%B7%D9%87_%DA%A9%D9%85%DB%8C%D8%AA%E2%80%8C%DA%AF%D8%B1%D8%A7%DB%8C%DB%8C
fallacies,673,fa,https://fa.wikipedia.org/wiki/%D8%AA%D9%88%D8%B3%D9%84_%D8%A8%D9%87_%D9%85%DB%8C%D8%A7%D9%86%D9%87%E2%80%8C%D8%B1%D9%88%DB%8C
fallacies,675,fa,https://fa.wikipedia.org/wiki/%D8%AA%D9%85%D8%AB%DB%8C%D9%84_%D9%BE%D9%86%D8%AC%D8%B1%D9%87_%D8%B4%DA%A9%D8%B3%D8%AA%D9%87
fallacies,677,fa,https://fa.wikipedia.org/wiki/%D8%B4%DB%8C%D8%A8_%D9%84%D8%BA%D8%B2%D9%86%D8%AF%D9%87
fallacies,683,fa,https://fa.wikipedia.org/wiki/%D9%81%D9%87%D8%B1%D8%B3%D8%AA_%D9%BE%D8%A7%D8%B1%D8%A7%D8%AF%D9%88%DA%A9%D8%B3%E2%80%8C%D9%87%D8%A7
fallacies,685,fa,https://fa.wikipedia.org/wiki/%D9%BE%D8%A7%D8%B1%D8%A7%D8%AF%D9%88%DA%A9%D8%B3_%D8%AF%D9%88_%D9%BE%D8%A7%DA%A9%D8%AA
fallacies,688,fa,https://fa.wikipedia.org/wiki/%D9%BE%D8%AF%DB%8C%D8%AF%D9%87_%D9%88%DB%8C%D9%84_%D8%B1%D8%A7%D8%AC%D8%B1%D8%B2
fallacies,696,fa,https://fa.wikipedia.org/wiki/%D9%85%D8%BA%D8%A7%D9%84%D8%B7%D9%87
fallacies,698,fa,https://fa.wikipedia.org/wiki/%D9%85%D8%B5%D8%A7%D8%AF%D8%B1%D9%87_%D8%A8%D9%87_%D9%85%D8%B7%D9%84%D9%88%D8%A8
fallacies,699,fa,https://fa.wikipedia.org/wiki/%D8%A7%D8%B3%D8%AA%D8%AF%D9%84%D8%A7%D9%84_%D8%AF%D9%88%D8%B1%DB%8C
fallacies,701,fa,https://fa.wikipedia.org/wiki/%D9%85%D8%BA%D8%A7%D9%84%D8%B7%D9%87_%D9%BE%D8%B1%D8%B3%D8%B4_%D9%BE%DB%8C%DA%86%DB%8C%D8%AF%D9%87
fallacies,702,fa,https://fa.wikipedia.org/wiki/%D9%85%D8%BA%D8%A7%D9%84%D8%B7%D9%87_%D8%AF%D9%84%DB%8C%D9%84_%D9%86%D8%A7%D9%85%D8%B1%D8%A8%D9%88%D8%B7
fallacies,706,fa,https://fa.wikipedia.org/wiki/%D8%AA%D8%AD%D8%B1%DB%8C%D9%81_%D8%B4%D9%86%D8%A7%D8%AE%D8%AA%DB%8C
fallacies,708,fa,https://fa.wikipedia.org/wiki/%D8%AA%D8%B5%D8%AF%DB%8C%D9%82_%D8%AA%D8%A7%D9%84%DB%8C
fallacies,710,fa,https://fa.wikipedia.org/wiki/%D9%84%D8%A7%D8%B2%D9%85_%D9%88_%DA%A9%D8%A7%D9%81%DB%8C
fallacies,714,fa,https://fa.wikipedia.org/wiki/%D8%AA%D9%88_%D9%87%D9%85_%DA%86%D9%86%DB%8C%D9%86%DB%8C
fallacies,717,fa,https://fa.wikipedia.org/wiki/%D9%85%D8%BA%D8%A7%D9%84%D8%B7%D9%87_%D9%82%D9%85%D8%A7%D8%B1%D8%A8%D8%A7%D8%B2
fallacies,719,fa,https://fa.wikipedia.org/wiki/%D9%85%D8%BA%D8%A7%D9%84%D8%B7%D9%87_%D8%B9%D9%84%D8%AA_%D8%B4%D9%85%D8%B1%D8%AF%D9%86_%D9%87%D9%85%D8%A8%D8%B3%D8%AA%DA%AF%DB%8C
fallacies,721,fa,https://fa.wikipedia.org/wiki/%D9%85%D8%BA%D8%A7%D9%84%D8%B7%D9%87_%D8%B9%D9%84%D8%AA_%D9%88%D8%A7%D8%AD%D8%AF
fallacies,722,fa,https://fa.wikipedia.org/wiki/%D8%A7%D9%86%DA%A9%D8%A7%D8%B1_%D9%85%D9%82%D8%AF%D9%85%D8%A7%D8%AA
fallacies,723,fa,https://fa.wikipedia.org/wiki/%D8%AA%D8%AD%D8%B1%DB%8C%D9%81_%D8%B4%D9%86%D8%A7%D8%AE%D8%AA%DB%8C
fallacies,725,fa,https://fa.wikipedia.org/wiki/%D8%B9%D9%84%D8%AA_%D8%B4%D9%85%D8%B1%D8%AF%D9%86_%D9%85%D9%82%D8%AF%D9%85
fallacies,729,fa,https://fa.wikipedia.org/wiki/%D8%A7%D9%86%DA%A9%D8%A7%D8%B1_%D9%85%D9%82%D8%AF%D9%85%D8%A7%D8%AA
fallacies,731,fa,https://fa.wikipedia.org/wiki/%D8%AA%D8%B5%D8%AF%DB%8C%D9%82_%D8%AA%D8%A7%D9%84%DB%8C
fallacies,739,fa,https://fa.wikipedia.org/wiki/%D9%85%D8%BA%D8%A7%D9%84%D8%B7%D9%87_%D8%A7%D9%81%D8%B1%D8%A7%D8%AF_%D8%BA%DB%8C%D8%B1%D9%85%D9%88%D8%AC%D9%88%D8%AF
fallacies,740,fa,https://fa.wikipedia.org/wiki/%D8%A7%D8%B3%D8%AA%D8%AF%D9%84%D8%A7%D9%84_%D9%85%D8%A8%D8%A7%D8%B4%D8%B1
fallacies,744,fa,https://fa.wikipedia.org/wiki/%D8%A7%D8%B3%D8%AA%D8%AF%D9%84%D8%A7%D9%84_%D9%85%D8%A8%D8%A7%D8%B4%D8%B1
fallacies,745,fa,https://fa.wikipedia.org/wiki/%D8%A7%D8%B3%D8%AA%D8%AF%D9%84%D8%A7%D9%84_%D9%85%D8%A8%D8%A7%D8%B4%D8%B1
fallacies,746,fa,https://fa.wikipedia.org/wiki/%D8%A7%D8%B3%D8%AA%D8%AF%D9%84%D8%A7%D9%84_%D9%85%D8%A8%D8%A7%D8%B4%D8%B1
fallacies,747,fa,https://fa.wikipedia.org/wiki/%D8%A7%D8%B3%D8%AA%D8%AF%D9%84%D8%A7%D9%84_%D9%85%D8%A8%D8%A7%D8%B4%D8%B1
fallacies,752,fa,https://fa.wikipedia.org/wiki/%D9%85%D8%BA%D8%A7%D9%84%D8%B7%D9%87_%D9%85%D8%B1%D8%AF_%D9%86%D9%82%D8%A7%D8%A8%D8%AF%D8%A7%D8%B1
fallacies,756,fa,https://fa.wikipedia.org/wiki/%D8%AA%D8%AD%D8%B1%DB%8C%D9%81_%D8%B4%D9%86%D8%A7%D8%AE%D8%AA%DB%8C
fallacies,759,fa,https://fa.wikipedia.org/wiki/%D9%86%D8%AA%DB%8C%D8%AC%D9%87%E2%80%8C%DA%AF%DB%8C%D8%B1%DB%8C_%D8%B3%D8%B1%DB%8C%D8%B9
fallacies,768,fa,https://fa.wikipedia.org/wiki/%D9%85%D8%BA%D9%84%D8%B7%D9%87_%D9%85%D8%B9%D8%A7%D8%AF%D9%84%E2%80%8C%D8%B3%D8%A7%D8%B2%DB%8C_%DA%A9%D8%A7%D8%B0%D8%A8
fallacies,770,fa,https://fa.wikipedia.org/wiki/%D8%AC%D9%87%D8%B4_%D8%A7%DB%8C%D9%85%D8%A7%D9%86
fallacies,774,fa,https://fa.wikipedia.org/wiki/%D8%AA%D8%AD%D8%B1%DB%8C%D9%81_%D8%B4%D9%86%D8%A7%D8%AE%D8%AA%DB%8C
fallacies,775,fa,https://fa.wikipedia.org/wiki/%D8%AA%D8%AD%D8%B1%DB%8C%D9%81_%D8%B4%D9%86%D8%A7%D8%AE%D8%AA%DB%8C
fallacies,776,fa,https://fa.wikipedia.org/wiki/%D8%AA%D8%AD%D8%B1%DB%8C%D9%81_%D8%B4%D9%86%D8%A7%D8%AE%D8%AA%DB%8C
fallacies,781,fa,https://fa.wikipedia.org/wiki/%D9%85%D8%BA%D8%A7%D9%84%D8%B7%D9%87_%D9%85%D9%86%D8%B7%D9%82_%DA%A9%D8%AA%D8%B1%DB%8C%E2%80%8C%D9%88%D8%A7%D8%B1
fallacies,789,fa,https://fa.wikipedia.org/wiki/%D9%85%D8%BA%D8%A7%D9%84%D8%B7%D9%87_%D8%B3%D9%88%D8%A1_%D8%AA%D8%A3%D9%84%DB%8C%D9%81_%D8%AF%D8%B1_%DA%A9%D8%A8%D8%B1%D8%A7%DB%8C_%D9%82%DB%8C%D8%A7%D8%B3
fallacies,790,fa,https://fa.wikipedia.org/wiki/%D9%85%D8%BA%D8%A7%D9%84%D8%B7%D9%87_%D8%B3%D9%88%D8%A1_%D8%AA%D8%A3%D9%84%DB%8C%D9%81_%D8%AF%D8%B1_%D8%B5%D8%BA%D8%B1%D8%A7%DB%8C_%D9%82%DB%8C%D8%A7%D8%B3
fallacies,792,fa,https://fa.wikipedia.org/wiki/%D9%85%D8%BA%D8%A7%D9%84%D8%B7%D9%87_%D9%85%D9%82%D8%AF%D9%85%D8%A7%D8%AA_%D9%85%D9%86%D9%81%DB%8C
fallacies,796,fa,https://fa.wikipedia.org/wiki/%D8%B9%D8%AF%D9%85_%D8%AA%DA%A9%D8%B1%D8%A7%D8%B1_%D8%AD%D8%AF_%D9%88%D8%B3%D8%B7
fallacies,813,fa,https://fa.wikipedia.org/wiki/%D8%A7%D8%B3%DA%A9%D8%A7%D8%AA%D9%84%D9%86%D8%AF%DB%8C_%D9%88%D8%A7%D9%82%D8%B9%DB%8C
fallacies,814,fa,https://fa.wikipedia.org/wiki/%D8%AF%D9%88%DA%AF%D8%A7%D9%86%D9%87_%D8%AC%D8%B9%D9%84%DB%8C
fallacies,817,fa,https://fa.wikipedia.org/wiki/%D8%AF%D9%88%D9%BE%D8%A7%D8%B1%D9%87%E2%80%8C%D8%B3%D8%A7%D8%B2%DB%8C
fallacies,820,fa,https://fa.wikipedia.org/wiki/%D8%A7%D9%84%D9%81%D8%A7%D8%B8_%D8%B7%D9%81%D8%B1%D9%87%E2%80%8C%D8%A2%D9%85%DB%8C%D8%B2
fallacies,843,fa,https://fa.wikipedia.org/wiki/%D9%85%D8%BA%D9%84%D8%B7%D9%87_%D9%85%D8%B9%D8%A7%D8%AF%D9%84%E2%80%8C%D8%B3%D8%A7%D8%B2%DB%8C_%DA%A9%D8%A7%D8%B0%D8%A8
fallacies,847,fa,https://fa.wikipedia.org/wiki/%D8%A7%D8%A8%D9%87%D8%A7%D9%85_%D9%86%D8%AD%D9%88%DB%8C
fallacies,857,fa,https://fa.wikipedia.org/wiki/%D9%85%D8%BA%D8%A7%D9%84%D8%B7%D9%87_%DA%A9%D9%85%DB%8C%D8%AA%E2%80%8C%DA%AF%D8%B1%D8%A7%DB%8C%DB%8C
fallacies,865,fa,https://fa.wikipedia.org/wiki/%D8%AF%DA%AF%D8%B1%DA%AF%D9%88%D9%86%DB%8C_%D9%85%D8%B9%D9%86%D8%A7%DB%8C%DB%8C
fallacies,869,fa,https://fa.wikipedia.org/wiki/%D8%B4%DB%8C%E2%80%8C%D8%A1%D8%A7%D9%86%DA%AF%D8%A7%D8%B1%DB%8C_%28%D9%85%D8%BA%D8%A7%D9%84%D8%B7%D9%87%29
fallacies,874,fa,https://fa.wikipedia.org/wiki/%D9%85%D8%A7%D9%86%D8%B3%D8%AA%D9%87
fallacies,875,fa,https://fa.wikipedia.org/wiki/%D9%85%D8%BA%D8%A7%D9%84%D8%B7%D9%87_%D8%AA%D9%BE%D9%87%E2%80%8C%D9%88%D8%AD%DB%8C%D8%A7%D8%B7
fallacies,880,fa,https://fa.wikipedia.org/wiki/%D8%A2%DB%8C%D8%AA%D9%85_%DA%A9%D9%88%D8%B1
fallacies,881,fa,https://fa.wikipedia.org/wiki/%D9%BE%D8%B1%D9%88%D9%BE%D8%A7%DA%AF%D8%A7%D9%86%D8%AF%D8%A7
fallacies,883,fa,https://fa.wikipedia.org/wiki/%D9%BE%D8%B1%D9%88%D9%BE%D8%A7%DA%AF%D8%A7%D9%86%D8%AF%D8%A7
fallacies,887,fa,https://fa.wikipedia.org/wiki/%D8%AA%D9%82%D9%84%D8%A8
fallacies,890,fa,https://fa.wikipedia.org/wiki/%D8%AA%D9%88%D8%B1%DB%8C%D9%87
fallacies,892,fa,https://fa.wikipedia.org/wiki/%D8%B3%D8%A7%D8%AF%D9%87%E2%80%8C%D8%A7%D9%86%DA%AF%D8%A7%D8%B1%DB%8C
fallacies,893,fa,https://fa.wikipedia.org/wiki/%D8%A7%D8%BA%D8%B1%D8%A7%D9%82
fallacies,894,fa,https://fa.wikipedia.org/wiki/%D9%85%D8%BA%D8%A7%D9%84%D8%B7%D9%87_%D9%BE%D9%87%D9%84%D9%88%D8%A7%D9%86%E2%80%8C%D9%BE%D9%86%D8%A8%D9%87
fallacies,895,fa,https://fa.wikipedia.org/wiki/%D8%AA%D8%AD%D8%B1%DB%8C%D9%81_%D8%B4%D9%86%D8%A7%D8%AE%D8%AA%DB%8C
fallacies,898,fa,https://fa.wikipedia.org/wiki/%D8%AF%D8%B1%D9%88%D8%BA
fallacies,899,fa,https://fa.wikipedia.org/wiki/%D8%AF%D8%B1%D9%88%D8%BA_%D8%B4%D8%B1%DB%8C%D9%81
fallacies,902,fa,https://fa.wikipedia.org/wiki/%D8%AF%D8%B1%D9%88%D8%BA
fallacies,903,fa,https://fa.wikipedia.org/wiki/%D9%BE%DB%8C%D8%B4%E2%80%8C%D9%81%D8%B1%D8%B6_%D9%86%D8%A7%D8%AF%D8%B1%D8%B3%D8%AA
fallacies,910,fa,https://fa.wikipedia.org/wiki/%D8%AE%D8%A8%D8%B1%D8%B1%D8%B3%D8%A7%D9%86%DB%8C_%D8%AC%D8%B9%D9%84%DB%8C
fallacies,911,fa,https://fa.wikipedia.org/wiki/%D8%A7%D8%AA%D8%A7%D9%82_%D9%BE%DA%98%D9%88%D8%A7%DA%A9_%28%D8%B1%D8%B3%D8%A7%D9%86%D9%87%29
fallacies,914,fa,https://fa.wikipedia.org/wiki/%D8%A7%D8%B3%D8%AA%D8%B1%D8%A7%D8%AA%DA%98%DB%8C_%DA%AF%D8%B1%D8%A8%D9%87_%D9%85%D8%B1%D8%AF%D9%87
fallacies,915,fa,https://fa.wikipedia.org/wiki/%D8%B1%DA%AF%D8%A8%D8%A7%D8%B1_%D8%AF%D8%B1%D9%88%D8%BA
fallacies,916,fa,https://fa.wikipedia.org/wiki/%D8%B4%D8%A7%DB%8C%D8%B9%D9%87
fallacies,917,fa,https://fa.wikipedia.org/wiki/%DA%A9%D8%A7%D8%B1%D8%B2%D8%A7%D8%B1_%D9%84%DA%A9%D9%87%E2%80%8C%D8%AF%D8%A7%D8%B1_%DA%A9%D8%B1%D8%AF%D9%86
fallacies,919,fa,https://fa.wikipedia.org/wiki/%D9%87%D8%B1%D8%A7%D8%B3%E2%80%8C%D9%BE%D8%B1%D8%A7%DA%A9%D9%86%DB%8C
fallacies,920,fa,https://fa.wikipedia.org/wiki/%D8%AA%D8%B1%D8%B3%D8%8C_%D8%A8%DB%8C%E2%80%8C%D8%A8%D8%B1%D9%86%D8%A7%D9%85%DA%AF%DB%8C_%D9%88_%D8%AF%D9%88%D8%AF%D9%84%DB%8C
fallacies,921,fa,https://fa.wikipedia.org/wiki/%D8%A7%D8%B3%D8%AA%D8%B1%D8%A7%D8%AA%DA%98%DB%8C_%D8%AA%D9%86%D8%B4
fallacies,922,fa,https://fa.wikipedia.org/wiki/%D9%BE%D8%A7%D9%86%DB%8C%DA%A9_%D8%A7%D8%AE%D9%84%D8%A7%D9%82%DB%8C
fallacies,924,fa,https://fa.wikipedia.org/wiki/%D8%A2%DB%8C%D8%AA%D9%85_%DA%A9%D9%88%D8%B1
fallacies,925,fa,https://fa.wikipedia.org/wiki/%D8%A7%D8%B3%D8%B7%D9%88%D8%B1%D9%87
fallacies,927,fa,https://fa.wikipedia.org/wiki/%DA%A9%D8%B1%DB%8C%D9%BE%DB%8C%E2%80%8C%D9%BE%D8%A7%D8%B3%D8%AA%D8%A7
fallacies,934,fa,https://fa.wikipedia.org/wiki/%D8%AF%D8%B1%D9%88%D8%BA
fallacies,941,fa,https://fa.wikipedia.org/wiki/%D8%AF%D8%B1%D9%88%D8%BA%E2%80%8C%DA%AF%D9%88%DB%8C%DB%8C_%D8%A8%DB%8C%D9%85%D8%A7%D8%B1%DA%AF%D9%88%D9%86%D9%87
fallacies,942,fa,https://fa.wikipedia.org/wiki/%D9%85%D8%BA%D8%A7%D9%84%D8%B7%D9%87_%D8%A7%D9%86%D8%AA%D8%B3%D8%A7%D8%A8_%D8%AC%D8%B9%D9%84%DB%8C
fallacies,943,fa,https://fa.wikipedia.org/wiki/%D9%86%D9%82%D9%84_%D9%82%D9%88%D9%84_%D8%AE%D8%A7%D8%B1%D8%AC_%D8%A7%D8%B2_%D8%A8%D8%B7%D9%86
fallacies,944,fa,https://fa.wikipedia.org/wiki/%D9%86%DA%A9%D8%AA%D9%87%E2%80%8C%DA%AF%D8%B2%DB%8C%D9%86%DB%8C
fallacies,947,fa,https://fa.wikipedia.org/wiki/%D8%B4%D8%A8%D9%87%E2%80%8C%D8%AA%D8%A7%D8%B1%DB%8C%D8%AE
fallacies,948,fa,https://fa.wikipedia.org/wiki/%DB%8C%DA%A9_%DA%A9%D9%84%D8%A7%D8%BA_%DA%86%D9%87%D9%84_%DA%A9%D9%84%D8%A7%D8%BA
fallacies,949,fa,https://fa.wikipedia.org/wiki/%DB%8C%DA%A9_%DA%A9%D9%84%D8%A7%D8%BA_%DA%86%D9%87%D9%84_%DA%A9%D9%84%D8%A7%D8%BA
fallacies,955,fa,https://fa.wikipedia.org/wiki/%DB%8C%DA%A9_%D8%A8%D8%A7%D9%85_%D9%88_%D8%AF%D9%88_%D9%87%D9%88%D8%A7
fallacies,956,fa,https://fa.wikipedia.org/wiki/%D8%AA%D8%A8%D8%B9%DB%8C%D8%B6%E2%80%8C%D8%B7%D9%84%D8%A8%DB%8C
fallacies,967,fa,https://fa.wikipedia.org/wiki/%D8%B3%D9%88%DA%AF%DB%8C%D8%B1%DB%8C_%DA%86%D8%A7%D9%BE
fallacies,969,fa,https://fa.wikipedia.org/wiki/%D8%B3%D9%88%DA%AF%DB%8C%D8%B1%DB%8C_%DA%86%D8%A7%D9%BE
fallacies,977,fa,https://fa.wikipedia.org/wiki/%D9%85%D8%BA%D8%A7%D9%84%D8%B7%D9%87_%DA%A9%D8%A7%D9%85%D9%84_%D9%86%D8%A7%D9%85%DB%8C%D8%B3%D8%B1
fallacies,978,fa,https://fa.wikipedia.org/wiki/%DA%A9%D9%84%E2%80%8C%DA%AF%D8%B1%D8%A7%DB%8C%DB%8C_%D9%85%D9%86%D8%B7%D9%82%DB%8C
fallacies,979,fa,https://fa.wikipedia.org/wiki/%D8%AA%D8%B3%D9%84%D8%B3%D9%84
fallacies,1407,fa,https://fa.wikipedia.org/wiki/%D8%A7%D9%86%DA%A9%D8%A7%D8%B1_%D8%A8%D8%AF%D9%88%D9%86_%D8%A7%D9%86%DA%A9%D8%A7%D8%B1
fallacies,1002,fa,https://fa.wikipedia.org/wiki/%D8%A7%D8%B4%D8%AA%D8%A8%D8%A7%D9%87%E2%80%8C%D9%87%D8%A7%DB%8C%DB%8C_%D8%B1%D8%AE_%D8%AF%D8%A7%D8%AF
fallacies,1012,fa,https://fa.wikipedia.org/wiki/%D9%85%D8%BA%D8%A7%D9%84%D8%B7%D9%87_%D8%AA%D9%88%D8%B3%D9%84_%D8%A8%D9%87_%D8%B3%DA%A9%D9%88%D8%AA
fallacies,1014,fa,https://fa.wikipedia.org/wiki/%D9%88%DA%A9%DB%8C%D9%84%E2%80%8C%D9%85%D8%AF%D8%A7%D9%81%D8%B9_%D8%B4%DB%8C%D8%B7%D8%A7%D9%86
fallacies,1023,fa,https://fa.wikipedia.org/wiki/%D8%B1%D9%88%D8%B4_%D8%A8%DB%8C%DA%A9%D9%86
fallacies,1025,fa,https://fa.wikipedia.org/wiki/%D8%B3%D9%88%DA%AF%DB%8C%D8%B1%DB%8C_%D8%AA%D9%88%D8%AC%D9%87
fallacies,1028,fa,https://fa.wikipedia.org/wiki/%D8%A7%D8%AB%D8%B1_%D9%85%D9%88%D9%82%D8%B9%DB%8C%D8%AA_%D8%B1%D8%B4%D8%AA%D9%87%E2%80%8C%D8%A7%DB%8C
fallacies,1029,fa,https://fa.wikipedia.org/wiki/%D8%A7%D8%AB%D8%B1_%D9%85%D9%88%D9%82%D8%B9%DB%8C%D8%AA_%D8%B1%D8%B4%D8%AA%D9%87%E2%80%8C%D8%A7%DB%8C
fallacies,1030,fa,https://fa.wikipedia.org/wiki/%D8%A8%D8%A7%D8%B2%DB%8C%D8%A7%D8%A8%DB%8C_%28%D8%AD%D8%A7%D9%81%D8%B8%D9%87%29
fallacies,1031,fa,https://fa.wikipedia.org/wiki/%D9%81%D9%87%D8%B1%D8%B3%D8%AA_%D8%B3%D9%88%DA%AF%DB%8C%D8%B1%DB%8C%E2%80%8C%D9%87%D8%A7%DB%8C_%D8%B4%D9%86%D8%A7%D8%AE%D8%AA%DB%8C
fallacies,1036,fa,https://fa.wikipedia.org/wiki/%D8%B9%D8%AF%D8%AF_%D8%AC%D8%A7%D8%AF%D9%88%DB%8C%DB%8C_%D9%87%D9%81%D8%AA%D8%8C_%D8%A8%D9%87%E2%80%8C%D8%B9%D9%84%D8%A7%D9%88%D9%87_%DB%8C%D8%A7_%D9%85%D9%86%D9%87%D8%A7%DB%8C_%D8%AF%D9%88
fallacies,1039,fa,https://fa.wikipedia.org/wiki/%D8%A7%D8%AB%D8%B1_%D9%82%D8%A7%D9%84%D8%A8%E2%80%8C%D8%A8%D9%86%D8%AF%DB%8C
fallacies,1040,fa,https://fa.wikipedia.org/wiki/%D8%AC%D9%84%D9%88%D9%87_%D9%85%D8%BA%D8%A7%DB%8C%D8%B1
fallacies,1045,fa,https://fa.wikipedia.org/wiki/%D9%81%D9%87%D8%B1%D8%B3%D8%AA_%D8%B3%D9%88%DA%AF%DB%8C%D8%B1%DB%8C%E2%80%8C%D9%87%D8%A7%DB%8C_%D8%B4%D9%86%D8%A7%D8%AE%D8%AA%DB%8C
fallacies,1046,fa,https://fa.wikipedia.org/wiki/%D9%84%D9%86%DA%AF%D8%B1_%D8%A7%D9%86%D8%AF%D8%A7%D8%AE%D8%AA%D9%86
fallacies,1047,fa,https://fa.wikipedia.org/wiki/%D8%A7%D8%AB%D8%B1_%D9%81%D8%B1%DB%8C%D8%A8%DA%AF%D8%B1
fallacies,1051,fa,https://fa.wikipedia.org/wiki/%D9%85%D8%B5%DB%8C%D8%A8%D8%AA_%D8%AF%D8%A7%D9%86%D8%B4
fallacies,1052,fa,https://fa.wikipedia.org/wiki/%D8%AA%D9%88%D9%87%D9%85_%DA%A9%D8%A7%D9%86%D9%88%D9%86_%D8%AA%D9%88%D8%AC%D9%87_%D8%A8%D9%88%D8%AF%D9%86
fallacies,1054,fa,https://fa.wikipedia.org/wiki/%D9%88%D8%A7%D9%82%D8%B9%E2%80%8C%DA%AF%D8%B1%D8%A7%DB%8C%DB%8C_%D8%AE%D8%A7%D9%85_%28%D8%B1%D9%88%D8%A7%D9%86%E2%80%8C%D8%B4%D9%86%D8%A7%D8%B3%DB%8C%29
fallacies,1056,fa,https://fa.wikipedia.org/wiki/%D8%B3%D9%88%DA%AF%DB%8C%D8%B1%DB%8C_%D9%85%D8%B4%D8%A7%D9%87%D8%AF%D9%87%E2%80%8C%DA%AF%D8%B1
fallacies,1062,fa,https://fa.wikipedia.org/wiki/%D8%B3%D9%88%DA%AF%DB%8C%D8%B1%DB%8C_%D8%AE%D9%88%D8%AF%DA%A9%D8%A7%D8%B1%D8%B3%D8%A7%D8%B2%DB%8C
fallacies,1063,fa,https://fa.wikipedia.org/wiki/%D8%A7%D8%AB%D8%B1_%DA%AF%D9%88%DA%AF%D9%84
fallacies,1065,fa,https://fa.wikipedia.org/wiki/%D8%A7%D8%AF%D8%B1%D8%A7%DA%A9_%DA%AF%D8%B2%DB%8C%D9%86%D8%B4%DB%8C
fallacies,1066,fa,https://fa.wikipedia.org/wiki/%D8%A7%D8%B5%D9%84_%D8%A2%D8%B4%D9%86%D8%A7%DB%8C%DB%8C
fallacies,1067,fa,https://fa.wikipedia.org/wiki/%D8%A7%D8%AB%D8%B1_%D8%AD%D9%82%DB%8C%D9%82%D8%AA_%D9%88%D8%A7%D9%87%DB%8C
fallacies,1068,fa,https://fa.wikipedia.org/wiki/%D8%A7%D8%AB%D8%B1_%D9%82%D8%B1%D8%A8%D8%A7%D9%86%DB%8C_%D8%B4%D9%86%D8%A7%D8%B3%D8%A7%DB%8C%DB%8C%E2%80%8C%D9%BE%D8%B0%DB%8C%D8%B1
fallacies,1069,fa,https://fa.wikipedia.org/wiki/%D8%AA%D9%88%D8%B3%D9%84_%D8%A8%D9%87_%D8%AA%D8%AC%D8%AF%D8%AF
fallacies,1072,fa,https://fa.wikipedia.org/wiki/%D8%B1%D8%A7%D9%87%E2%80%8C%D8%AD%D9%84_%D8%AF%D9%85_%D8%AF%D8%B3%D8%AA
fallacies,1073,fa,https://fa.wikipedia.org/wiki/%D8%AA%D9%88%D9%87%D9%85_%D8%AA%DA%A9%D8%B1%D8%A7%D8%B1
fallacies,1079,fa,https://fa.wikipedia.org/wiki/%D8%A7%D8%AB%D8%B1_%D8%AA%D9%84%D8%B3%DA%A9%D9%88%D9%BE%DB%8C
fallacies,1081,fa,https://fa.wikipedia.org/wiki/%D8%A7%D8%AB%D8%B1_%D8%B3%D8%AE%D8%AA%E2%80%93%D8%A2%D8%B3%D8%A7%D9%86
fallacies,1082,fa,https://fa.wikipedia.org/wiki/%D8%AC%D8%A8%D8%B1%D8%A7%D9%86_%D8%B1%DB%8C%D8%B3%DA%A9
fallacies,1086,fa,https://fa.wikipedia.org/wiki/%D8%AA%D9%88%D9%87%D9%85_%D8%A7%D8%B9%D8%AA%D8%A8%D8%A7%D8%B1_%D9%86%D8%B8%D8%B1
fallacies,1089,fa,https://fa.wikipedia.org/wiki/%D8%A7%D9%86%D8%B3%D8%A7%D9%86%E2%80%8C%D8%A7%D9%86%DA%AF%D8%A7%D8%B1%DB%8C
fallacies,1091,fa,https://fa.wikipedia.org/wiki/%D8%B3%D9%88%DA%AF%DB%8C%D8%B1%DB%8C_%D8%AE%D9%88%D8%B4%E2%80%8C%D8%A8%DB%8C%D9%86%D8%A7%D9%86%D9%87
fallacies,1093,fa,https://fa.wikipedia.org/wiki/%D8%B3%D9%88%DA%AF%DB%8C%D8%B1%DB%8C_%D8%AE%D9%88%D8%B4%E2%80%8C%D8%A8%DB%8C%D9%86%D8%A7%D9%86%D9%87
fallacies,1095,fa,https://fa.wikipedia.org/wiki/%D9%82%D9%88%D8%A7%D9%86%DB%8C%D9%86_%D9%85%D9%88%D8%B1%D9%81%DB%8C
fallacies,1098,fa,https://fa.wikipedia.org/wiki/%D8%AA%D8%AD%D8%B1%DB%8C%D9%81_%D8%B4%D9%86%D8%A7%D8%AE%D8%AA%DB%8C
fallacies,1099,fa,https://fa.wikipedia.org/wiki/%D8%AA%D8%AD%D8%B1%DB%8C%D9%81_%D8%B4%D9%86%D8%A7%D8%AE%D8%AA%DB%8C
fallacies,1100,fa,https://fa.wikipedia.org/wiki/%D8%AA%D8%AD%D8%B1%DB%8C%D9%81_%D8%B4%D9%86%D8%A7%D8%AE%D8%AA%DB%8C
fallacies,1101,fa,https://fa.wikipedia.org/wiki/%D8%AA%D8%AD%D8%B1%DB%8C%D9%81_%D8%B4%D9%86%D8%A7%D8%AE%D8%AA%DB%8C
fallacies,1102,fa,https://fa.wikipedia.org/wiki/%D8%AA%D8%AD%D8%B1%DB%8C%D9%81_%D8%B4%D9%86%D8%A7%D8%AE%D8%AA%DB%8C
fallacies,1104,fa,https://fa.wikipedia.org/wiki/%D8%B3%D9%88%DA%AF%DB%8C%D8%B1%DB%8C_%D9%85%D9%86%D9%81%D8%B9%D8%AA%E2%80%8C%D8%B7%D9%84%D8%A8%D8%A7%D9%86%D9%87
fallacies,1105,fa,https://fa.wikipedia.org/wiki/%D8%B3%D9%88%DA%AF%DB%8C%D8%B1%DB%8C_%D8%AE%D9%88%D8%B4%E2%80%8C%D8%A8%DB%8C%D9%86%D8%A7%D9%86%D9%87
fallacies,1106,fa,https://fa.wikipedia.org/wiki/%D9%85%D8%BA%D8%A7%D9%84%D8%B7%D9%87_%D8%A8%D8%B1%D9%86%D8%A7%D9%85%D9%87%E2%80%8C%D8%B1%DB%8C%D8%B2%DB%8C
fallacies,1109,fa,https://fa.wikipedia.org/wiki/%D8%AA%D9%88%D9%87%D9%85_%D8%A8%D8%B1%D8%AA%D8%B1%DB%8C
fallacies,1110,fa,https://fa.wikipedia.org/wiki/%D9%86%D9%82%D8%B7%D9%87_%DA%A9%D9%88%D8%B1_%D8%B3%D9%88%DA%AF%DB%8C%D8%B1%DB%8C
fallacies,1114,fa,https://fa.wikipedia.org/wiki/%D8%A7%D8%AB%D8%B1_%D8%A8%DB%8C%D8%B4%E2%80%8C%D8%A7%D8%B9%D8%AA%D9%85%D8%A7%D8%AF%DB%8C
fallacies,1115,fa,https://fa.wikipedia.org/wiki/%D8%AA%D9%88%D9%87%D9%85_%DA%A9%D9%86%D8%AA%D8%B1%D9%84
fallacies,1118,fa,https://fa.wikipedia.org/wiki/%D8%A7%D8%AB%D8%B1_%D8%A7%D8%AC%D9%85%D8%A7%D8%B9_%DA%A9%D8%A7%D8%B0%D8%A8
fallacies,1120,fa,https://fa.wikipedia.org/wiki/%D8%AF%D9%88%D9%BE%D8%A7%D8%B1%D9%87%E2%80%8C%D8%B3%D8%A7%D8%B2%DB%8C
fallacies,1124,fa,https://fa.wikipedia.org/wiki/%D8%A7%D8%AB%D8%B1_%D9%81%D8%B1%D8%A7%D8%B1_%D8%A7%D8%B2_%D8%A7%D8%A8%D9%87%D8%A7%D9%85
fallacies,1125,fa,https://fa.wikipedia.org/wiki/%D8%A7%D8%AB%D8%B1_%D9%81%D8%B1%D8%A7%D8%B1_%D8%A7%D8%B2_%D8%A7%D8%A8%D9%87%D8%A7%D9%85
fallacies,1126,fa,https://fa.wikipedia.org/wiki/%D9%BE%DB%8C%D8%B4%E2%80%8C%D8%A8%DB%8C%D9%86%DB%8C_%D8%B9%D8%A7%D8%B7%D9%81%DB%8C
fallacies,1127,fa,https://fa.wikipedia.org/wiki/%D9%86%D8%AA%DB%8C%D8%AC%D9%87%E2%80%8C%DA%AF%DB%8C%D8%B1%DB%8C_%D8%B3%D8%B1%DB%8C%D8%B9
fallacies,1128,fa,https://fa.wikipedia.org/wiki/%D9%BE%DB%8C%D8%B4%E2%80%8C%D8%A8%DB%8C%D9%86%DB%8C_%D8%B9%D8%A7%D8%B7%D9%81%DB%8C
fallacies,1129,fa,https://fa.wikipedia.org/wiki/%D9%BE%DB%8C%D8%B4%E2%80%8C%D8%A8%DB%8C%D9%86%DB%8C_%D8%B9%D8%A7%D8%B7%D9%81%DB%8C
fallacies,1130,fa,https://fa.wikipedia.org/wiki/%D9%BE%DB%8C%D8%B4%E2%80%8C%D8%A8%DB%8C%D9%86%DB%8C_%D8%B9%D8%A7%D8%B7%D9%81%DB%8C
fallacies,1131,fa,https://fa.wikipedia.org/wiki/%D9%BE%DB%8C%D8%B4%E2%80%8C%D8%A8%DB%8C%D9%86%DB%8C_%D8%B9%D8%A7%D8%B7%D9%81%DB%8C
fallacies,1134,fa,https://fa.wikipedia.org/wiki/%D9%BE%DB%8C%D8%B4%E2%80%8C%D8%A8%DB%8C%D9%86%DB%8C_%D8%B9%D8%A7%D8%B7%D9%81%DB%8C
fallacies,1136,fa,https://fa.wikipedia.org/wiki/%D8%A7%D9%86%D8%AD%D8%B7%D8%A7%D8%B7%E2%80%8C%DA%AF%D8%B1%D8%A7%DB%8C%DB%8C
fallacies,1137,fa,https://fa.wikipedia.org/wiki/%D8%B2%DB%8C%D8%A7%D9%86%E2%80%8C%DA%AF%D8%B1%DB%8C%D8%B2%DB%8C
fallacies,1139,fa,https://fa.wikipedia.org/wiki/%D8%B3%D9%88%DA%AF%DB%8C%D8%B1%DB%8C_%D9%88%D8%B6%D8%B9_%D9%85%D9%88%D8%AC%D9%88%D8%AF
fallacies,1141,fa,https://fa.wikipedia.org/wiki/%D9%81%D9%87%D8%B1%D8%B3%D8%AA_%D8%B3%D9%88%DA%AF%DB%8C%D8%B1%DB%8C%E2%80%8C%D9%87%D8%A7%DB%8C_%D8%B4%D9%86%D8%A7%D8%AE%D8%AA%DB%8C
fallacies,1143,fa,https://fa.wikipedia.org/wiki/%D8%AA%D8%B9%D8%B5%D8%A8_%D8%AA%D9%81%D8%B1%DB%8C%D8%B7%DB%8C
fallacies,1145,fa,https://fa.wikipedia.org/wiki/%D9%82%D8%A7%D9%86%D9%88%D9%86_%D9%BE%DB%8C%D8%B4%E2%80%8C%D9%BE%D8%A7%D8%A7%D9%81%D8%AA%D8%A7%D8%AF%DA%AF%DB%8C
fallacies,1146,fa,https://fa.wikipedia.org/wiki/%D8%B3%D9%88%DA%AF%DB%8C%D8%B1%DB%8C_%D8%AE%D9%88%D8%AF%D9%85%D8%AD%D9%88%D8%B1
fallacies,1148,fa,https://fa.wikipedia.org/wiki/%D9%81%D8%B1%D9%86%D9%88%D8%AF%D8%A2%D9%88%D8%B1%DB%8C_%DA%A9%D9%88%D8%B4%D8%B4
fallacies,1149,fa,https://fa.wikipedia.org/wiki/%D9%81%D9%87%D8%B1%D8%B3%D8%AA_%D8%B3%D9%88%DA%AF%DB%8C%D8%B1%DB%8C%E2%80%8C%D9%87%D8%A7%DB%8C_%D8%B4%D9%86%D8%A7%D8%AE%D8%AA%DB%8C
fallacies,1151,fa,https://fa.wikipedia.org/wiki/%D9%87%D8%B2%DB%8C%D9%86%D9%87_%D8%A7%D8%B2%D8%AF%D8%B3%D8%AA%E2%80%8C%D8%B1%D9%81%D8%AA%D9%87
fallacies,1153,fa,https://fa.wikipedia.org/wiki/%D9%81%D9%87%D8%B1%D8%B3%D8%AA_%D8%B3%D9%88%DA%AF%DB%8C%D8%B1%DB%8C%E2%80%8C%D9%87%D8%A7%DB%8C_%D8%B4%D9%86%D8%A7%D8%AE%D8%AA%DB%8C
fallacies,1155,fa,https://fa.wikipedia.org/wiki/%D8%B3%D9%88%DA%AF%DB%8C%D8%B1%DB%8C_%DA%AF%D8%B0%D8%B4%D8%AA%D9%87%E2%80%8C%D9%86%DA%AF%D8%A7%D8%B1%D8%A7%D9%86%D9%87
fallacies,1156,fa,https://fa.wikipedia.org/wiki/%D8%B3%D9%88%DA%AF%DB%8C%D8%B1%DB%8C_%D8%AD%D9%85%D8%A7%DB%8C%D8%AA_%D8%A7%D8%B2_%D8%A7%D9%86%D8%AA%D8%AE%D8%A7%D8%A8
fallacies,1158,fa,https://fa.wikipedia.org/wiki/%D8%A7%D8%B9%D8%AA%D9%82%D8%A7%D8%AF%DA%AF%D8%B1%D8%A7%DB%8C%DB%8C
fallacies,1159,fa,https://fa.wikipedia.org/wiki/%D8%A7%D8%AB%D8%B1_%D8%B4%D8%AA%D8%B1%D9%85%D8%B1%D8%BA
fallacies,1161,fa,https://fa.wikipedia.org/wiki/%D8%A7%D8%B9%D8%AA%D8%A8%D8%A7%D8%B1%D8%AF%D9%87%DB%8C_%D8%B0%D9%87%D9%86%DB%8C
fallacies,1162,fa,https://fa.wikipedia.org/wiki/%D9%86%D8%AA%DB%8C%D8%AC%D9%87%E2%80%8C%D9%86%DA%AF%D8%B1%DB%8C
fallacies,1164,fa,https://fa.wikipedia.org/wiki/%D9%85%D8%BA%D8%A7%D9%84%D8%B7%D9%87_%D9%81%D8%B1%D8%A7%D9%81%DA%A9%D9%86%DB%8C_%D8%B0%D9%87%D9%86
fallacies,1165,fa,https://fa.wikipedia.org/wiki/%D9%81%D8%B1%D8%A7%D9%81%DA%A9%D9%86%DB%8C
fallacies,1166,fa,https://fa.wikipedia.org/wiki/%D8%B4%D8%A7%D9%86%D9%87_%D8%AE%D8%A7%D9%84%DB%8C_%DA%A9%D8%B1%D8%AF%D9%86
fallacies,1167,fa,https://fa.wikipedia.org/wiki/%D8%B3%D8%B1%D8%B2%D9%86%D8%B4_%D9%82%D8%B1%D8%A8%D8%A7%D9%86%DB%8C
fallacies,1169,fa,https://fa.wikipedia.org/wiki/%D8%AA%D8%AD%D8%B1%DB%8C%D9%81_%D8%B4%D9%86%D8%A7%D8%AE%D8%AA%DB%8C
fallacies,1170,fa,https://fa.wikipedia.org/wiki/%D8%AA%D8%AD%D8%B1%DB%8C%D9%81_%D8%B4%D9%86%D8%A7%D8%AE%D8%AA%DB%8C
fallacies,1171,fa,https://fa.wikipedia.org/wiki/%D8%AA%D8%AD%D8%B1%DB%8C%D9%81_%D8%B4%D9%86%D8%A7%D8%AE%D8%AA%DB%8C
fallacies,1173,fa,https://fa.wikipedia.org/wiki/%D8%AE%D9%88%D8%AF%D9%BE%D8%B1%D8%B3%D8%AA%DB%8C
fallacies,1175,fa,https://fa.wikipedia.org/wiki/%D8%B3%D9%88%DA%AF%DB%8C%D8%B1%DB%8C_%D8%A7%D9%86%D8%AA%D8%B3%D8%A7%D8%A8%DB%8C
fallacies,1176,fa,https://fa.wikipedia.org/wiki/%D8%B3%D9%88%DA%AF%DB%8C%D8%B1%DB%8C_%D8%A8%D8%A7%D8%B2%DB%8C%DA%AF%D8%B1%E2%80%93%D9%85%D8%B4%D8%A7%D9%87%D8%AF%D9%87%E2%80%8C%DA%AF%D8%B1
fallacies,1178,fa,https://fa.wikipedia.org/wiki/%D8%AE%D8%B7%D8%A7%DB%8C_%D8%A8%D9%86%DB%8C%D8%A7%D8%AF%DB%8C_%D8%A8%D8%B1%DA%86%D8%B3%D8%A8%E2%80%8C%D8%B2%D8%AF%D9%86
fallacies,1182,fa,https://fa.wikipedia.org/wiki/%D8%B4%D8%A7%D9%86%D8%B3_%D8%A7%D8%AE%D9%84%D8%A7%D9%82%DB%8C
fallacies,1190,fa,https://fa.wikipedia.org/wiki/%D8%AC%D8%A7%D9%86%D8%A8%E2%80%8C%DA%AF%D8%B1%D8%A7%DB%8C%DB%8C_%D8%AF%D8%B1%D9%88%D9%86%E2%80%8C%DA%AF%D8%B1%D9%88%D9%87%DB%8C
fallacies,1191,fa,https://fa.wikipedia.org/wiki/%D9%87%D9%85%DA%AF%D9%86%DB%8C_%D8%A8%D8%B1%D9%88%D9%86%E2%80%8C%DA%AF%D8%B1%D9%88%D9%87%DB%8C
fallacies,1194,fa,https://fa.wikipedia.org/wiki/%D8%AA%D8%A6%D9%88%D8%B1%DB%8C_%D8%AA%D9%88%D8%B7%D8%A6%D9%87
fallacies,1199,fa,https://fa.wikipedia.org/wiki/%D8%AA%D9%81%DA%A9%D8%B1_%D9%82%D8%A7%D9%84%D8%A8%DB%8C
fallacies,1209,fa,https://fa.wikipedia.org/wiki/%D8%AA%D8%A8%D8%B9%DB%8C%D8%B6_%D8%AF%DB%8C%D9%86%DB%8C
fallacies,1210,fa,https://fa.wikipedia.org/wiki/%D8%AA%D8%A8%D8%B9%DB%8C%D8%B6_%D8%B7%D8%A8%D9%82%D8%A7%D8%AA%DB%8C
fallacies,1212,fa,https://fa.wikipedia.org/wiki/%D8%B8%D8%A7%D9%87%D8%B1%D8%AA%D8%A8%D8%B9%DB%8C%D8%B6%DB%8C
fallacies,1213,fa,https://fa.wikipedia.org/wiki/%D8%A7%D9%86%D8%AF%D8%A7%D8%B2%D9%87%E2%80%8C%DA%AF%D8%B1%D8%A7%DB%8C%DB%8C
fallacies,1214,fa,https://fa.wikipedia.org/wiki/%D8%B3%D9%86%E2%80%8C%DA%AF%D8%B1%D8%A7%DB%8C%DB%8C
fallacies,1215,fa,https://fa.wikipedia.org/wiki/%D8%A7%D8%AD%D8%B3%D8%A7%D8%B3_%DA%A9%D9%87%D8%AA%D8%B1%DB%8C_%D9%85%D9%84%DB%8C
fallacies,1217,fa,https://fa.wikipedia.org/wiki/%D8%A2%D9%84%D9%88%D9%81%DB%8C%D9%84%DB%8C%D8%A7
fallacies,1222,fa,https://fa.wikipedia.org/wiki/%DA%AF%D8%B1%DB%8C%D8%B2%DA%AF%D8%B1%D8%A7%DB%8C%DB%8C
fallacies,1223,fa,https://fa.wikipedia.org/wiki/%D8%A8%D8%AF%D9%88%DB%8C%E2%80%8C%DA%AF%D8%B1%D8%A7%DB%8C%DB%8C
fallacies,1224,fa,https://fa.wikipedia.org/wiki/%D8%A7%D8%B2%D8%A2%D9%86%E2%80%8C%D8%AE%D9%88%D8%AF%D8%B3%D8%A7%D8%B2%DB%8C_%D9%81%D8%B1%D9%87%D9%86%DA%AF%DB%8C
fallacies,1226,fa,https://fa.wikipedia.org/wiki/%D9%81%D8%B1%D8%AF%DB%8C%D8%AA_%28%D9%81%D9%84%D8%B3%D9%81%D9%87%29
fallacies,1229,fa,https://fa.wikipedia.org/wiki/%D8%B3%D9%88%DA%AF%DB%8C%D8%B1%DB%8C_%D9%85%D8%B7%D9%84%D9%88%D8%A8%DB%8C%D8%AA_%D8%A7%D8%AC%D8%AA%D9%85%D8%A7%D8%B9%DB%8C
fallacies,1231,fa,https://fa.wikipedia.org/wiki/%D8%A7%D8%AB%D8%B1_%D9%87%D8%A7%D9%84%D9%87%E2%80%8C%D8%A7%DB%8C
fallacies,1232,fa,https://fa.wikipedia.org/wiki/%D8%B3%D9%88%DA%AF%DB%8C%D8%B1%DB%8C_%D8%A7%D9%82%D8%AA%D8%AF%D8%A7%D8%B1
fallacies,1234,fa,https://fa.wikipedia.org/wiki/%D8%A7%D8%AB%D8%B1_%D8%A7%D8%B1%D8%A7%D8%A8%D9%87_%D9%85%D9%88%D8%B3%DB%8C%D9%82%DB%8C
fallacies,1237,fa,https://fa.wikipedia.org/wiki/%D8%AD%D8%B3%D8%A7%D8%A8%D8%AF%D8%A7%D8%B1%DB%8C_%D8%B0%D9%87%D9%86%DB%8C
fallacies,1241,fa,https://fa.wikipedia.org/wiki/%D8%AA%D9%88%D9%87%D9%85_%D9%BE%D9%88%D9%84%DB%8C
fallacies,1247,fa,https://fa.wikipedia.org/wiki/%D9%84%D8%BA%D8%AA%E2%80%8C%D9%85%D8%AF%D8%A7%D8%B1%DB%8C
fallacies,1250,fa,https://fa.wikipedia.org/wiki/%D8%A7%D8%AB%D8%A8%D8%A7%D8%AA%E2%80%8C%DA%AF%D8%B1%D8%A7%DB%8C%DB%8C
fallacies,1253,fa,https://fa.wikipedia.org/wiki/%D8%B1%D9%81%D8%AA%D8%A7%D8%B1%DA%AF%D8%B1%D8%A7%DB%8C%DB%8C_%28%D8%B1%D9%88%D8%A7%D9%86%E2%80%8C%D8%B4%D9%86%D8%A7%D8%B3%DB%8C%29
fallacies,1254,fa,https://fa.wikipedia.org/wiki/%D8%A7%D8%AB%D8%A8%D8%A7%D8%AA%E2%80%8C%DA%AF%D8%B1%D8%A7%DB%8C%DB%8C_%D9%85%D9%86%D8%B7%D9%82%DB%8C
fallacies,1257,fa,https://fa.wikipedia.org/wiki/%D8%A7%D8%B5%D8%A7%D9%84%D8%AA_%D8%A7%D8%AF%D8%B1%D8%A7%DA%A9
fallacies,1260,fa,https://fa.wikipedia.org/wiki/%D8%A7%D9%82%D8%AA%D8%AF%D8%A7%D8%B1%DA%AF%D8%B1%D8%A7%DB%8C%DB%8C
fallacies,1262,fa,https://fa.wikipedia.org/wiki/%D8%A8%D9%86%DB%8C%D8%A7%D8%AF%D8%B3%D8%AA%DB%8C%D8%B2%DB%8C_%D8%B3%DB%8C%D8%A7%D8%B3%DB%8C
fallacies,1263,fa,https://fa.wikipedia.org/wiki/%D8%A7%D9%81%D8%B1%D8%A7%D8%B7%E2%80%8C%DA%AF%D8%B1%D8%A7%DB%8C%DB%8C
fallacies,1266,fa,https://fa.wikipedia.org/wiki/%D9%81%D8%B1%D9%82%D9%87%E2%80%8C%DA%AF%D8%B1%D8%A7%DB%8C%DB%8C
fallacies,1270,fa,https://fa.wikipedia.org/wiki/%D8%B4%D8%A8%D9%87%E2%80%8C%D9%81%D9%84%D8%B3%D9%81%D9%87
fallacies,1273,fa,https://fa.wikipedia.org/wiki/%D8%B4%D8%A8%D9%87%E2%80%8C%D8%B4%DA%A9
fallacies,1285,fa,https://fa.wikipedia.org/wiki/%D9%86%D8%B8%D8%B1_%D9%87%D8%B1_%DA%A9%D8%B3_%D8%A8%D8%B1%D8%A7%DB%8C_%D8%AE%D9%88%D8%AF%D8%B4_%D9%85%D8%B9%D8%AA%D8%A8%D8%B1_%D8%A7%D8%B3%D8%AA
fallacies,1301,fa,https://fa.wikipedia.org/wiki/%D9%85%D8%BA%D8%A7%D9%84%D8%B7%D9%87_%D8%AA%DA%A9%D8%B1%D8%A7%D8%B1
fallacies,1303,fa,https://fa.wikipedia.org/wiki/%DA%A9%D8%A7%D8%B1%D8%AA%D8%A7%DA%98_%D8%A8%D8%A7%DB%8C%D8%AF_%D9%86%D8%A7%D8%A8%D9%88%D8%AF_%D8%B4%D9%88%D8%AF
fallacies,1307,fa,https://fa.wikipedia.org/wiki/%D8%A7%D9%86%DA%A9%D8%A7%D8%B1%DA%AF%D8%B1%D8%A7%DB%8C%DB%8C
fallacies,1308,fa,https://fa.wikipedia.org/wiki/%D8%A7%D9%86%DA%A9%D8%A7%D8%B1_%D8%AA%D8%A7%D8%B1%DB%8C%D8%AE
fallacies,1311,fa,https://fa.wikipedia.org/wiki/%D8%AF%D8%B1%D9%88%D8%BA_%D8%A8%D8%B2%D8%B1%DA%AF
fallacies,1314,fa,https://fa.wikipedia.org/wiki/%D9%86%DA%A9%D8%AA%D9%87_%D8%A7%D9%86%D8%AD%D8%B1%D8%A7%D9%81%DB%8C
fallacies,1318,fa,https://fa.wikipedia.org/wiki/%D8%A7%D8%B3%D8%AA%D8%B1%D8%A7%D8%AA%DA%98%DB%8C_%DA%AF%D8%B1%D8%A8%D9%87_%D9%85%D8%B1%D8%AF%D9%87
fallacies,1325,fa,https://fa.wikipedia.org/wiki/%D8%AF%D9%88_%D8%A7%D8%B4%D8%AA%D8%A8%D8%A7%D9%87_%D8%AD%D9%82_%D8%B1%D8%A7_%D8%AF%D8%B1%D8%B3%D8%AA_%D9%86%D9%85%DB%8C%E2%80%8C%DA%A9%D9%86%D8%AF
fallacies,1326,fa,https://fa.wikipedia.org/wiki/%D8%AA%D9%88%D8%B3%D9%84_%D8%A8%D9%87_%D8%A7%DA%A9%D8%AB%D8%B1%DB%8C%D8%AA
fallacies,1328,fa,https://fa.wikipedia.org/wiki/%D9%85%D8%BA%D8%A7%D9%84%D8%B7%D9%87_%D8%AF%D9%84%DB%8C%D9%84_%D9%86%D8%A7%D9%85%D8%B1%D8%A8%D9%88%D8%B7
fallacies,1344,fa,https://fa.wikipedia.org/wiki/%D8%B4%D8%A7%D9%86%D9%87_%D8%AE%D8%A7%D9%84%DB%8C_%DA%A9%D8%B1%D8%AF%D9%86
fallacies,1349,fa,https://fa.wikipedia.org/wiki/%D8%AA%D8%B3%D9%84%D8%B3%D9%84
fallacies,1350,fa,https://fa.wikipedia.org/wiki/%D9%85%D8%BA%D8%A7%D9%84%D8%B7%D9%87_%DA%A9%D8%A7%D9%85%D9%84_%D9%86%D8%A7%D9%85%DB%8C%D8%B3%D8%B1
fallacies,1351,fa,https://fa.wikipedia.org/wiki/%D9%85%D8%BA%D8%A7%D9%84%D8%B7%D9%87_%D8%A8%D9%87%D8%A7%D9%86%D9%87
fallacies,1352,fa,https://fa.wikipedia.org/wiki/%D9%85%D8%B3%D9%85%D9%88%D9%85_%DA%A9%D8%B1%D8%AF%D9%86_%D8%B3%D8%B1%DA%86%D8%B4%D9%85%D9%87
fallacies,1355,fa,https://fa.wikipedia.org/wiki/%D9%81%D8%B1%D8%A7%D9%81%DA%A9%D9%86%DB%8C
fallacies,1360,fa,https://fa.wikipedia.org/wiki/%D8%AA%D9%88%D8%B3%D9%84_%D8%A8%D9%87_%D8%B4%D8%AE%D8%B5
fallacies,1365,fa,https://fa.wikipedia.org/wiki/%D9%85%D8%BA%D8%A7%D9%84%D8%B7%D9%87_%D9%BE%D9%87%D9%84%D9%88%D8%A7%D9%86%E2%80%8C%D9%BE%D9%86%D8%A8%D9%87
fallacies,1371,fa,https://fa.wikipedia.org/wiki/%D9%85%D8%BA%D8%A7%D9%84%D8%B7%D9%87_%D8%AA%D9%88%D8%B3%D9%84_%D8%A8%D9%87_%D8%B1%DB%8C%D8%B4%D9%87%E2%80%8C%D9%87%D8%A7
fallacies,1379,fa,https://fa.wikipedia.org/wiki/%D8%A7%D9%86%D8%B3%D8%A7%D9%86%DB%8C%D8%AA%E2%80%8C%D8%B2%D8%AF%D8%A7%DB%8C%DB%8C
fallacies,1381,fa,https://fa.wikipedia.org/wiki/%D8%AA%D9%88%D8%B3%D9%84_%D8%A8%D9%87_%D8%B4%D8%AE%D8%B5
fallacies,1393,fa,https://fa.wikipedia.org/wiki/%D9%85%D8%BA%D8%A7%D9%84%D8%B7%D9%87_%D8%A8%D9%88%D9%84%D9%88%D8%B1%DB%8C%D8%B3%D9%85
fallacies,1399,fa,https://fa.wikipedia.org/wiki/%D9%BE%D8%A7%D8%B3%D8%A8%D8%A7%D9%86%DB%8C_%D9%84%D8%AD%D9%86
fallacies,1400,fa,https://fa.wikipedia.org/wiki/%D8%AA%D9%85%D8%B3%D8%AE%D8%B1
fallacies,1403,fa,https://fa.wikipedia.org/wiki/%D9%86%DB%8C%D9%85%E2%80%8C%DA%A9%D8%A7%D9%84%DB%8C%D9%86%DA%AF
fallacies,3,zh,https://zh.wikipedia.org/wiki/%E8%A8%B4%E8%AB%B8%E7%84%A1%E7%9F%A5
fallacies,41,zh,https://zh.wikipedia.org/wiki/%E4%B8%80%E6%9C%9B%E8%80%8C%E7%9F%A5
fallacies,51,zh,https://zh.wikipedia.org/wiki/%E5%BF%83%E7%90%86%E5%AD%B8%E5%AE%B6%E8%AC%AC%E8%AA%A4
fallacies,52,zh,https://zh.wikipedia.org/wiki/%E5%BF%83%E9%9D%88%E6%8A%95%E5%B0%84%E8%AC%AC%E8%AA%A4
fallacies,53,zh,https://zh.wikipedia.org/wiki/%E6%83%85%E7%B7%92%E5%8C%96%E6%8E%A8%E7%90%86
fallacies,65,zh,https://zh.wikipedia.org/wiki/%E6%B2%92%E6%9C%89%E7%9C%9F%E6%AD%A3%E7%9A%84%E8%98%87%E6%A0%BC%E8%98%AD%E4%BA%BA
fallacies,66,zh,https://zh.wikipedia.org/wiki/%E7%A2%BA%E8%AA%8D%E5%81%8F%E8%AA%A4
fallacies,71,zh,https://zh.wikipedia.org/wiki/%E8%A8%B4%E8%AB%B8%E6%AC%8A%E5%A8%81
fallacies,72,zh,https://zh.wikipedia.org/wiki/%E8%A8%B4%E8%AB%B8%E6%AC%8A%E5%A8%81
fallacies,78,zh,https://zh.wikipedia.org/wiki/%E8%A8%B4%E8%AB%B8%E6%AC%8A%E5%A8%81
fallacies,79,zh,https://zh.wikipedia.org/wiki/%E8%A8%B4%E8%AB%B8%E6%88%90%E5%B0%B1
fallacies,85,zh,https://zh.wikipedia.org/wiki/%E8%A8%B4%E8%AB%B8%E6%AC%8A%E5%A8%81
fallacies,96,zh,https://zh.wikipedia.org/wiki/%E8%87%AA%E7%84%B6%E4%B8%BB%E7%BE%A9%E8%AC%AC%E8%AA%A4
fallacies,98,zh,https://zh.wikipedia.org/wiki/%E8%A8%B4%E8%AB%B8%E7%BE%A4%E7%9C%BE
fallacies,103,zh,https://zh.wikipedia.org/wiki/%E5%A4%9A%E6%95%B0%E6%97%A0%E7%9F%A5
fallacies,106,zh,https://zh.wikipedia.org/wiki/%E9%9D%9E%E6%88%91%E6%89%80%E5%89%B5
fallacies,109,zh,https://zh.wikipedia.org/wiki/%E6%BC%82%E7%B6%A0
fallacies,111,zh,https://zh.wikipedia.org/wiki/%E9%AB%98%E8%B4%B5%E9%87%8E%E8%9B%AE%E4%BA%BA
fallacies,112,zh,https://zh.wikipedia.org/wiki/%E9%81%93%E5%BE%B7%E4%B8%BB%E7%BE%A9%E8%AC%AC%E8%AA%A4
fallacies,115,zh,https://zh.wikipedia.org/wiki/%E8%A8%B4%E8%AB%B8%E6%96%B0%E6%BD%AE
fallacies,116,zh,https://zh.wikipedia.org/wiki/%E5%B9%B4%E4%BB%A3%E5%8B%A2%E5%88%A9
fallacies,119,zh,https://zh.wikipedia.org/wiki/%E7%B2%BE%E8%8B%B1%E4%B8%BB%E4%B9%89
fallacies,128,zh,https://zh.wikipedia.org/wiki/%E8%A8%B4%E8%AB%B8%E5%AF%8C%E8%B2%B4
fallacies,129,zh,https://zh.wikipedia.org/wiki/%E8%A8%B4%E8%AB%B8%E8%B2%A7%E8%B3%A4
fallacies,134,zh,https://zh.wikipedia.org/wiki/%E6%88%B2%E5%B1%80%E8%AC%AC%E8%AA%A4
fallacies,137,zh,https://zh.wikipedia.org/wiki/%E9%BA%A5%E7%B4%8D%E9%A6%AC%E6%8B%89%E8%AC%AC%E8%AA%A4
fallacies,141,zh,https://zh.wikipedia.org/wiki/%E5%90%8E%E8%A7%81%E4%B9%8B%E6%98%8E%E5%81%8F%E8%AF%AF
fallacies,142,zh,https://zh.wikipedia.org/wiki/%E5%8F%B2%E5%AD%B8%E5%AE%B6%E8%AC%AC%E8%AA%A4
fallacies,143,zh,https://zh.wikipedia.org/wiki/%E5%9B%9E%E9%A1%A7%E6%80%A7%E5%AE%BF%E5%91%BD%E8%AB%96
fallacies,149,zh,https://zh.wikipedia.org/wiki/%E5%9C%B0%E6%96%B9%E9%8C%AF%E7%BD%AE
fallacies,151,zh,https://zh.wikipedia.org/wiki/%E8%A9%9E%E6%BA%90%E8%AC%AC%E8%AA%A4
fallacies,154,zh,https://zh.wikipedia.org/wiki/%E8%AC%AC%E8%AA%A4%E8%AB%96%E8%AD%89
fallacies,158,zh,https://zh.wikipedia.org/wiki/%E8%A8%B4%E8%AB%B8%E5%8B%95%E6%A9%9F
fallacies,160,zh,https://zh.wikipedia.org/wiki/%E8%A8%B4%E8%AB%B8%E5%8B%95%E6%A9%9F
fallacies,165,zh,https://zh.wikipedia.org/wiki/%E5%A5%A5%E5%8D%A1%E5%A7%86%E5%89%83%E5%88%80
fallacies,167,zh,https://zh.wikipedia.org/wiki/%E5%AF%AC%E5%AE%B9%E5%8E%9F%E5%89%87
fallacies,168,zh,https://zh.wikipedia.org/wiki/%E7%A8%BB%E8%8D%89%E4%BA%BA%E8%AB%96%E8%AD%89
fallacies,171,zh,https://zh.wikipedia.org/wiki/%E5%90%8C%E6%84%9F%E8%AC%AC%E8%AA%A4
fallacies,173,zh,https://zh.wikipedia.org/wiki/%E7%A9%BA%E6%83%B3%E6%80%A7%E9%94%99%E8%A7%86
fallacies,175,zh,https://zh.wikipedia.org/wiki/%E7%A4%BE%E4%BC%9A%E5%BD%B1%E5%93%8D
fallacies,177,zh,https://zh.wikipedia.org/wiki/%E6%97%A2%E5%AE%9A%E8%A7%80%E9%BB%9E%E7%94%A8%E8%A9%9E
fallacies,179,zh,https://zh.wikipedia.org/wiki/%E5%A4%8D%E6%9D%82%E9%97%AE%E8%AF%AD
fallacies,181,zh,https://zh.wikipedia.org/wiki/%E9%9B%99%E7%AE%A1%E5%95%8F%E9%A1%8C
fallacies,183,zh,https://zh.wikipedia.org/wiki/%E4%B9%9E%E9%A1%8C
fallacies,184,zh,https://zh.wikipedia.org/wiki/%E8%AA%AA%E6%9C%8D%E6%80%A7%E5%AE%9A%E7%BE%A9
fallacies,185,zh,https://zh.wikipedia.org/wiki/%E9%99%B3%E8%85%94%E6%BF%AB%E8%AA%BF
fallacies,190,zh,https://zh.wikipedia.org/wiki/%E8%A8%B4%E8%AB%B8%E5%86%97%E8%B4%85
fallacies,199,zh,https://zh.wikipedia.org/wiki/%E5%AE%98%E5%9C%BA%E5%85%AC%E6%96%87%E4%BD%93
fallacies,201,zh,https://zh.wikipedia.org/wiki/%E6%B3%95%E5%BE%8B%E8%AF%AD%E8%A8%80
fallacies,202,zh,https://zh.wikipedia.org/wiki/%E6%84%9A%E6%B0%91%E6%94%BF%E7%AD%96
fallacies,209,zh,https://zh.wikipedia.org/wiki/%E6%96%B0%E8%81%9E%E6%A8%99%E9%A1%8C
fallacies,210,zh,https://zh.wikipedia.org/wiki/%E6%96%B0%E8%81%9E%E6%A8%99%E9%A1%8C
fallacies,215,zh,https://zh.wikipedia.org/wiki/%E7%B2%97%E9%AD%AF
fallacies,218,zh,https://zh.wikipedia.org/wiki/%E6%83%85%E7%BB%AA%E6%80%A7%E7%94%A8%E8%AF%8D%E5%8F%98%E5%8C%96
fallacies,222,zh,https://zh.wikipedia.org/wiki/%E8%B6%85%E7%8E%B0%E5%AE%9E%E5%B9%BD%E9%BB%98
fallacies,225,zh,https://zh.wikipedia.org/wiki/%E8%AA%AA%E8%AC%8A%E8%80%85%E6%82%96%E8%AB%96
fallacies,235,zh,https://zh.wikipedia.org/wiki/%E6%88%B2%E4%BB%BF
fallacies,238,zh,https://zh.wikipedia.org/wiki/%E5%8F%8D%E8%AB%B7
fallacies,239,zh,https://zh.wikipedia.org/wiki/%E5%8F%8D%E8%AB%B7
fallacies,240,zh,https://zh.wikipedia.org/wiki/%E5%8F%8D%E8%AB%B7
fallacies,241,zh,https://zh.wikipedia.org/wiki/%E6%8C%96%E8%8B%A6
fallacies,242,zh,https://zh.wikipedia.org/wiki/%E5%86%B7%E9%9D%A2%E7%AC%91%E5%8C%A0
fallacies,244,zh,https://zh.wikipedia.org/wiki/%E7%8A%AC%E5%84%92%E4%B8%BB%E7%BE%A9_%28%E7%95%B6%E4%BB%A3%29
fallacies,246,zh,https://zh.wikipedia.org/wiki/%E8%99%9A%E6%97%A0%E4%B8%BB%E4%B9%89
fallacies,254,zh,https://zh.wikipedia.org/wiki/%E8%AA%9E%E9%9F%B3%E5%90%8C%E5%8C%96
fallacies,270,zh,https://zh.wikipedia.org/wiki/%E6%94%B9%E5%AF%AB
fallacies,272,zh,https://zh.wikipedia.org/wiki/%E5%90%8C%E7%BE%A9%E5%8F%8D%E8%A6%86
fallacies,273,zh,https://zh.wikipedia.org/wiki/%E7%9C%81%E7%95%A5_%28%E8%AF%AD%E8%A8%80%E5%AD%A6%29
fallacies,280,zh,https://zh.wikipedia.org/wiki/%E7%94%A8%E5%85%B8
fallacies,299,zh,https://zh.wikipedia.org/wiki/%E8%A8%B4%E8%AB%B8%E6%83%85%E6%84%9F
fallacies,302,zh,https://zh.wikipedia.org/wiki/%E6%99%95%E8%BD%AE%E6%95%88%E5%BA%94
fallacies,304,zh,https://zh.wikipedia.org/wiki/%E4%B8%80%E5%BB%82%E6%83%85%E9%A1%98
fallacies,305,zh,https://zh.wikipedia.org/wiki/%E5%85%89%E8%BC%9D%E6%99%AE%E7%85%A7
fallacies,310,zh,https://zh.wikipedia.org/wiki/%E9%9D%A2%E5%8C%85%E5%92%8C%E9%A9%AC%E6%88%8F
fallacies,313,zh,https://zh.wikipedia.org/wiki/%E8%A8%B4%E8%AB%B8%E8%AB%82%E5%AA%9A
fallacies,319,zh,https://zh.wikipedia.org/wiki/%E8%A8%B4%E8%AB%B8%E6%86%90%E6%86%AB
fallacies,320,zh,https://zh.wikipedia.org/wiki/%E6%83%B3%E6%83%B3%E5%AD%A9%E5%AD%90%E5%90%A7
fallacies,323,zh,https://zh.wikipedia.org/wiki/%E8%A8%B4%E8%AB%B8%E4%BB%87%E6%81%A8
fallacies,324,zh,https://zh.wikipedia.org/wiki/%E8%A8%B4%E8%AB%B8%E8%8D%92%E8%AC%AC
fallacies,328,zh,https://zh.wikipedia.org/wiki/%E8%A8%B4%E8%AB%B8%E5%8E%AD%E6%83%A1
fallacies,337,zh,https://zh.wikipedia.org/wiki/%E8%A8%B4%E8%AB%B8%E6%81%90%E6%87%BC
fallacies,338,zh,https://zh.wikipedia.org/wiki/FUD
fallacies,339,zh,https://zh.wikipedia.org/wiki/%E9%81%93%E5%BE%B7%E6%81%90%E6%85%8C
fallacies,340,zh,https://zh.wikipedia.org/wiki/%E8%A8%B4%E8%AB%B8%E5%BE%8C%E6%9E%9C
fallacies,343,zh,https://zh.wikipedia.org/wiki/%E6%81%90%E5%9A%87%E8%AB%96%E6%93%9A
fallacies,350,zh,https://zh.wikipedia.org/wiki/%E7%94%B7%E6%80%A7%E8%AA%AA%E6%95%99
fallacies,358,zh,https://zh.wikipedia.org/wiki/%E6%A1%86%E6%9E%B6_%28%E7%A4%BE%E6%9C%83%E7%A7%91%E5%AD%B8%29
fallacies,367,zh,https://zh.wikipedia.org/wiki/%E7%9D%A1%E7%9C%A0%E8%80%85%E6%95%88%E5%BA%94
fallacies,368,zh,https://zh.wikipedia.org/wiki/%E7%9C%9F%E7%9B%B8%E5%B9%BB%E8%A7%89%E6%95%88%E5%BA%94
fallacies,370,zh,https://zh.wikipedia.org/wiki/%E5%B7%B4%E7%B4%8D%E5%A7%86%E6%95%88%E6%87%89
fallacies,373,zh,https://zh.wikipedia.org/wiki/%E5%86%B7%E8%AE%80%E6%B3%95
fallacies,374,zh,https://zh.wikipedia.org/wiki/%E5%86%B7%E8%AE%80%E6%B3%95
fallacies,375,zh,https://zh.wikipedia.org/wiki/%E5%86%B7%E8%AE%80%E6%B3%95
fallacies,378,zh,https://zh.wikipedia.org/wiki/%E8%9E%8D%E6%B4%BD
fallacies,384,zh,https://zh.wikipedia.org/wiki/%E6%93%8D%E4%BD%9C%E5%88%B6%E7%B4%84
fallacies,385,zh,https://zh.wikipedia.org/wiki/%E8%83%A1%E8%98%BF%E8%94%94%E5%8A%A0%E5%A4%A7%E6%A3%92
fallacies,389,zh,https://zh.wikipedia.org/wiki/%E5%85%8D%E7%96%AB%E7%90%86%E8%AB%96
fallacies,391,zh,https://zh.wikipedia.org/wiki/%E5%A2%9E%E5%BC%B7
fallacies,392,zh,https://zh.wikipedia.org/wiki/%E8%87%AA%E8%AF%81%E9%A2%84%E8%A8%80
fallacies,396,zh,https://zh.wikipedia.org/wiki/%E8%B2%A0%E9%9D%A2%E8%A9%95%E5%83%B9%E6%81%90%E6%87%BC
fallacies,399,zh,https://zh.wikipedia.org/wiki/%E7%9A%AE%E6%A0%BC%E9%A9%AC%E5%88%A9%E7%BF%81%E6%95%88%E5%BA%94
fallacies,401,zh,https://zh.wikipedia.org/wiki/%E9%A9%AC%E5%A4%AA%E6%95%88%E5%BA%94
fallacies,405,zh,https://zh.wikipedia.org/wiki/%E9%AD%94%E8%A1%93
fallacies,412,zh,https://zh.wikipedia.org/wiki/%E8%81%B0%E6%98%8E%E7%9A%84%E6%BC%A2%E6%96%AF
fallacies,414,zh,https://zh.wikipedia.org/wiki/%E7%A4%BE%E4%BC%9A%E5%B7%A5%E7%A8%8B
fallacies,415,zh,https://zh.wikipedia.org/wiki/%E5%8A%A9%E6%8E%A8%E7%90%86%E8%AE%BA
fallacies,416,zh,https://zh.wikipedia.org/wiki/%E6%9A%97%E9%BB%91%E6%A8%A1%E5%BC%8F
fallacies,417,zh,https://zh.wikipedia.org/wiki/%E6%A0%87%E9%A2%98%E5%85%9A
fallacies,423,zh,https://zh.wikipedia.org/wiki/%E5%90%B9%E5%99%93
fallacies,427,zh,https://zh.wikipedia.org/wiki/%E9%B3%84%E9%B1%BC%E7%9A%84%E7%9C%BC%E6%B3%AA
fallacies,428,zh,https://zh.wikipedia.org/wiki/%E5%BC%95%E4%BA%BA%E6%B3%A8%E6%84%8F
fallacies,430,zh,https://zh.wikipedia.org/wiki/%E9%AD%85%E5%8A%9B%E6%94%BB%E5%8B%A2
fallacies,433,zh,https://zh.wikipedia.org/wiki/%E6%89%BF%E8%AB%BE%E7%BA%8C%E6%93%B4
fallacies,434,zh,https://zh.wikipedia.org/wiki/%E5%BE%97%E5%AF%B8%E8%BF%9B%E5%B0%BA%E6%B3%95
fallacies,443,zh,https://zh.wikipedia.org/wiki/%E4%BB%A5%E9%80%80%E4%B8%BA%E8%BF%9B%E6%B3%95
fallacies,447,zh,https://zh.wikipedia.org/wiki/%E6%A8%99%E7%B1%A4%E7%90%86%E8%AB%96
fallacies,455,zh,https://zh.wikipedia.org/wiki/%E7%A4%BE%E4%BC%9A%E5%B7%A5%E7%A8%8B%E5%AD%A6
fallacies,456,zh,https://zh.wikipedia.org/wiki/%E5%BF%83%E6%A9%9F
fallacies,457,zh,https://zh.wikipedia.org/wiki/%E5%8E%BB%E7%A9%A9%E5%AE%9A%E5%8C%96
fallacies,458,zh,https://zh.wikipedia.org/wiki/%E6%96%AF%E7%89%B9%E9%B2%81%E6%99%AE%E6%95%88%E5%BA%94
fallacies,459,zh,https://zh.wikipedia.org/wiki/%E7%85%A4%E6%B0%94%E7%81%AF%E6%95%88%E5%BA%94
fallacies,461,zh,https://zh.wikipedia.org/wiki/%E5%85%A7%E7%96%9A
fallacies,464,zh,https://zh.wikipedia.org/wiki/%E6%83%85%E7%B7%92%E5%8B%92%E7%B4%A2
fallacies,466,zh,https://zh.wikipedia.org/wiki/%E6%81%90%E5%9A%87
fallacies,468,zh,https://zh.wikipedia.org/wiki/%E6%81%90%E5%9A%87%E8%AB%96%E6%93%9A
fallacies,470,zh,https://zh.wikipedia.org/wiki/%E8%A8%80%E8%AA%9E%E8%99%90%E5%BE%85
fallacies,472,zh,https://zh.wikipedia.org/wiki/%E5%BF%83%E7%90%86%E5%A3%93%E5%8A%9B
fallacies,479,zh,https://zh.wikipedia.org/wiki/%E9%A8%B7%E6%93%BE
fallacies,480,zh,https://zh.wikipedia.org/wiki/%E6%B5%B7%E7%8D%85%E8%A1%8C%E7%82%BA
fallacies,482,zh,https://zh.wikipedia.org/wiki/%E8%8D%A1%E5%A6%87%E7%BE%9E%E8%BE%B1
fallacies,484,zh,https://zh.wikipedia.org/wiki/%E7%BA%8F%E6%93%BE
fallacies,485,zh,https://zh.wikipedia.org/wiki/%E8%A2%AB%E5%8B%95%E6%94%BB%E6%93%8A%E8%A1%8C%E7%82%BA
fallacies,492,zh,https://zh.wikipedia.org/wiki/%E6%89%AE%E6%BC%94%E5%8F%97%E5%AE%B3%E8%80%85
fallacies,494,zh,https://zh.wikipedia.org/wiki/%E8%A2%AB%E5%AE%B3%E5%A6%84%E6%83%B3
fallacies,496,zh,https://zh.wikipedia.org/wiki/%E5%86%B7%E8%99%95%E7%90%86
fallacies,506,zh,https://zh.wikipedia.org/wiki/%E8%9E%83%E8%9F%B9%E5%BF%83%E7%90%86
fallacies,507,zh,https://zh.wikipedia.org/wiki/%E9%AB%98%E5%A4%A7%E7%BD%8C%E7%B2%9F%E8%8A%B1%E7%B6%9C%E5%90%88%E7%97%87
fallacies,508,zh,https://zh.wikipedia.org/wiki/%E8%B8%A2%E7%8C%AB%E6%95%88%E5%BA%94
fallacies,510,zh,https://zh.wikipedia.org/wiki/%E8%B0%84%E5%AA%9A
fallacies,514,zh,https://zh.wikipedia.org/wiki/%E5%89%AF%E8%AA%9E%E8%A8%80%E5%AD%B8
fallacies,515,zh,https://zh.wikipedia.org/wiki/%E5%89%AF%E8%AA%9E%E8%A8%80%E5%AD%B8
fallacies,516,zh,https://zh.wikipedia.org/wiki/%E5%89%AF%E8%AA%9E%E8%A8%80%E5%AD%B8
fallacies,517,zh,https://zh.wikipedia.org/wiki/%E5%89%AF%E8%AA%9E%E8%A8%80%E5%AD%B8
fallacies,520,zh,https://zh.wikipedia.org/wiki/%E7%9C%BC%E7%A5%9E%E4%BA%A4%E6%B5%81
fallacies,1406,zh,https://zh.wikipedia.org/wiki/%E8%BA%AB%E5%8A%BF%E5%AD%A6
fallacies,521,zh,https://zh.wikipedia.org/wiki/%E9%9D%A2%E9%83%A8%E8%A1%A8%E6%83%85
fallacies,522,zh,https://zh.wikipedia.org/wiki/%E5%BE%AE%E8%A1%A8%E6%83%85
fallacies,523,zh,https://zh.wikipedia.org/wiki/%E6%89%8B%E5%8A%BF
fallacies,526,zh,https://zh.wikipedia.org/wiki/%E7%9C%A8%E5%96%AE%E7%9C%BC
fallacies,528,zh,https://zh.wikipedia.org/wiki/%E7%9C%A8%E5%96%AE%E7%9C%BC
fallacies,530,zh,https://zh.wikipedia.org/wiki/%E7%88%B1%E6%96%AF%E5%9F%BA%E6%91%A9%E5%BC%8F%E5%90%BB
fallacies,532,zh,https://zh.wikipedia.org/wiki/%E7%A2%B0%E6%8B%B3
fallacies,533,zh,https://zh.wikipedia.org/wiki/%E6%B2%99%E5%8D%A1%E6%89%8B%E5%8B%A2
fallacies,534,zh,https://zh.wikipedia.org/wiki/%E4%BA%A4%E5%8F%89%E6%89%8B%E6%8C%87
fallacies,536,zh,https://zh.wikipedia.org/wiki/%E5%90%BB%E6%89%8B%E7%A4%BC
fallacies,537,zh,https://zh.wikipedia.org/wiki/%E7%AB%8B%E6%AD%A3
fallacies,539,zh,https://zh.wikipedia.org/wiki/%E9%9E%A0%E8%BA%AC
fallacies,541,zh,https://zh.wikipedia.org/wiki/%E5%B1%88%E8%86%9D%E7%A4%BC
fallacies,547,zh,https://zh.wikipedia.org/wiki/%E7%BE%85%E9%A6%AC%E5%BC%8F%E6%95%AC%E7%A6%AE
fallacies,548,zh,https://zh.wikipedia.org/wiki/%E7%AB%A5%E8%BB%8D%E6%89%8B%E8%99%9F%E5%8F%8A%E6%95%AC%E7%A6%AE
fallacies,549,zh,https://zh.wikipedia.org/wiki/%E9%9E%A0%E8%BA%AC
fallacies,550,zh,https://zh.wikipedia.org/wiki/%E9%82%A3%E6%91%A9%E6%96%AF%E6%88%B4
fallacies,552,zh,https://zh.wikipedia.org/wiki/%E7%93%A6%E8%82%AF%E4%B8%BE%E6%89%8B%E7%A4%BC
fallacies,554,zh,https://zh.wikipedia.org/wiki/%E5%8D%81%E5%AD%97%E8%81%96%E8%99%9F
fallacies,555,zh,https://zh.wikipedia.org/wiki/%E8%B7%AA%E6%8B%9C
fallacies,556,zh,https://zh.wikipedia.org/wiki/%E6%8C%89%E6%89%8B%E7%A6%AE
fallacies,557,zh,https://zh.wikipedia.org/wiki/%E4%B8%89%E6%8C%87%E6%95%AC%E7%A4%BC_%28%E5%A1%9E%E5%B0%94%E7%BB%B4%E4%BA%9A%29
fallacies,558,zh,https://zh.wikipedia.org/wiki/%E7%B4%8D%E7%B2%B9%E7%A6%AE
fallacies,563,zh,https://zh.wikipedia.org/wiki/%E9%BC%93%E6%8E%8C
fallacies,564,zh,https://zh.wikipedia.org/wiki/%E6%8B%8D%E6%89%8B
fallacies,565,zh,https://zh.wikipedia.org/wiki/%E4%B8%BE%E6%89%8B%E5%87%BB%E6%8E%8C
fallacies,566,zh,https://zh.wikipedia.org/wiki/%E6%8B%87%E6%8C%87%E6%89%8B%E5%8B%A2
fallacies,567,zh,https://zh.wikipedia.org/wiki/%E8%B5%B7%E7%AB%8B%E8%87%B4%E6%95%AC
fallacies,568,zh,https://zh.wikipedia.org/wiki/V%E5%AD%97%E6%89%8B%E5%8A%BF
fallacies,573,zh,https://zh.wikipedia.org/wiki/%E8%B1%8E%E4%B8%AD%E6%8C%87
fallacies,575,zh,https://zh.wikipedia.org/wiki/%E6%91%87%E6%BB%9A%E6%89%8B%E5%8A%BF
fallacies,576,zh,https://zh.wikipedia.org/wiki/%E5%BC%B9%E5%93%8D%E6%8C%87
fallacies,579,zh,https://zh.wikipedia.org/wiki/%E6%8B%87%E6%8C%87%E6%89%8B%E5%8B%A2
fallacies,581,zh,https://zh.wikipedia.org/wiki/%E6%8D%82%E8%84%B8
fallacies,586,zh,https://zh.wikipedia.org/wiki/%E7%A9%BA%E9%96%93%E8%A1%8C%E7%82%BA%E5%AD%B8
fallacies,587,zh,https://zh.wikipedia.org/wiki/%E5%A7%BF%E5%8B%A2_%28%E5%BF%83%E7%90%86%E5%AD%B8%29
fallacies,592,zh,https://zh.wikipedia.org/wiki/%E9%9D%9E%E8%A8%80%E8%AF%AD%E4%BA%A4%E9%99%85
fallacies,594,zh,https://zh.wikipedia.org/wiki/%E7%84%A1%E6%95%88%E8%AD%89%E6%98%8E
fallacies,595,zh,https://zh.wikipedia.org/wiki/%E8%8D%89%E7%8E%87%E6%AD%B8%E7%B4%8D
fallacies,596,zh,https://zh.wikipedia.org/wiki/%E5%81%8F%E5%B7%AE%E6%A8%A3%E6%9C%AC
fallacies,598,zh,https://zh.wikipedia.org/wiki/%E4%BB%A5%E5%81%8F%E6%A6%82%E5%85%A8
fallacies,601,zh,https://zh.wikipedia.org/wiki/%E6%87%B6%E6%96%BC%E6%AD%B8%E7%B4%8D
fallacies,603,zh,https://zh.wikipedia.org/wiki/%E5%96%AE%E6%96%B9%E8%AB%96%E8%AD%89
fallacies,604,zh,https://zh.wikipedia.org/wiki/%E4%BB%A3%E8%A1%A8%E6%80%A7%E6%8D%B7%E6%80%9D%E6%B3%95
fallacies,609,zh,https://zh.wikipedia.org/wiki/%E5%80%96%E5%AD%98%E8%80%85%E5%81%8F%E5%B7%AE
fallacies,614,zh,https://zh.wikipedia.org/wiki/%E7%B1%A0%E7%B5%B1%E6%8E%A8%E8%AB%96
fallacies,615,zh,https://zh.wikipedia.org/wiki/%E5%81%B6%E4%BE%8B%E8%AC%AC%E8%AA%A4
fallacies,616,zh,https://zh.wikipedia.org/wiki/%E6%B2%92%E6%9C%89%E7%9C%9F%E6%AD%A3%E7%9A%84%E8%98%87%E6%A0%BC%E8%98%AD%E4%BA%BA
fallacies,617,zh,https://zh.wikipedia.org/wiki/%E9%80%86%E5%81%B6%E4%BE%8B%E8%AC%AC%E8%AA%A4
fallacies,620,zh,https://zh.wikipedia.org/wiki/%E5%A3%93%E5%80%92%E6%80%A7%E4%BE%8B%E5%A4%96
fallacies,622,zh,https://zh.wikipedia.org/wiki/%E5%90%88%E6%88%90%E8%AC%AC%E8%AA%A4
fallacies,623,zh,https://zh.wikipedia.org/wiki/%E5%A4%8D%E6%BC%94%E8%AF%B4
fallacies,625,zh,https://zh.wikipedia.org/wiki/%E5%88%86%E5%89%B2%E8%AC%AC%E8%AA%A4
fallacies,626,zh,https://zh.wikipedia.org/wiki/%E5%8D%80%E7%BE%A4%E8%AC%AC%E8%AA%A4
fallacies,627,zh,https://zh.wikipedia.org/wiki/%E8%BE%9B%E6%99%AE%E6%A3%AE%E6%82%96%E8%AE%BA
fallacies,628,zh,https://zh.wikipedia.org/wiki/%E5%8D%80%E7%BE%A4%E8%AC%AC%E8%AA%A4
fallacies,629,zh,https://zh.wikipedia.org/wiki/%E5%8D%80%E7%BE%A4%E8%AC%AC%E8%AA%A4
fallacies,630,zh,https://zh.wikipedia.org/wiki/%E5%8D%80%E7%BE%A4%E8%AC%AC%E8%AA%A4
fallacies,633,zh,https://zh.wikipedia.org/wiki/%E5%81%BD%E9%97%9C%E4%BF%82
fallacies,634,zh,https://zh.wikipedia.org/wiki/%E7%9B%B8%E9%97%9C%E4%B8%8D%E8%98%8A%E6%B6%B5%E5%9B%A0%E6%9E%9C
fallacies,635,zh,https://zh.wikipedia.org/wiki/%E5%BE%8C%E6%AD%A4%E8%AC%AC%E8%AA%A4
fallacies,642,zh,https://zh.wikipedia.org/wiki/%E9%8C%AF%E8%A6%BA%E7%9B%B8%E9%97%9C
fallacies,645,zh,https://zh.wikipedia.org/wiki/%E8%A8%B4%E8%AB%B8%E5%8F%AF%E8%83%BD
fallacies,648,zh,https://zh.wikipedia.org/wiki/%E5%9F%BA%E6%9C%AC%E6%AF%94%E7%8E%87%E8%AC%AC%E8%AA%A4
fallacies,649,zh,https://zh.wikipedia.org/wiki/%E6%9C%AB%E6%97%A5%E8%AE%BA%E8%AF%81
fallacies,650,zh,https://zh.wikipedia.org/wiki/%E6%AA%A2%E5%AF%9F%E5%AE%98%E8%AC%AC%E8%AA%A4
fallacies,651,zh,https://zh.wikipedia.org/wiki/%E6%9D%A1%E4%BB%B6%E6%A6%82%E7%8E%87%23%E6%9D%A1%E4%BB%B6%E6%A6%82%E7%8E%87%E8%B0%AC%E8%AE%BA
fallacies,652,zh,https://zh.wikipedia.org/wiki/%E8%B5%8C%E5%BE%92%E7%A0%B4%E4%BA%A7%E7%90%86%E8%AE%BA
fallacies,654,zh,https://zh.wikipedia.org/wiki/%E8%B3%AD%E5%BE%92%E8%AC%AC%E8%AA%A4
fallacies,655,zh,https://zh.wikipedia.org/wiki/%E9%80%86%E8%B3%AD%E5%BE%92%E8%AC%AC%E8%AA%A4
fallacies,657,zh,https://zh.wikipedia.org/wiki/%E5%90%88%E5%8F%96%E8%B0%AC%E8%AF%AF
fallacies,659,zh,https://zh.wikipedia.org/wiki/%E9%80%A3%E7%BA%8C%E9%AB%94%E8%AC%AC%E8%AA%A4
fallacies,662,zh,https://zh.wikipedia.org/wiki/%E6%97%A0%E9%99%90%E5%80%92%E9%80%80
fallacies,663,zh,https://zh.wikipedia.org/wiki/%E5%B0%8F%E5%B0%8F%E4%BA%BA%E8%AB%96%E8%AD%89
fallacies,664,zh,https://zh.wikipedia.org/wiki/%E6%97%A0%E9%99%90%E5%80%92%E9%80%80
fallacies,668,zh,https://zh.wikipedia.org/wiki/%E5%81%87%E7%B2%BE%E7%A2%BA
fallacies,670,zh,https://zh.wikipedia.org/wiki/%E8%99%9A%E5%81%87%E5%B9%B3%E8%A1%A1
fallacies,673,zh,https://zh.wikipedia.org/wiki/%E8%A8%B4%E8%AB%B8%E4%B8%AD%E5%BA%B8
fallacies,674,zh,https://zh.wikipedia.org/wiki/%E5%A7%94%E5%91%98%E4%BC%9A%E8%AE%BE%E8%AE%A1
fallacies,675,zh,https://zh.wikipedia.org/wiki/%E7%A0%B4%E7%AA%97%E8%AC%AC%E8%AB%96
fallacies,677,zh,https://zh.wikipedia.org/wiki/%E6%BB%91%E5%9D%A1%E8%AC%AC%E8%AA%A4
fallacies,683,zh,https://zh.wikipedia.org/wiki/%E6%82%96%E8%AE%BA%E5%88%97%E8%A1%A8
fallacies,691,zh,https://zh.wikipedia.org/wiki/%E7%84%A1%E6%95%88%E8%AD%89%E6%98%8E
fallacies,696,zh,https://zh.wikipedia.org/wiki/%E8%AC%AC%E8%AA%A4
fallacies,698,zh,https://zh.wikipedia.org/wiki/%E4%B9%9E%E9%A1%8C
fallacies,699,zh,https://zh.wikipedia.org/wiki/%E5%BE%AA%E7%92%B0%E8%AB%96%E8%AD%89
fallacies,700,zh,https://zh.wikipedia.org/wiki/%E7%AC%9B%E5%8D%A1%E5%B0%94%E5%BE%AA%E7%8E%AF
fallacies,701,zh,https://zh.wikipedia.org/wiki/%E5%A4%8D%E6%9D%82%E9%97%AE%E8%AF%AD
fallacies,702,zh,https://zh.wikipedia.org/wiki/%E4%B8%8D%E7%9B%B8%E5%B9%B2%E7%9A%84%E8%AC%AC%E8%AA%A4
fallacies,706,zh,https://zh.wikipedia.org/wiki/%E8%AA%8D%E7%9F%A5%E6%89%AD%E6%9B%B2
fallacies,707,zh,https://zh.wikipedia.org/wiki/%E5%80%92%E6%9E%9C%E7%82%BA%E5%9B%A0
fallacies,708,zh,https://zh.wikipedia.org/wiki/%E8%82%AF%E5%AE%9A%E5%BE%8C%E4%BB%B6
fallacies,710,zh,https://zh.wikipedia.org/wiki/%E5%85%85%E5%88%86%E5%BF%85%E8%A6%81%E6%9D%A1%E4%BB%B6
fallacies,714,zh,https://zh.wikipedia.org/wiki/%E4%BD%A0%E4%B9%9F%E4%B8%80%E6%A8%A3%E8%AC%AC%E8%AA%A4
fallacies,717,zh,https://zh.wikipedia.org/wiki/%E8%B3%AD%E5%BE%92%E8%AC%AC%E8%AA%A4
fallacies,719,zh,https://zh.wikipedia.org/wiki/%E7%9B%B8%E9%97%9C%E4%B8%8D%E8%98%8A%E6%B6%B5%E5%9B%A0%E6%9E%9C
fallacies,721,zh,https://zh.wikipedia.org/wiki/%E5%96%AE%E5%9B%A0%E8%AC%AC%E8%AA%A4
fallacies,722,zh,https://zh.wikipedia.org/wiki/%E5%90%A6%E5%AE%9A%E5%89%8D%E4%BB%B6
fallacies,723,zh,https://zh.wikipedia.org/wiki/%E8%AA%8D%E7%9F%A5%E6%89%AD%E6%9B%B2
fallacies,725,zh,https://zh.wikipedia.org/wiki/%E5%BE%8C%E6%AD%A4%E8%AC%AC%E8%AA%A4
fallacies,729,zh,https://zh.wikipedia.org/wiki/%E5%90%A6%E5%AE%9A%E5%89%8D%E4%BB%B6
fallacies,731,zh,https://zh.wikipedia.org/wiki/%E8%82%AF%E5%AE%9A%E5%BE%8C%E4%BB%B6
fallacies,739,zh,https://zh.wikipedia.org/wiki/%E5%AD%98%E5%9C%A8%E6%80%A7%E8%AC%AC%E8%AA%A4
fallacies,740,zh,https://zh.wikipedia.org/wiki/%E7%9B%B4%E6%8E%A5%E6%8E%A8%E7%90%86
fallacies,744,zh,https://zh.wikipedia.org/wiki/%E7%9B%B4%E6%8E%A5%E6%8E%A8%E7%90%86
fallacies,745,zh,https://zh.wikipedia.org/wiki/%E7%9B%B4%E6%8E%A5%E6%8E%A8%E7%90%86
fallacies,746,zh,https://zh.wikipedia.org/wiki/%E7%9B%B4%E6%8E%A5%E6%8E%A8%E7%90%86
fallacies,747,zh,https://zh.wikipedia.org/wiki/%E7%9B%B4%E6%8E%A5%E6%8E%A8%E7%90%86
fallacies,749,zh,https://zh.wikipedia.org/wiki/%E9%87%8F%E5%8C%96%E8%A9%9E%E5%B0%8D%E8%AA%BF
fallacies,751,zh,https://zh.wikipedia.org/wiki/%E8%AE%A4%E8%AF%86%E9%80%BB%E8%BE%91
fallacies,752,zh,https://zh.wikipedia.org/wiki/%E8%92%99%E9%9D%A2%E4%BA%BA%E8%AC%AC%E8%AA%A4
fallacies,755,zh,https://zh.wikipedia.org/wiki/%E9%81%93%E4%B9%89%E9%80%BB%E8%BE%91
fallacies,756,zh,https://zh.wikipedia.org/wiki/%E8%AA%8D%E7%9F%A5%E6%89%AD%E6%9B%B2
fallacies,759,zh,https://zh.wikipedia.org/wiki/%E5%A6%84%E4%B8%8B%E7%BB%93%E8%AE%BA
fallacies,768,zh,https://zh.wikipedia.org/wiki/%E9%94%99%E8%AF%AF%E5%AF%B9%E7%AD%89
fallacies,774,zh,https://zh.wikipedia.org/wiki/%E8%AA%8D%E7%9F%A5%E6%89%AD%E6%9B%B2
fallacies,775,zh,https://zh.wikipedia.org/wiki/%E8%AA%8D%E7%9F%A5%E6%89%AD%E6%9B%B2
fallacies,776,zh,https://zh.wikipedia.org/wiki/%E8%AA%8D%E7%9F%A5%E6%89%AD%E6%9B%B2
fallacies,781,zh,https://zh.wikipedia.org/wiki/%E7%A0%B4%E9%87%9C%E9%82%8F%E8%BC%AF
fallacies,786,zh,https://zh.wikipedia.org/wiki/%E4%B8%AD%E8%A9%9E%E4%B8%8D%E5%91%A8%E5%BB%B6
fallacies,789,zh,https://zh.wikipedia.org/wiki/%E5%A4%A7%E8%A9%9E%E4%B8%8D%E7%95%B6
fallacies,790,zh,https://zh.wikipedia.org/wiki/%E5%B0%8F%E8%A9%9E%E4%B8%8D%E7%95%B6
fallacies,792,zh,https://zh.wikipedia.org/wiki/%E5%90%A6%E5%AE%9A%E5%89%8D%E6%8F%90%E6%8E%A8%E5%BE%97%E8%82%AF%E5%AE%9A%E7%B5%90%E8%AB%96
fallacies,793,zh,https://zh.wikipedia.org/wiki/%E8%82%AF%E5%AE%9A%E5%89%8D%E6%8F%90%E6%8E%A8%E5%BE%97%E5%90%A6%E5%AE%9A%E7%B5%90%E8%AB%96
fallacies,794,zh,https://zh.wikipedia.org/wiki/%E4%BA%92%E6%96%A5%E5%89%8D%E6%8F%90%E8%AC%AC%E8%AA%A4
fallacies,796,zh,https://zh.wikipedia.org/wiki/%E5%9B%9B%E8%A9%9E%E8%AC%AC%E8%AA%A4
fallacies,799,zh,https://zh.wikipedia.org/wiki/%E5%AE%9A%E7%BE%A9%E8%AC%AC%E8%AA%A4
fallacies,804,zh,https://zh.wikipedia.org/wiki/%E4%BB%BB%E6%84%8F%E6%80%A7
fallacies,805,zh,https://zh.wikipedia.org/wiki/%E5%AE%9A%E7%BE%A9%E8%AC%AC%E8%AA%A4
fallacies,809,zh,https://zh.wikipedia.org/wiki/%E6%89%93%E5%A3%93%E5%B0%8D%E7%AB%8B
fallacies,810,zh,https://zh.wikipedia.org/wiki/%E5%90%A6%E8%AA%8D%E5%B0%8D%E7%AB%8B
fallacies,812,zh,https://zh.wikipedia.org/wiki/%E6%83%85%E7%BB%AA%E6%80%A7%E7%94%A8%E8%AF%8D%E5%8F%98%E5%8C%96
fallacies,813,zh,https://zh.wikipedia.org/wiki/%E6%B2%92%E6%9C%89%E7%9C%9F%E6%AD%A3%E7%9A%84%E8%98%87%E6%A0%BC%E8%98%AD%E4%BA%BA
fallacies,814,zh,https://zh.wikipedia.org/wiki/%E5%81%87%E5%85%A9%E9%9B%A3%E6%8E%A8%E7%90%86
fallacies,820,zh,https://zh.wikipedia.org/wiki/%E5%90%AB%E7%B3%8A%E7%94%A8%E8%AA%9E
fallacies,835,zh,https://zh.wikipedia.org/wiki/%E4%B8%8D%E5%AE%8C%E6%95%B4%E7%9A%84%E6%AF%94%E8%BC%83
fallacies,839,zh,https://zh.wikipedia.org/wiki/%E7%B1%BB%E6%8E%A8%E8%AE%BA%E8%AF%81
fallacies,843,zh,https://zh.wikipedia.org/wiki/%E9%94%99%E8%AF%AF%E5%AF%B9%E7%AD%89
fallacies,844,zh,https://zh.wikipedia.org/wiki/%E9%97%9C%E8%81%AF%E8%AC%AC%E8%AA%A4
fallacies,847,zh,https://zh.wikipedia.org/wiki/%E6%AD%A7%E7%BE%A9%E5%8F%A5%E6%A7%8B
fallacies,850,zh,https://zh.wikipedia.org/wiki/%E9%87%8F%E5%8C%96%E8%A9%9E%E5%B0%8D%E8%AA%BF
fallacies,854,zh,https://zh.wikipedia.org/wiki/%E9%87%8E%E8%9B%AE_%28%E8%AF%AD%E8%A8%80%E5%AD%A6%29
fallacies,857,zh,https://zh.wikipedia.org/wiki/%E5%81%87%E7%B2%BE%E7%A2%BA
fallacies,865,zh,https://zh.wikipedia.org/wiki/%E8%AA%9E%E7%BE%A9%E8%AE%8A%E5%8C%96
fallacies,868,zh,https://zh.wikipedia.org/wiki/%E5%B8%82%E5%9C%BA%E5%B9%BB%E8%B1%A1
fallacies,869,zh,https://zh.wikipedia.org/wiki/%E5%85%B7%E9%AB%94%E5%8C%96%E8%AC%AC%E8%AA%A4
fallacies,874,zh,https://zh.wikipedia.org/wiki/%E6%93%AC%E5%83%8F
fallacies,881,zh,https://zh.wikipedia.org/wiki/%E6%94%BF%E6%B2%BB%E5%AE%A3%E4%BC%A0
fallacies,883,zh,https://zh.wikipedia.org/wiki/%E6%94%BF%E6%B2%BB%E5%AE%A3%E4%BC%A0
fallacies,887,zh,https://zh.wikipedia.org/wiki/%E4%BD%9C%E5%BC%8A
fallacies,890,zh,https://zh.wikipedia.org/wiki/%E7%89%87%E9%9D%A2%E4%BA%8B%E5%AF%A6
fallacies,892,zh,https://zh.wikipedia.org/wiki/%E5%86%B7%E8%99%95%E7%90%86
fallacies,894,zh,https://zh.wikipedia.org/wiki/%E7%A8%BB%E8%8D%89%E4%BA%BA%E8%AB%96%E8%AD%89
fallacies,895,zh,https://zh.wikipedia.org/wiki/%E8%AA%8D%E7%9F%A5%E6%89%AD%E6%9B%B2
fallacies,898,zh,https://zh.wikipedia.org/wiki/%E8%B0%8E%E8%A8%80
fallacies,899,zh,https://zh.wikipedia.org/wiki/%E9%AB%98%E5%B0%9A%E7%9A%84%E8%AC%8A%E8%A8%80
fallacies,902,zh,https://zh.wikipedia.org/wiki/%E8%B0%8E%E8%A8%80
fallacies,903,zh,https://zh.wikipedia.org/wiki/%E5%81%87%E5%89%8D%E6%8F%90
fallacies,910,zh,https://zh.wikipedia.org/wiki/%E5%81%87%E6%96%B0%E8%81%9E
fallacies,911,zh,https://zh.wikipedia.org/wiki/%E8%BF%B4%E8%81%B2%E5%AE%A4%E6%95%88%E6%87%89
fallacies,916,zh,https://zh.wikipedia.org/wiki/%E8%B0%A3%E8%A8%80
fallacies,917,zh,https://zh.wikipedia.org/wiki/%E6%8A%B9%E9%BB%91%E7%AD%96%E7%95%A5
fallacies,920,zh,https://zh.wikipedia.org/wiki/FUD
fallacies,922,zh,https://zh.wikipedia.org/wiki/%E9%81%93%E5%BE%B7%E6%81%90%E6%85%8C
fallacies,925,zh,https://zh.wikipedia.org/wiki/%E7%A5%9E%E8%AF%9D
fallacies,927,zh,https://zh.wikipedia.org/wiki/Creepypasta
fallacies,934,zh,https://zh.wikipedia.org/wiki/%E8%B0%8E%E8%A8%80
fallacies,941,zh,https://zh.wikipedia.org/wiki/%E5%B9%BB%E8%AC%8A
fallacies,942,zh,https://zh.wikipedia.org/wiki/%E5%81%87%E8%B3%87%E8%A8%8A%E4%BE%86%E6%BA%90
fallacies,943,zh,https://zh.wikipedia.org/wiki/%E8%AA%9E%E5%A2%83%E5%8E%BB%E9%99%A4
fallacies,947,zh,https://zh.wikipedia.org/wiki/%E4%BC%AA%E5%8F%B2%E5%AD%A6
fallacies,948,zh,https://zh.wikipedia.org/wiki/%E5%BE%AA%E7%8E%AF%E6%8A%A5%E9%81%93
fallacies,949,zh,https://zh.wikipedia.org/wiki/%E5%BE%AA%E7%8E%AF%E6%8A%A5%E9%81%93
fallacies,950,zh,https://zh.wikipedia.org/wiki/%E4%B8%89%E4%BA%BA%E6%88%90%E8%99%8E
fallacies,955,zh,https://zh.wikipedia.org/wiki/%E5%8F%8C%E9%87%8D%E6%A0%87%E5%87%86
fallacies,956,zh,https://zh.wikipedia.org/wiki/%E7%89%87%E9%9D%A2%E8%BE%AF%E8%AD%B7
fallacies,967,zh,https://zh.wikipedia.org/wiki/%E7%99%BC%E8%A1%A8%E5%81%8F%E5%80%9A
fallacies,969,zh,https://zh.wikipedia.org/wiki/%E7%99%BC%E8%A1%A8%E5%81%8F%E5%80%9A
fallacies,973,zh,https://zh.wikipedia.org/wiki/%E6%8C%AA%E5%8B%95%E9%96%80%E6%9F%B1
fallacies,977,zh,https://zh.wikipedia.org/wiki/%E6%B6%85%E6%A7%83%E8%AC%AC%E8%AA%A4
fallacies,979,zh,https://zh.wikipedia.org/wiki/%E6%97%A0%E9%99%90%E5%80%92%E9%80%80
fallacies,1012,zh,https://zh.wikipedia.org/wiki/%E9%BB%98%E8%AD%89
fallacies,1013,zh,https://zh.wikipedia.org/wiki/%E7%91%A3%E7%A2%8E%E8%AB%96
fallacies,1014,zh,https://zh.wikipedia.org/wiki/%E9%AD%94%E9%AC%BC%E7%9A%84%E8%A8%9F%E8%BE%AF%E4%BA%BA
fallacies,1023,zh,https://zh.wikipedia.org/wiki/%E5%9F%B9%E6%A0%B9%E6%B3%95
fallacies,1024,zh,https://zh.wikipedia.org/wiki/%E7%A7%8D%E6%97%8F%E5%B9%BB%E8%B1%A1
fallacies,1025,zh,https://zh.wikipedia.org/wiki/%E6%B3%A8%E6%84%8F%E5%8A%9B%E5%81%8F%E8%AA%A4
fallacies,1028,zh,https://zh.wikipedia.org/wiki/%E7%B3%BB%E5%88%97%E4%BD%8D%E7%BD%AE%E6%95%88%E5%BA%94
fallacies,1029,zh,https://zh.wikipedia.org/wiki/%E7%B3%BB%E5%88%97%E4%BD%8D%E7%BD%AE%E6%95%88%E5%BA%94
fallacies,1030,zh,https://zh.wikipedia.org/wiki/%E5%9B%9E%E5%BF%86
fallacies,1031,zh,https://zh.wikipedia.org/wiki/%E8%AA%8D%E7%9F%A5%E5%81%8F%E8%AA%A4%E5%88%97%E8%A1%A8
fallacies,1035,zh,https://zh.wikipedia.org/wiki/%E6%8F%90%E5%8F%96%E5%BC%95%E7%99%BC%E9%81%BA%E5%BF%98
fallacies,1036,zh,https://zh.wikipedia.org/wiki/%E7%A5%9E%E5%A5%87%E7%9A%84%E6%95%B0%E5%AD%97%EF%BC%9A7%C2%B12
fallacies,1038,zh,https://zh.wikipedia.org/wiki/%E9%9F%8B%E4%BC%AF-%E8%B2%BB%E5%B8%8C%E7%B4%8D%E5%AE%9A%E7%90%86
fallacies,1039,zh,https://zh.wikipedia.org/wiki/%E6%A1%86%E6%9E%B6%E6%95%88%E6%87%89
fallacies,1043,zh,https://zh.wikipedia.org/wiki/%E9%9B%B7%E6%96%AF%E5%A4%9A%E5%A4%AB%E6%95%88%E6%87%89
fallacies,1045,zh,https://zh.wikipedia.org/wiki/%E8%AA%8D%E7%9F%A5%E5%81%8F%E8%AA%A4%E5%88%97%E8%A1%A8
fallacies,1046,zh,https://zh.wikipedia.org/wiki/%E5%AE%9A%E9%8C%A8%E6%95%88%E6%87%89
fallacies,1047,zh,https://zh.wikipedia.org/wiki/%E8%AA%98%E9%A4%8C%E6%95%88%E6%87%89
fallacies,1050,zh,https://zh.wikipedia.org/wiki/%E9%80%8F%E6%98%8E%E5%BA%A6%E9%94%99%E8%A7%89
fallacies,1051,zh,https://zh.wikipedia.org/wiki/%E7%9F%A5%E8%AD%98%E7%9A%84%E8%A9%9B%E5%92%92
fallacies,1052,zh,https://zh.wikipedia.org/wiki/%E8%81%9A%E5%85%89%E7%87%88%E6%95%88%E6%87%89
fallacies,1055,zh,https://zh.wikipedia.org/wiki/%E5%BF%83%E7%90%86%E5%AD%B8%E5%AE%B6%E8%AC%AC%E8%AA%A4
fallacies,1056,zh,https://zh.wikipedia.org/wiki/%E8%A7%80%E5%AF%9F%E8%80%85%E6%9C%9F%E6%9C%9B%E6%95%88%E6%87%89
fallacies,1063,zh,https://zh.wikipedia.org/wiki/%E8%B0%B7%E6%AD%8C%E6%95%88%E5%BA%94
fallacies,1064,zh,https://zh.wikipedia.org/wiki/%E7%94%9F%E6%88%90%E6%95%88%E6%87%89
fallacies,1065,zh,https://zh.wikipedia.org/wiki/%E9%81%B8%E6%93%87%E6%80%A7%E7%9F%A5%E8%A6%BA
fallacies,1066,zh,https://zh.wikipedia.org/wiki/%E5%A4%9A%E7%9C%8B%E6%95%88%E6%87%89
fallacies,1067,zh,https://zh.wikipedia.org/wiki/%E7%9C%9F%E7%9B%B8%E5%B9%BB%E8%A7%89%E6%95%88%E5%BA%94
fallacies,1068,zh,https://zh.wikipedia.org/wiki/%E5%8F%AF%E8%BE%A8%E8%AD%98%E5%8F%97%E5%AE%B3%E8%80%85%E6%95%88%E6%87%89
fallacies,1069,zh,https://zh.wikipedia.org/wiki/%E8%A8%B4%E8%AB%B8%E6%96%B0%E6%BD%AE
fallacies,1072,zh,https://zh.wikipedia.org/wiki/%E5%8F%AF%E5%BE%97%E6%80%A7%E6%8D%B7%E6%80%9D%E6%B3%95
fallacies,1078,zh,https://zh.wikipedia.org/wiki/%E5%B3%B0%E7%B5%82%E5%AE%9A%E5%BE%8B
fallacies,1080,zh,https://zh.wikipedia.org/wiki/%E7%86%9F%E6%82%89%E8%B7%AF%E7%B7%9A%E6%95%88%E6%87%89
fallacies,1081,zh,https://zh.wikipedia.org/wiki/%E9%9A%BE%E6%98%93%E6%95%88%E5%BA%94
fallacies,1085,zh,https://zh.wikipedia.org/wiki/%E9%8C%AF%E8%A6%BA%E7%9B%B8%E9%97%9C
fallacies,1086,zh,https://zh.wikipedia.org/wiki/%E6%95%88%E5%BA%A6%E7%9A%84%E9%8C%AF%E8%A6%BA
fallacies,1089,zh,https://zh.wikipedia.org/wiki/%E6%93%AC%E4%BA%BA%E8%AB%96
fallacies,1091,zh,https://zh.wikipedia.org/wiki/%E4%B9%90%E8%A7%82%E5%81%8F%E8%AF%AF
fallacies,1093,zh,https://zh.wikipedia.org/wiki/%E4%B9%90%E8%A7%82%E5%81%8F%E8%AF%AF
fallacies,1094,zh,https://zh.wikipedia.org/wiki/%E5%8F%8D%E5%90%91%E5%BF%83%E7%90%86
fallacies,1095,zh,https://zh.wikipedia.org/wiki/%E6%91%A9%E8%8F%B2%E5%AE%9A%E7%90%86
fallacies,1096,zh,https://zh.wikipedia.org/wiki/%E9%9B%B6%E5%92%8C%E6%80%9D%E7%B6%AD
fallacies,1098,zh,https://zh.wikipedia.org/wiki/%E8%AA%8D%E7%9F%A5%E6%89%AD%E6%9B%B2
fallacies,1099,zh,https://zh.wikipedia.org/wiki/%E8%AA%8D%E7%9F%A5%E6%89%AD%E6%9B%B2
fallacies,1100,zh,https://zh.wikipedia.org/wiki/%E8%AA%8D%E7%9F%A5%E6%89%AD%E6%9B%B2
fallacies,1101,zh,https://zh.wikipedia.org/wiki/%E8%AA%8D%E7%9F%A5%E6%89%AD%E6%9B%B2
fallacies,1102,zh,https://zh.wikipedia.org/wiki/%E8%AA%8D%E7%9F%A5%E6%89%AD%E6%9B%B2
fallacies,1104,zh,https://zh.wikipedia.org/wiki/%E8%87%AA%E5%88%A9%E6%80%A7%E5%81%8F%E5%B7%AE
fallacies,1105,zh,https://zh.wikipedia.org/wiki/%E4%B9%90%E8%A7%82%E5%81%8F%E8%AF%AF
fallacies,1106,zh,https://zh.wikipedia.org/wiki/%E8%A6%8F%E5%8A%83%E8%AC%AC%E8%AA%A4
fallacies,1110,zh,https://zh.wikipedia.org/wiki/%E5%81%8F%E8%AA%A4%E7%9B%B2%E9%BB%9E
fallacies,1113,zh,https://zh.wikipedia.org/wiki/%E7%AC%AC%E4%B8%89%E4%BA%BA%E6%95%88%E6%9E%9C
fallacies,1114,zh,https://zh.wikipedia.org/wiki/%E9%81%8E%E5%BA%A6%E8%87%AA%E4%BF%A1%E6%95%88%E6%87%89
fallacies,1115,zh,https://zh.wikipedia.org/wiki/%E6%8E%A7%E5%88%B6%E7%9A%84%E9%8C%AF%E8%A6%BA
fallacies,1118,zh,https://zh.wikipedia.org/wiki/%E9%8C%AF%E8%AA%A4%E5%85%B1%E8%AD%98%E6%95%88%E6%87%89
fallacies,1119,zh,https://zh.wikipedia.org/wiki/%E6%83%85%E7%B7%92%E5%8C%96%E6%8E%A8%E7%90%86
fallacies,1121,zh,https://zh.wikipedia.org/wiki/%E9%9B%B6%E9%A3%8E%E9%99%A9%E5%81%8F%E8%AF%AF
fallacies,1123,zh,https://zh.wikipedia.org/wiki/%E8%8D%89%E7%8E%87%E6%AD%B8%E7%B4%8D
fallacies,1124,zh,https://zh.wikipedia.org/wiki/%E4%B8%8D%E6%98%8E%E7%A2%BA%E6%80%A7%E6%95%88%E6%87%89
fallacies,1125,zh,https://zh.wikipedia.org/wiki/%E4%B8%8D%E6%98%8E%E7%A2%BA%E6%80%A7%E6%95%88%E6%87%89
fallacies,1127,zh,https://zh.wikipedia.org/wiki/%E5%A6%84%E4%B8%8B%E7%BB%93%E8%AE%BA
fallacies,1137,zh,https://zh.wikipedia.org/wiki/%E6%8D%9F%E5%A4%B1%E8%A7%84%E9%81%BF
fallacies,1139,zh,https://zh.wikipedia.org/wiki/%E7%8E%B0%E7%8A%B6%E5%81%8F%E5%B7%AE
fallacies,1141,zh,https://zh.wikipedia.org/wiki/%E8%AA%8D%E7%9F%A5%E5%81%8F%E8%AA%A4%E5%88%97%E8%A1%A8
fallacies,1143,zh,https://zh.wikipedia.org/wiki/%E4%B8%8D%E4%BD%9C%E4%B8%BA%E5%81%8F%E8%AF%AF
fallacies,1144,zh,https://zh.wikipedia.org/wiki/%E8%B3%87%E8%A8%8A%E5%81%8F%E8%AA%A4_%28%E5%BF%83%E7%90%86%E5%AD%B8%29
fallacies,1145,zh,https://zh.wikipedia.org/wiki/%E5%B8%95%E9%87%91%E6%A3%AE%E7%91%A3%E7%A2%8E%E5%AE%9A%E7%90%86
fallacies,1147,zh,https://zh.wikipedia.org/wiki/%E7%9B%B8%E5%90%88%E6%80%A7%E5%81%8F%E8%AA%A4
fallacies,1149,zh,https://zh.wikipedia.org/wiki/%E8%AA%8D%E7%9F%A5%E5%81%8F%E8%AA%A4%E5%88%97%E8%A1%A8
fallacies,1150,zh,https://zh.wikipedia.org/wiki/%E5%AE%9C%E5%AE%B6%E5%AE%B6%E5%B1%85%E6%95%88%E6%87%89
fallacies,1151,zh,https://zh.wikipedia.org/wiki/%E6%B2%89%E6%B2%A1%E6%88%90%E6%9C%AC
fallacies,1152,zh,https://zh.wikipedia.org/wiki/%E8%99%95%E5%88%86%E6%95%88%E6%9E%9C
fallacies,1153,zh,https://zh.wikipedia.org/wiki/%E8%AA%8D%E7%9F%A5%E5%81%8F%E8%AA%A4%E5%88%97%E8%A1%A8
fallacies,1155,zh,https://zh.wikipedia.org/wiki/%E5%90%8E%E8%A7%81%E4%B9%8B%E6%98%8E%E5%81%8F%E8%AF%AF
fallacies,1156,zh,https://zh.wikipedia.org/wiki/%E6%94%AF%E6%8C%81%E9%81%B8%E6%93%87%E5%81%8F%E8%AA%A4
fallacies,1157,zh,https://zh.wikipedia.org/wiki/%E7%A6%80%E8%B5%8B%E6%95%88%E5%BA%94
fallacies,1158,zh,https://zh.wikipedia.org/wiki/%E4%BF%A1%E5%BF%B5%E5%81%8F%E8%AA%A4
fallacies,1159,zh,https://zh.wikipedia.org/wiki/%E9%B8%B5%E9%B8%9F%E6%95%88%E5%BA%94
fallacies,1160,zh,https://zh.wikipedia.org/wiki/%E6%AD%A3%E5%B8%B8%E5%8C%96%E5%81%8F%E8%AA%A4
fallacies,1161,zh,https://zh.wikipedia.org/wiki/%E4%B8%BB%E8%A7%82%E9%AA%8C%E8%AF%81
fallacies,1162,zh,https://zh.wikipedia.org/wiki/%E7%B5%90%E6%9E%9C%E5%81%8F%E8%AA%A4
fallacies,1163,zh,https://zh.wikipedia.org/wiki/%E9%81%93%E5%BE%B7%E8%87%AA%E6%88%91%E8%AE%B8%E5%8F%AF
fallacies,1164,zh,https://zh.wikipedia.org/wiki/%E5%BF%83%E9%9D%88%E6%8A%95%E5%B0%84%E8%AC%AC%E8%AA%A4
fallacies,1165,zh,https://zh.wikipedia.org/wiki/%E6%8A%95%E5%B0%84
fallacies,1166,zh,https://zh.wikipedia.org/wiki/%E6%8E%A8%E5%8D%B8%E8%B4%A3%E4%BB%BB
fallacies,1167,zh,https://zh.wikipedia.org/wiki/%E6%8C%87%E8%B4%A3%E5%8F%97%E5%AE%B3%E4%BA%BA
fallacies,1169,zh,https://zh.wikipedia.org/wiki/%E8%AA%8D%E7%9F%A5%E6%89%AD%E6%9B%B2
fallacies,1170,zh,https://zh.wikipedia.org/wiki/%E8%AA%8D%E7%9F%A5%E6%89%AD%E6%9B%B2
fallacies,1171,zh,https://zh.wikipedia.org/wiki/%E8%AA%8D%E7%9F%A5%E6%89%AD%E6%9B%B2
fallacies,1172,zh,https://zh.wikipedia.org/wiki/%E7%A7%BB%E6%83%85%E9%9A%94%E9%96%A1
fallacies,1174,zh,https://zh.wikipedia.org/wiki/%E6%B4%9E%E7%A9%B4%E5%B9%BB%E8%B1%A1
fallacies,1177,zh,https://zh.wikipedia.org/wiki/%E6%80%A7%E6%A0%BC%E6%AD%B8%E5%9B%A0
fallacies,1178,zh,https://zh.wikipedia.org/wiki/%E5%9F%BA%E6%9C%AC%E6%AD%B8%E5%9B%A0%E8%AC%AC%E8%AA%A4
fallacies,1182,zh,https://zh.wikipedia.org/wiki/%E9%81%93%E5%BE%B7%E8%BF%90%E6%B0%94
fallacies,1187,zh,https://zh.wikipedia.org/wiki/%E9%9D%9E%E6%88%91%E6%89%80%E5%89%B5
fallacies,1189,zh,https://zh.wikipedia.org/wiki/%E5%B2%9B%E6%B0%91%E5%BF%83%E6%80%81
fallacies,1191,zh,https://zh.wikipedia.org/wiki/%E5%A4%96%E5%9C%98%E9%AB%94%E5%90%8C%E8%B3%AA%E6%80%A7
fallacies,1192,zh,https://zh.wikipedia.org/wiki/%E5%BC%82%E6%97%8F%E6%95%88%E5%BA%94
fallacies,1194,zh,https://zh.wikipedia.org/wiki/%E9%99%B0%E8%AC%80%E8%AB%96
fallacies,1195,zh,https://zh.wikipedia.org/wiki/%E9%AC%BC%E7%A5%9F%E8%AC%AC%E8%AA%A4
fallacies,1199,zh,https://zh.wikipedia.org/wiki/%E5%88%BB%E6%9D%BF%E5%8D%B0%E8%B1%A1
fallacies,1209,zh,https://zh.wikipedia.org/wiki/%E5%AE%97%E6%95%99%E6%AD%A7%E8%A6%96
fallacies,1210,zh,https://zh.wikipedia.org/wiki/%E9%9A%8E%E7%B4%9A%E6%AD%A7%E8%A6%96
fallacies,1212,zh,https://zh.wikipedia.org/wiki/%E5%A4%96%E8%B2%8C%E6%AD%A7%E8%A6%96
fallacies,1214,zh,https://zh.wikipedia.org/wiki/%E5%B9%B4%E9%BE%84%E6%AD%A7%E8%A7%86
fallacies,1215,zh,https://zh.wikipedia.org/wiki/%E6%96%87%E5%8C%96%E8%87%AA%E5%8D%91
fallacies,1222,zh,https://zh.wikipedia.org/wiki/%E9%80%83%E9%81%BF
fallacies,1223,zh,https://zh.wikipedia.org/wiki/%E5%8E%9F%E5%A7%8B%E4%B8%BB%E4%B9%89
fallacies,1224,zh,https://zh.wikipedia.org/wiki/%E6%96%87%E5%8C%96%E6%8C%AA%E7%94%A8
fallacies,1225,zh,https://zh.wikipedia.org/wiki/%E5%8A%9F%E8%83%BD%E5%9B%BA%E7%9D%80
fallacies,1226,zh,https://zh.wikipedia.org/wiki/%E4%B8%BB%E4%BD%93%E6%80%A7
fallacies,1229,zh,https://zh.wikipedia.org/wiki/%E7%A4%BE%E6%9C%83%E6%9C%9F%E8%A8%B1%E8%AA%A4%E5%B7%AE
fallacies,1230,zh,https://zh.wikipedia.org/wiki/%E7%A4%BE%E4%BC%9A%E6%AF%94%E8%BE%83%E5%81%8F%E8%AF%AF
fallacies,1231,zh,https://zh.wikipedia.org/wiki/%E6%99%95%E8%BD%AE%E6%95%88%E5%BA%94
fallacies,1233,zh,https://zh.wikipedia.org/wiki/%E5%95%A6%E5%95%A6%E9%9A%8A%E6%95%88%E6%87%89
fallacies,1234,zh,https://zh.wikipedia.org/wiki/%E5%BE%9E%E7%9C%BE%E6%95%88%E6%87%89
fallacies,1237,zh,https://zh.wikipedia.org/wiki/%E5%BF%83%E7%90%86%E8%B4%A6%E6%88%B7
fallacies,1241,zh,https://zh.wikipedia.org/wiki/%E8%B2%A8%E5%B9%A3%E5%B9%BB%E8%A6%BA
fallacies,1242,zh,https://zh.wikipedia.org/wiki/%E5%89%A7%E5%9C%BA%E5%B9%BB%E8%B1%A1
fallacies,1247,zh,https://zh.wikipedia.org/wiki/%E9%80%BB%E5%90%84%E6%96%AF%E4%B8%AD%E5%BF%83%E4%B8%BB%E4%B9%89
fallacies,1249,zh,https://zh.wikipedia.org/wiki/%E8%BF%98%E5%8E%9F%E8%AE%BA
fallacies,1250,zh,https://zh.wikipedia.org/wiki/%E5%AE%9E%E8%AF%81%E4%B8%BB%E4%B9%89
fallacies,1253,zh,https://zh.wikipedia.org/wiki/%E8%A1%8C%E4%B8%BA%E4%B8%BB%E4%B9%89_%28%E5%BF%83%E7%90%86%E5%AD%A6%29
fallacies,1254,zh,https://zh.wikipedia.org/wiki/%E9%80%BB%E8%BE%91%E5%AE%9E%E8%AF%81%E4%B8%BB%E4%B9%89
fallacies,1257,zh,https://zh.wikipedia.org/wiki/%E4%B8%BB%E8%A7%82%E5%94%AF%E5%BF%83%E4%B8%BB%E4%B9%89
fallacies,1260,zh,https://zh.wikipedia.org/wiki/%E5%A8%81%E6%9D%83%E4%B8%BB%E4%B9%89
fallacies,1262,zh,https://zh.wikipedia.org/wiki/%E6%BF%80%E8%BF%9B%E6%94%BF%E6%B2%BB
fallacies,1263,zh,https://zh.wikipedia.org/wiki/%E6%A5%B5%E7%AB%AF%E4%B8%BB%E7%BE%A9
fallacies,1266,zh,https://zh.wikipedia.org/wiki/%E5%AE%97%E6%B4%BE%E4%B8%BB%E7%BE%A9
fallacies,1284,zh,https://zh.wikipedia.org/wiki/%E6%84%9F%E5%AF%A6%E6%80%A7
fallacies,1285,zh,https://zh.wikipedia.org/wiki/%E8%A8%B4%E8%AB%B8%E8%A8%80%E8%AB%96%E8%87%AA%E7%94%B1
fallacies,1297,zh,https://zh.wikipedia.org/wiki/%E8%A8%B4%E8%AB%B8%E6%96%B7%E8%A8%80
fallacies,1301,zh,https://zh.wikipedia.org/wiki/%E8%A8%B4%E8%AB%B8%E5%8F%8D%E8%A6%86
fallacies,1303,zh,https://zh.wikipedia.org/wiki/%E8%BF%A6%E5%A4%AA%E5%9F%BA%E5%BF%85%E9%A0%88%E6%AF%80%E6%BB%85
fallacies,1308,zh,https://zh.wikipedia.org/wiki/%E6%AD%B7%E5%8F%B2%E5%90%A6%E5%AE%9A%E4%B8%BB%E7%BE%A9
fallacies,1311,zh,https://zh.wikipedia.org/wiki/%E6%88%88%E5%9F%B9%E5%B0%94%E6%95%88%E5%BA%94
fallacies,1313,zh,https://zh.wikipedia.org/wiki/%E8%BF%B4%E9%81%BF_%28%E5%80%AB%E7%90%86%E5%AD%B8%29
fallacies,1314,zh,https://zh.wikipedia.org/wiki/%E7%B4%85%E9%AF%A1%E9%AD%9A
fallacies,1325,zh,https://zh.wikipedia.org/wiki/%E5%86%A4%E5%86%A4%E7%9B%B8%E6%8A%A5
fallacies,1326,zh,https://zh.wikipedia.org/wiki/%E8%A8%B4%E8%AB%B8%E7%BE%A4%E7%9C%BE
fallacies,1328,zh,https://zh.wikipedia.org/wiki/%E4%B8%8D%E7%9B%B8%E5%B9%B2%E7%9A%84%E8%AC%AC%E8%AA%A4
fallacies,1332,zh,https://zh.wikipedia.org/wiki/%E8%BF%B4%E9%81%BF_%28%E5%80%AB%E7%90%86%E5%AD%B8%29
fallacies,1333,zh,https://zh.wikipedia.org/wiki/%E8%BF%B4%E9%81%BF_%28%E5%80%AB%E7%90%86%E5%AD%B8%29
fallacies,1335,zh,https://zh.wikipedia.org/wiki/%E8%BF%B4%E9%81%BF_%28%E5%80%AB%E7%90%86%E5%AD%B8%29
fallacies,1336,zh,https://zh.wikipedia.org/wiki/%E8%BF%B4%E9%81%BF_%28%E5%80%AB%E7%90%86%E5%AD%B8%29
fallacies,1337,zh,https://zh.wikipedia.org/wiki/%E8%BF%B4%E9%81%BF_%28%E5%80%AB%E7%90%86%E5%AD%B8%29
fallacies,1338,zh,https://zh.wikipedia.org/wiki/%E8%BF%B4%E9%81%BF_%28%E5%80%AB%E7%90%86%E5%AD%B8%29
fallacies,1339,zh,https://zh.wikipedia.org/wiki/%E8%BF%B4%E9%81%BF_%28%E5%80%AB%E7%90%86%E5%AD%B8%29
fallacies,1342,zh,https://zh.wikipedia.org/wiki/%E8%BF%B4%E9%81%BF_%28%E5%80%AB%E7%90%86%E5%AD%B8%29
fallacies,1344,zh,https://zh.wikipedia.org/wiki/%E6%8E%A8%E5%8D%B8%E8%B4%A3%E4%BB%BB
fallacies,1349,zh,https://zh.wikipedia.org/wiki/%E6%97%A0%E9%99%90%E5%80%92%E9%80%80
fallacies,1350,zh,https://zh.wikipedia.org/wiki/%E6%B6%85%E6%A7%83%E8%AC%AC%E8%AA%A4
fallacies,1352,zh,https://zh.wikipedia.org/wiki/%E6%89%A3%E5%B8%BD%E5%AD%90
fallacies,1355,zh,https://zh.wikipedia.org/wiki/%E6%8A%95%E5%B0%84
fallacies,1360,zh,https://zh.wikipedia.org/wiki/%E8%A8%B4%E8%AB%B8%E4%BA%BA%E8%BA%AB
fallacies,1365,zh,https://zh.wikipedia.org/wiki/%E7%A8%BB%E8%8D%89%E4%BA%BA%E8%AB%96%E8%AD%89
fallacies,1371,zh,https://zh.wikipedia.org/wiki/%E8%B5%B7%E6%BA%90%E8%AC%AC%E8%AA%A4
fallacies,1379,zh,https://zh.wikipedia.org/wiki/%E9%9D%9E%E4%BA%BA%E5%8C%96
fallacies,1380,zh,https://zh.wikipedia.org/wiki/%E5%A6%96%E9%AD%94%E5%8C%96
fallacies,1381,zh,https://zh.wikipedia.org/wiki/%E8%A8%B4%E8%AB%B8%E4%BA%BA%E8%BA%AB
fallacies,1382,zh,https://zh.wikipedia.org/wiki/%E8%A8%B4%E8%AB%B8%E5%8B%95%E6%A9%9F
fallacies,1385,zh,https://zh.wikipedia.org/wiki/%E3%80%8C%E9%82%A3%E5%B0%B1%E6%BB%BE%E5%90%A7%E3%80%8D%E8%AC%AC%E8%AA%A4
fallacies,1386,zh,https://zh.wikipedia.org/wiki/%E8%A8%B4%E8%AB%B8%E6%88%90%E5%B0%B1
fallacies,1393,zh,https://zh.wikipedia.org/wiki/%E5%B8%83%E4%BD%9B%E6%B0%8F%E8%AB%96%E8%AD%89
fallacies,1403,zh,https://zh.wikipedia.org/wiki/%E4%BA%BA%E8%BA%AB%E6%94%BB%E6%93%8A
fallacies,1405,zh,https://zh.wikipedia.org/wiki/%E6%89%94%E9%9E%8B
