pk,Text,Text_en,Text_ru,Text_pt,print_and_play,Text_ar,Text_es,Text_zh,Text_fa
Rules_01,"# Argumentum
## L'école des menteurs","# Argumentum
## The school of liars","# Argumentum
## Школа лжецов","# Argumentum
## A Escola dos Mentirosos",,"# Argumentum
## مدرسة الكاذبين","# Argumentum
## La escuela de los mentirosos","# Argumentum
## 说谎者学校","# Argumentum
## مدرسهٔ دروغ‌پردازان"
Rules_02,"*Règles du jeu : de 4 à 8 joueurs*

## Matériel

* 1 paquet de cartes d’arguments fallacieux, organisées en 7 classes de couleurs, chacune répartie en 3 ordres puis en 3 familles.
* 1 paquet de cartes scénario, organisées en 7 thèmes identifiables au dos des cartes.
* 5 cartes mémo.
* Les règles du jeu.
   
## Résumé du jeu

À tour de rôle, les joueurs essaient de faire deviner une carte d’argument fallacieux à une majorité des autres joueurs, au cours d’une saynète improvisée à partir d’un scénario tiré au hasard. Tout en s’amusant, ils apprennent ainsi à reconnaître, à décoder et donc à déconstruire les arguments fallacieux.

Argumentum s’appuie sur une classification de ces arguments fallacieux, rangés en ordres et en familles indiqués en haut de chaque carte. Par exemple, la flatterie est une sous-catégorie de l’appel aux émotions. Les cartes mémo résument cette classification.","*Rules of the game: 4 to 8 players*

## Game material

*   1 deck of fallacy cards organized in 7 color classes, order and families.
*   1 deck of scenario cards organized in 7 families identifiable on their back
*   5 memo cards
*   Game rules

## Game summary

Players will take turns trying to get a majority of other players to guess a spurious argument card during an improvisational skit based on a randomly drawn scenario. While having fun, players learn to recognize, decode and therefore deconstruct fallacious arguments.

Argumentum is based on a classification of fallacious arguments, arranged in orders and families that are indicated at the top of the cards. For example, flattery is a subcategory of the appeal to emotions. Memo cards summarize this classification.","*Правила игры: от 4 до 8 игроков*

## В комплект входит:

* 1 колода карт с псевдоаргументами, разделенными на 7 подгрупп по цветам. Каждая подгруппа делится на 3 класса, а те - на 3 семьи.
* 1 колода карт со сценариями, разделенными на 7 тем.
* 5 карт Мемо
* Правила игры

## Краткое описание игры

Игроки по очереди импровизируют ситуацию по случайной карте сценария, и пытаются сделать так, чтобы большинство угадало, какой псевдоаргумент был использован. Развлекаясь, игроки учатся распознавать, декодировать и, следовательно, обезвреживать ошибочные аргументы.

Игра основана на классификации ошибочных аргументов, расположенных по подгруппам, классам и семьям, которые указаны в верхней части карты. Например, ""Лесть"" - это субкатегория вызова эмоций. Карты Мемо напоминают об этой классификации.","*Regras de jogo: de 4 a 8 jogadores*

## material

* 1 pacote de cartões falaciosos organizados em 7 classes de cores, cada uma dividida em 3 ordens e depois em 3 famílias.
* 1 pacotes de pacotes organizados em 7 temas identificáveis ​​nas costas
* 5 cartões de memorando
* Regras do jogo
   
## Resumo do jogo

Os jogadores, por sua vez, tentarão adivinhar um cartão de argumento falacioso com a maioria dos outros jogadores, durante um SayNet de improvisação de um cenário aleatório. Enquanto se divertem, os jogadores aprendem a reconhecer, decodificar e, portanto, desconstruir os argumentos falaciosos.

Argumentum é baseado na classificação desses argumentos falaciosos, organizados em ordens e famílias que são indicadas no topo do mapa. Por exemplo, a Flatterie é uma sub -categoria da chamada para emoções. Os cartões de memorando resumem essa classificação.",,"*قواعد اللعبة: من 4 إلى 8 لاعبين*

## المواد

* رزمة واحدة من بطاقات الحجج المغلوطة منظَّمة في 7 فئات لونية، موزعة كل منها إلى 3 رتب ثم إلى 3 عائلات.
* رزمة واحدة من بطاقات السيناريو منظَّمة في 7 موضوعات يمكن تمييزها من ظهرها
* 5 بطاقات تذكير
* قواعد اللعبة
   
## ملخص اللعبة

يتناوب اللاعبون على محاولة جعل أغلبية اللاعبين الآخرين تخمّن بطاقةً من بطاقات الحجج المغلوطة، وذلك خلال مشهد تمثيلي مرتجل انطلاقًا من سيناريو يُسحب عشوائيًا. وبذلك، يتعلم اللاعبون في الوقت نفسه، وبطريقة ممتعة، كيف يتعرّفون على الحجج المغلوطة ويفكون شيفرتها، ومن ثم يفككونها.

يرتكز Argumentum على تصنيف لهذه الحجج المغلوطة، مرتبة في رتب وعائلات، ويُشار إليها في أعلى البطاقة. فمثلًا، يُعدّ التملق فئةً فرعية من النداء إلى العواطف. وتلخّص بطاقات التذكير هذا التصنيف.","*Reglas del juego: de 4 a 8 jugadores*

## Material

* 1 mazo de cartas de argumento falaz organizadas en 7 clases de colores, cada una dividida en 3 órdenes y luego en 3 familias.
* 1 mazo de cartas de escenario organizadas en 7 temas identificables en el dorso
* 5 cartas recordatorio
* Reglas del juego
   
## Resumen del juego

Los jugadores, por turnos, intentan hacer adivinar una carta de argumento falaz a la mayoría de los demás jugadores, durante una pequeña escena de improvisación a partir de un escenario elegido al azar. Mientras se divierten, los jugadores aprenden así a reconocer, descifrar y, por tanto, desmontar los argumentos falaces.

Argumentum se apoya en una clasificación de estos argumentos falaces, ordenados en órdenes y familias, que se indican en la parte superior de la carta. Por ejemplo, la adulación es una subcategoría de la apelación a las emociones. Las cartas recordatorio resumen esta clasificación.","*游戏规则：4至8名玩家*

## 材料

* 1副诡辩卡牌，按7种颜色类别组织，每种再分为3个阶层，再分为3个家族。
* 1副情景卡牌，按7个主题组织，背面可识别
* 5张提示卡
* 游戏规则
   
## 游戏概述

玩家将轮流在一段即兴小剧中，利用随机抽取的情景，设法让多数其他玩家猜出一张诡辩卡。这样一边玩，一边学习如何识别、解读，从而拆解诡辩。

Argumentum 依据对这些诡辩的分类体系，将它们按阶层和家族归类，并标注在卡牌顶部。例如，“奉承”是“诉诸情绪”的一个子类别。提示卡对这一分类作了摘要。","*قوانین بازی: از ۴ تا ۸ بازیکن*

## تجهیزات

* ۱ دسته کارتِ استدلال‌های مغالطی که در ۷ ردهٔ رنگی سازمان‌دهی شده‌اند، و هر رده به ۳ مرتبه و سپس به ۳ خانواده تقسیم می‌شود.
* ۱ دسته کارتِ سناریو که در ۷ مضمونِ قابل‌شناسایی از پشت سازمان‌دهی شده‌اند
* ۵ کارتِ یادآور
* قوانین بازی
   
## خلاصهٔ بازی

بازیکنان به نوبت تلاش می‌کنند در خلال یک صحنه‌پردازیِ بداهه، و بر پایهٔ یک سناریوی تصادفی، یک کارتِ استدلالِ مغالطی را به اکثریتِ بازیکنانِ دیگر حدس‌زدنی کنند. بدین‌ترتیب، بازیکنان ضمن سرگرم شدن، یاد می‌گیرند این استدلال‌های مغالطی را تشخیص دهند، رمزگشایی کنند و در نتیجه از هم بگشایند.

Argumentum بر طبقه‌بندیِ این استدلال‌های مغالطی تکیه دارد که بر حسب مرتبه‌ها و خانواده‌ها مرتب شده‌اند و در بالای کارت مشخص شده‌اند. برای نمونه، چاپلوسی زیرمجموعهٔ توسل به احساسات است. کارت‌های یادآور این طبقه‌بندی را به‌اختصار خلاصه می‌کنند."
Rules_03,"## Installation

Selon le nombre de joueurs et le niveau de difficulté souhaité, vous constituez la pioche des cartes d’arguments fallacieux en ajoutant les niveaux indiqués en bas à droite des cartes, par ordre croissant. Il en faut au minimum 7 x le nombre de joueurs.

Vous choisissez la durée de la partie. Celle-ci comprend une succession de manches d’environ 7 minutes. À l’issue du temps imparti, vous terminez la manche en cours : le joueur qui a le plus de points remporte la partie. Mélangez les cartes d’arguments fallacieux, ainsi que les cartes scénario.

Constituez 2 pioches de cartes scénario et placez-les au milieu de la table. Distribuez à chaque joueur 5 cartes d’arguments fallacieux, qu’il garde pour lui. Le reste des cartes constitue la réserve.

Chaque joueur se munit d’un petit objet unique (pièce de monnaie, haricot…) pour le vote. Le premier piocheur est le joueur qui se souvient en premier d’un argument trompeur.","## Installation

Depending on the number of players and the desired level of difficulty, the deck of fallacy cards is built up by adding the levels shown at the bottom right of the cards in ascending order. A minimum of 7 cards per player is required. 

Choose the duration of the game. This includes a succession of rounds of about 7 minutes. At the end of the defined time, finish the current round and the player who has the most points wins the game.

Fallacy cards are shuffled, as well as scenario cards. Two piles of scenario cards are made up and placed in the middle of the table. Each player is dealt 5 fallacy cards which they keep for themselves. The rest of the cards make up the draw pile. 

The first drawer is drawn at random. Each player has a small unique object (coin, bean...) for voting.","


## Начало игры

В зависимости от количества игроков и желаемого уровня сложности, мы раздаем карты ошибочных аргументов, минимум по 7 на игрока. Справа внизу на картах обозначен уровень сложности, вы можете выбирать тот, что нужен вам. 

Далее устанавливаем продолжительность игры. Игра состоит из последовательности раундов продолжительностью около 7 минут. По окончании этого времени мы заканчиваем текущий раунд, и игрок, у которого больше всего очков, выигрывает игру. 


Карты с псевдоаргументами перетасовываем, также и карты сценариев.


Мы делаем 2 стопки карт со сценариями, размещая их в середине стола. Каждый игрок получает 5 карт с ошибочными аргументами, которые он держит при себе. Остальная часть карт составляет резерв.

У каждого игрока есть своя фишка (монета, колечко и т. п.) для голосования. Очко получает тот, кто первым вспомнит название псевдоаргумента.
","## Instalação

Dependendo do número de jogadores e do nível desejado de dificuldade, constituímos o empate dos argumentos falaciosos, adicionando os níveis indicados no canto inferior direito das cartas em ordem crescente. Leva pelo menos 7 x o número de jogadores.

Escolhemos a duração do jogo. Isso inclui uma sucessão de rodadas de cerca de 7 minutos. No final do tempo alocado, terminamos a rodada atual e o jogador que tem mais pontos vence o jogo. Os argumentos falaciosos são misturados, bem como os cartões de cenário.

Constituímos 2 desenhos de cartões de cartão de cenário colocados no meio da mesa. Cada jogador é distribuído a 5 argumentos falaciosos que ele mantém para ele. O restante dos cartões constitui a reserva.

Cada jogador tem um pequeno objeto único (moeda, feijão, etc.) para a votação. O primeiro puxador é quem primeiro se lembra de um argumento enganoso.",,"## الإعداد

بحسب عدد اللاعبين ومستوى الصعوبة المرغوب فيه، تُشكَّل رزمة سحب بطاقات الحجج المغلوطة بإضافة المستويات المشار إليها في أسفل يمين البطاقات تصاعديًا. ويلزم لذلك حدًّا أدنى قدره 7 × عدد اللاعبين.

يُختار زمن اللعب. ويتألف هذا الزمن من تعاقب جولات مدتها نحو 7 دقائق. وعند انتهاء الوقت المخصص، تُستكمل الجولة الجارية، ويحرز اللاعب الذي جمع أكبر عدد من النقاط الفوزَ في اللعبة. وتُخلط بطاقات الحجج المغلوطة، وكذلك بطاقات السيناريو.

تُشكَّل رُزمتان من بطاقات السيناريو وتوضعان في وسط الطاولة. ويُوزَّع على كل لاعب 5 بطاقات من بطاقات الحجج المغلوطة يحتفظ بها لنفسه. أما بقية البطاقات فتشكّل المخزون.

يأخذ كل لاعب معه شيئًا صغيرًا مميزًا وفريدًا (عملة معدنية، حبة فاصوليا...) للتصويت. وأول من يسحب بطاقة هو أول من يتذكر حجةً خادعة.","## Preparación

Según el número de jugadores y el nivel de dificultad deseado, se forma el mazo de cartas de argumentos falaces añadiendo los niveles indicados en la parte inferior derecha de las cartas por orden creciente. Se necesitan al menos 7 x el número de jugadores.

Se decide la duración de la partida. Esta consta de una sucesión de rondas de unos 7 minutos. Al término del tiempo asignado, se termina la ronda en curso y el jugador con más puntos gana la partida. Se barajan las cartas de argumentos falaces, así como las cartas de escenario.

Se forman 2 mazos de cartas de escenario colocados en el centro de la mesa. Se reparten a cada jugador 5 cartas de argumentos falaces que conserva para sí. El resto de las cartas constituye la reserva.

Cada jugador se equipa con un pequeño objeto único (moneda, alubia...) para la votación. El primer jugador en robar es quien recuerde primero un argumento engañoso.","## 设置

根据玩家人数和所需难度，通过按递增顺序加入卡牌右下角标示的等级，来组成谬误论证牌的抽牌堆。所需数量至少为玩家人数的 7 倍。

先决定对局时长。整局由一连串约 7 分钟的回合组成。规定时间结束后，先完成正在进行的这一回合，得分最高的玩家获胜。谬误论证牌和情景牌都要洗匀。

在桌子中央放置 2 堆情景牌。每位玩家发 5 张谬误论证牌，自己保留。其余牌作为备用牌堆。

每位玩家准备一个独一无二的小物件（硬币、豆子等）用于投票。首位抽牌者是第一个想到某个误导性论证的人。","## آماده‌سازی

بسته به تعداد بازیکنان و سطح دشواریِ موردنظر، دستهٔ کارت‌های استدلالِ مغالطه‌آمیز را با افزودنِ سطح‌هایی که در پایینِ سمت راستِ کارت‌ها مشخص شده‌اند، به ترتیبِ صعودی تشکیل می‌دهیم. حداقل به ۷ برابرِ تعدادِ بازیکنان کارت نیاز است.

مدتِ بازی را انتخاب می‌کنیم. بازی شامل رشته‌ای از دورهای حدوداً ۷ دقیقه‌ای است. با پایانِ زمانِ تعیین‌شده، دورِ در جریان را به پایان می‌رسانیم و بازیکنی که بیشترین امتیاز را دارد برندهٔ بازی می‌شود. کارت‌های استدلالِ مغالطه‌آمیز و همچنین کارت‌های سناریو را بُر می‌زنیم.

۲ دستهٔ کارتِ سناریو تشکیل می‌دهیم و آن‌ها را در وسطِ میز قرار می‌دهیم. به هر بازیکن ۵ کارتِ استدلالِ مغالطه‌آمیز می‌دهیم که نزدِ خود نگه می‌دارد. بقیهٔ کارت‌ها ذخیره را تشکیل می‌دهند.

هر بازیکن یک شیء کوچک و منحصربه‌فرد برای رأی‌گیری همراه دارد (سکه، لوبیا، …). نخستین کارت‌کش کسی است که زودتر از همه یک استدلالِ فریبنده را به یاد بیاورد."
Rules_04,"## Déroulé de la manche

### 1. Le piocheur

Le piocheur tire une carte scénario parmi les deux pioches disponibles et la lit à voix haute, à l’exception de la dernière phrase en italique au bas de la carte.

### 2. L’embromador

L’embromador est chargé de conduire l’argumentation du scénario pour illustrer l’une de ses cartes d’argument fallacieux. Son objectif est de faire deviner cette carte à une majorité des autres joueurs.

Le rôle d’embromador est attribué au premier joueur qui pose, face cachée, la carte d’argument fallacieux qu’il compte jouer. À défaut, le joueur à la gauche du piocheur est désigné embromador et pose sa carte.

### 3. La saynète

Le piocheur amorce le débat comme il le souhaite. Il peut reprendre la suggestion de première réplique en italique au bas de la carte scénario. L’embromador et le piocheur disposent alors d’une minute maximum pour improviser une discussion durant laquelle l’embromador tâche d’utiliser le type d’argument indiqué par la carte qu’il a choisie.","## Course of a round

### 1.       The drawer

The drawer draws a scenario card from the two available piles and reads it aloud, except for the last sentence in italics at the bottom of the card.

### 2.       The smooth talker

The Smooth talker will be in charge of leading the argumentation of the scenario, to illustrate one of his fallacious argument cards. His objective will be to make a majority of other players guess this card, without everyone discovering it.

The role of the Smooth talker is assigned to the first player who lays, face down, the fallacy card he intends to play. Otherwise, the player to the left of the drawer is designated as the Smooth talker and places his card.

### 3.       The skit

The drawer starts the debate as he wishes. He can use the suggestion in italics at the bottom of the scenario map. The smooth talker and the drawer then have a maximum of one minute to improvise a discussion during which the smooth talker will try to use the type of argument indicated by the card he has chosen.","# Ход партии
### 1. Ведущий

Ведущий вытягивает карту сценария из одной из колод и читает вслух все за исключением последней фразы внизу карты.

### 2. Болтун

Задача болтуна – проиллюстрировать ситуацию с помощью одного из приемов, фигурирующих на одной из его карт. Его цель будет состоять в том, чтобы большинству других игроков удалось угадать название псевдоаргумента.

Роль болтуна отводится тому, кто первым положит карту с псевдоаргументом, который хочет использовать, текстом вниз. В противном случае болтуном становится игрок слева от ведущего.

### 3. Сценка

Ведущий начинает дебаты, как желает. Он может прочитать  предложение в нижней части карты сценария. Затем у болтуна и ведущего есть максимум минута для импровизации дискуссии, в ходе которой болтун попытается использовать тип аргумента, указанный выбранной им картой.
","# Roll of the English Channel

### 1. o embromador

A gaveta desenha uma carta de cenário das duas escolhas disponíveis e da cama em voz alta, com exceção da última frase em itálico na parte inferior do cartão.

### 2. O embromador

O Embromador será responsável por conduzir o argumento do cenário, para ilustrar um de seus cartões de argumento falacioso. Seu objetivo será adivinhar esta carta para a maioria dos outros jogadores.

O papel de Embromador é designado para o primeiro jogador que posa, em frente a Hidden, o argumento falacioso que ele pretende jogar. Caso contrário, o jogador à esquerda do puxador é designado embromador e coloca seu cartão.

### 3. SayNet

O puxador inicia o debate como ele deseja. Ele pode retomar a sugestão de primeira réplica em itálico na parte inferior do cartão de cenário. O embromador e o puxador têm um minuto máximo para improvisar uma discussão durante a qual o embromador tentará usar o tipo de argumento indicado pelo cartão que ele escolheu.",,"## سير الجولة

### 1.       الساحب

يسحب الساحب بطاقة سيناريو من بين مجموعتي السحب المتاحتين ويقرأها بصوت عالٍ، باستثناء الجملة الأخيرة المكتوبة بالخط المائل في أسفل البطاقة.

### 2.       المراوغ

يتولى المراوغ قيادة المحاججة حول السيناريو، لتجسيد إحدى بطاقات الحُجج المغلوطة لديه. وهدفه أن يجعل أغلبية اللاعبين الآخرين تخمّن هذه البطاقة.

يُسنَد دور المراوغ إلى أول لاعب يضع، مقلوبًا ومخفيًا، بطاقة الحجة المغلوطة التي يعتزم لعبها. وإلا، فإن اللاعب الذي يجلس إلى يسار الساحب يُعيَّن مراوغًا ويضع بطاقته.

### 3.       المشهد التمثيلي

يفتتح الساحب النقاش بالطريقة التي يشاء. ويمكنه أن يستند إلى اقتراح الجملة الأولى المكتوبة بالخط المائل في أسفل بطاقة السيناريو. ثم يُتاح للمراوغ والساحب حدٌّ أقصى قدره دقيقة واحدة لارتجال حوار، يسعى خلاله المراوغ إلى استخدام نوع الحجة المشار إليه في البطاقة التي اختارها. ","## Desarrollo de la ronda

### 1.       Quien roba

Quien roba toma una carta de escenario de entre los dos mazos disponibles y la lee en voz alta, salvo la última frase en cursiva al final de la carta.

### 2.       El embaucador

El embaucador será el encargado de conducir la argumentación del escenario, para ilustrar una de sus cartas de argumento falaz. Su objetivo será hacer adivinar esa carta a la mayoría de los demás jugadores.

El papel de embaucador se asigna al primer jugador que coloca, boca abajo, la carta de argumento falaz que piensa jugar. En su defecto, el jugador a la izquierda de quien roba es designado embaucador y coloca su carta.

### 3.       La escena

Quien roba inicia el debate como quiera. Puede retomar la sugerencia de primera réplica en cursiva al final de la carta de escenario. El embaucador y quien roba disponen entonces de un máximo de un minuto para improvisar una conversación durante la cual el embaucador tratará de utilizar el tipo de argumento indicado por la carta que ha elegido. ","## 本轮流程

### 1.       抽牌者

抽牌者从两个可用牌堆中抽取一张情景牌，并大声朗读，除了牌面底部斜体字的最后一句。

### 2.       花言巧语者

花言巧语者负责推动该情景中的论辩，用来演绎自己的一张谬误论证牌。其目标是让多数其他玩家猜出这张牌。

花言巧语者这一角色由第一个将自己打算使用的谬误论证牌面朝下放出的玩家担任。若无人这样做，则由抽牌者左侧的玩家被指定为花言巧语者，并放出自己的牌。

### 3.       即兴短剧

抽牌者按自己想要的方式引出辩论。也可以采用情景牌底部斜体字中的第一句台词建议。随后，花言巧语者和抽牌者最多有一分钟时间即兴对话，在此期间花言巧语者要尽量使用其所选牌面所示的论证类型。 ","## روند دور

### 1.       کارت‌کش

کارت‌کش یک کارت سناریو را از میان دو دسته‌ی موجود برمی‌دارد و آن را با صدای بلند می‌خواند، به‌استثنای جمله‌ی پایانیِ مورب در پایین کارت.

### 2.       چرب‌زبان

چرب‌زبان مسئول پیش بردن استدلالِ سناریو خواهد بود تا یکی از کارت‌های استدلالِ مغالطه‌آمیز خود را به نمایش بگذارد. هدف او این است که اکثریتِ بازیکنان دیگر این کارت را حدس بزنند.

نقشِ چرب‌زبان به نخستین بازیکنی داده می‌شود که کارتِ استدلالِ مغالطه‌آمیزی را که قصد بازی کردنش را دارد، به‌صورتِ رو به پایین می‌گذارد. در غیر این صورت، بازیکنِ سمت چپِ کارت‌کش به‌عنوان چرب‌زبان تعیین می‌شود و کارت خود را می‌گذارد.

### 3.       نمایش کوتاه

کارت‌کش بحث را هرطور که بخواهد آغاز می‌کند. او می‌تواند پیشنهادِ نخستین جمله‌ی مورب در پایینِ کارت سناریو را به کار بگیرد. سپس چرب‌زبان و کارت‌کش حداکثر یک دقیقه فرصت دارند تا گفت‌وگویی بداهه اجرا کنند؛ در این مدت، چرب‌زبان تلاش می‌کند از نوع استدلالی که کارتِ انتخابی‌اش مشخص کرده استفاده کند. "
Rules_05,"L’embromador expose ses arguments et le piocheur lui donne la réplique sans chercher à dominer la scène. L’embromador peut écourter la saynète quand il le souhaite.

### 4. Le jury

Tous les joueurs, sauf l’embromador, constituent le jury, piocheur compris. À la fin de la saynète, chaque juré choisit, parmi ses propres cartes, celle qui se rapproche le plus de l’argumentation entendue et la pose face cachée avec celle de l’embromador. À 3 ou 4 joueurs, les jurés choisissent 2 cartes.

L’embromador ramasse les cartes, les mélange et les révèle au milieu de la table. Les jurés prennent connaissance des cartes révélées ; un juré peut les lire à haute voix. Chaque juré lève le doigt pour signaler qu’il est prêt à voter.

Quand le jury est prêt, sans concertation, chacun de ses membres désigne simultanément la carte qu’il pense avoir été jouée par l’embromador, en y posant son petit objet unique (ou, à défaut, son doigt).

### 5. Le décompte

Le vainqueur de la manche est celui dont la carte a obtenu le plus grand nombre de votes, qu’il s’agisse de l’embromador ou d’un membre du jury (🥇👇👇…➜🏆).
Il garde alors sa carte, qui vaut 1 point, et la pose face visible devant lui.","The smooth talker presents his arguments and the drawer gives him the reply. The smooth talker can choose to shorten the skit at any time.

### 4.       The jury

All players except the smooth talker, but including the drawer, make up the jury. At the end of the skit, each member of the jury chooses among his own cards the one that comes closest to the argument heard and puts it face down with the one of the smooth talker. The latter picks up the cards, shuffles them and reveals them in the middle of the table.

The members of the jury take note of the revealed cards, one of them can read them out loud. When the jury is ready, without consultation, each of its members simultaneously designates the card that he thinks has been played by the smooth talker by placing his unique small object on it.

### 5.       The points count

If the smooth talker's card is designated by the whole jury, each draw a card except the smooth talker. His left neighbor becomes the next drawer.

Otherwise, the winner of the round is the one whose card has obtained the most votes, either as a smooth talker or as a member of the jury. ","Болтун демонстрирует свои аргументы, и ведущий отвечает ему, не стремясь доминировать на сцене. Болтун может остановить сценку, когда пожелает.

### 4. Жюри

Все игроки, за исключением болтуна, но включая ведущего, составляют жюри. В конце сценки каждый выбирает среди своих собственных карт те, что ближе к услышанному аргументу, и кладут их текстом вниз рядом с картой болтуна. Если играет 3-4 человека, то они кладут по 2 карты.

Болтун берет карты, смешивает их и раскрывает на середине стола. Все участники читают карты, ведущий может прочитать их вслух. Каждый из участников подает сигнал, чтобы указать, когда он готов проголосовать.

Когда участники готовы, без обсуждения, все одновременно кладут свою фишку на ту карту, которую, по их мнению, играл болтун. Если фишек нет, то они указывают на выбранную карту пальцем. 

### 5. Подсчет очков

Победителем этого круга является тот, чья карта получила наибольшее количество голосов, это может быть болтун или кто-то из игроков (🥇👇👇… ➜).
Победивший оставляет карту себе и кладет ее перед собой лицом вверх. Он получил 1 очко. 
","O embromador exibe seus argumentos e o puxador lhe dá a réplica sem tentar dominar a cena. O Embromador pode optar por reduzir o Saynet quando desejar.

### 4. O júri

Todos os jogadores com exceção do embromador, mas incluídos, constituem o júri. No final do Saynet, cada jurado escolhe entre seus próprios cartões que estão mais próximos do argumento ouvido e a instalação está escondida com a do embromador. Com 3 ou 4 jogadores, os jurados escolhem 2 cartas.

O embromador pega os cartões, os mistura e os revela no meio da mesa. Os jurados tomam nota dos cartões revelados, um jurado pode lê -lo em voz alta. Cada um dos jurados levanta o dedo para apontar quando estiver pronto para votar.

Quando o júri estiver pronto, sem consulta, cada um de seus membros designa simultaneamente o cartão que ele acha que foi interpretado pelo embromador, posando, é um pequeno objeto único (ou falhando que colocando o dedo).

### 5. A contagem

O vencedor do canal é aquele cujo cartão obteve o maior número de votos, embromador ou membro do júri (🥇👇👇… ➜).
Ele então mantém seu cartão, que vale 1 ponto e o rosto visível e deitado na frente dele.",,"المراوغ يَعرِض حججه، ويُعارِضه الساحب من دون أن يسعى إلى السيطرة على المشهد. ويجوز للمراوغ أن يختصر المشهد متى شاء.

### 4.       هيئة المحلّفين

جميع اللاعبين باستثناء المراوغ، بما في ذلك الساحب، يشكّلون هيئة المحلّفين. في نهاية المشهد، يختار كل محلف من بين بطاقاته الخاصة البطاقة التي تقترب أكثر ما يكون من المحاججة التي سمعها، ويضعها مقلوبةً مع بطاقة المراوغ. وعند 3 أو 4 لاعبين، يختار المحلفون بطاقتين.

يجمع المراوغ البطاقات، ويخلطها ثم يكشفها في وسط الطاولة. يطّلع المحلفون على البطاقات المكشوفة، ويمكن لأحد المحلفين أن يتلوها بصوت عالٍ. ويرفع كل واحد من المحلفين إصبعه للدلالة على أنه مستعد للتصويت.

عندما تكون هيئة المحلّفين مستعدة، ومن دون تشاور، يعيّن كل عضو فيها في الوقت نفسه البطاقة التي يظن أنها كانت هي البطاقة التي لعبها المراوغ، وذلك بوضع غرضه الصغير المميز عليها (أو، عند عدم توافره، بوضع إصبعه عليها).

### 5.       احتساب النقاط

الفائز بالجولة هو صاحب البطاقة التي نالت أكبر عدد من الأصوات، سواء كان المراوغ أو أحد أعضاء هيئة المحلّفين (🥇👇👇…➜🏆). 
وعندئذٍ يحتفظ ببطاقته التي تساوي نقطة واحدة، ويضعها أمامه مكشوفة.","El embromador expone sus argumentos y el robador le responde sin intentar monopolizar la escena. El embromador puede optar por acortar la escena cuando quiera.

### 4.       El jurado

Todos los jugadores, salvo el embromador, pero incluido el robador, constituyen el jurado. Al final de la escena, cada jurado elige entre sus propias cartas aquella que mejor se acerca a la argumentación escuchada y la coloca boca abajo junto con la del embromador. A 3 o 4 jugadores, los jurados eligen 2 cartas.

El embromador recoge las cartas, las mezcla y las revela en el centro de la mesa. Los jurados toman conocimiento de las cartas reveladas; un jurado puede leerlas en voz alta. Cada uno de los jurados levanta el dedo para indicar cuándo está listo para votar.

Cuando el jurado esté listo, sin ponerse de acuerdo, cada uno de sus miembros señala simultáneamente la carta que cree que ha sido jugada por el embromador, colocando sobre ella su pequeño objeto único (o, en su defecto, poniendo el dedo).

### 5.       El recuento

El vencedor de la ronda es aquel cuya carta haya obtenido el mayor número de votos, embromador o miembro del jurado (🥇👇👇…➜🏆). 
Entonces se queda con su carta, que vale 1 punto, y la coloca boca arriba delante de él.","扯皮者陈述自己的论点，抽牌者则与之接话，但不刻意争夺舞台主导权。扯皮者可以在任何时候选择提前结束短剧。

### 4.       评审团

除扯皮者外的所有玩家（包括抽牌者）都构成评审团。短剧结束时，每位评审从自己的手牌中选出一张最接近刚才听到的论证的牌，并与扯皮者的牌一起面朝下放出。若为 3 人或 4 人游戏，评审需选择 2 张牌。

扯皮者收起这些牌，洗混后将它们翻开，放在桌子中央。评审们先查看这些公开的牌，也可以由其中一位评审大声读出。每位评审在准备好投票时举手示意。

当评审团准备就绪后，无需商量，每位成员同时指出自己认为是扯皮者打出的那张牌，并把自己的小独特物件放在该牌上（或者在无法使用物件时，用手指指向它）。

### 5.       计分

本轮获胜者是其牌获得最多票数的人，无论是扯皮者还是评审团成员（🥇👇👇…➜🏆）。
然后他保留这张牌，计 1 分，并将其正面朝上放在自己面前。","چرب‌زبان استدلال‌هایش را مطرح می‌کند و کارت‌کش بدون آن‌که بخواهد صحنه را در اختیار بگیرد به او پاسخ می‌دهد. چرب‌زبان می‌تواند هر زمان که بخواهد نمایش کوتاه را زودتر تمام کند.

### 4.       هیئت داوران

همه‌ی بازیکنان به‌جز چرب‌زبان، اما از جمله کارت‌کش، هیئت داوران را تشکیل می‌دهند. در پایانِ نمایش کوتاه، هر داور از میان کارت‌های خودش کارتی را برمی‌گزیند که بیشترین نزدیکی را به استدلال شنیده‌شده دارد و آن را همراه با کارتِ چرب‌زبان به‌صورت رو به پایین می‌گذارد. در بازیِ 3 یا 4 نفره، داوران 2 کارت برمی‌گزینند.

چرب‌زبان کارت‌ها را جمع می‌کند، آن‌ها را مخلوط می‌کند و در وسط میز رو می‌کند. داوران کارت‌های رو شده را بررسی می‌کنند؛ یک داور می‌تواند آن‌ها را با صدای بلند بخواند. هر یک از داوران برای اعلام آمادگیِ خود برای رأی‌دادن، انگشتش را بالا می‌برد.

وقتی هیئت داوران آماده شد، بدون هیچ مشورتی، هر یک از اعضا هم‌زمان کارتی را که فکر می‌کند توسط چرب‌زبان بازی شده است با گذاشتنِ شیء کوچکِ منحصربه‌فردِ خود روی آن مشخص می‌کند (یا در صورت نبودِ آن، با گذاشتنِ انگشت).

### 5.       شمارش امتیاز

برنده‌ی دور کسی است که کارتش بیشترین تعداد رأی را به‌دست آورده باشد، چه چرب‌زبان باشد چه یکی از اعضای هیئت داوران (🥇👇👇…➜🏆). 
سپس کارت خود را که 1 امتیاز دارد نگه می‌دارد و آن را به‌صورت رو به بالا جلوی خود می‌گذارد."
Rules_06,"En cas d’égalité (🥈👇👇≟🥈👇👇), l’embromador l’emporte (✅🎭➜🎭🏆). À défaut (❌🎭), les jurés plébiscités qui ont trouvé la carte de l’embromador sont tous déclarés vainqueurs (✅👇🎭➜👇🏆). Si aucun des jurés concernés ne l’a trouvée, l’embromador l’emporte (❌👇🎭➜🎭🏆).

### 6. Les pioches

Une fois le vainqueur désigné, les joueurs piochent dans la réserve un certain nombre de cartes :

* Le vainqueur de la manche ne pioche pas de nouvelle carte. (✅🏆➜❌0🎴)
* Tous les autres joueurs piochent une carte (❌🏆➜✅1🎴), ou 2 cartes à 3 ou 4 joueurs.
* Les membres du jury qui ont obtenu des votes piochent une carte de plus. (✅🧲👇➜✅ 1🎴)
* Les jurés qui ont trouvé la carte de l’embromador piochent une carte de plus. (✅👇🎭➜✅ 1🎴)
* Les cartes jouées sont remises dans la réserve.
* Le voisin de gauche du vainqueur devient le piocheur de la manche suivante.

## Variantes :

* Si la carte de l’embromador est désignée par l’ensemble du jury, il ne remporte pas la manche ; chacun pioche une carte dans la réserve, à l’exception de l’embromador.
* Au cours de la saynète, n’importe quel membre du jury peut utiliser une carte de son jeu pour intervenir dans le rôle du piocheur. Si son intervention illustre bien sa carte, il en repioche une et sera désigné comme prochain piocheur ; sinon, il perd sa carte et la partie reprend son cours.
* Le piocheur a le droit de désigner directement l’embromador de la manche.
* Si le piocheur gagne, il gagne également la carte de l’embromador.
* L’embromador peut poser plusieurs cartes. Autant de vainqueurs qu’il y a de cartes ayant obtenu le plus grand nombre de votes sont déclarés ; l’embromador peut ainsi remporter tout ou partie de ses cartes.
* Le vainqueur de la partie doit incarner l’embromador dans un ultime scénario où il doit mettre en jeu toutes les cartes qu’il a gagnées au cours de la partie.","He scores 3 points. He does not draw a new card. In the event of a tie, the players who have found the card of the smooth talker are declared winners, and failing that the smooth talker wins.

With the exception of the winner, each player earns 1 point if their card has been chosen by at least one member of the jury and another point if they have found the smooth talker's card. The other players, including the smooth talker if he has not won the round, draw a card. Played cards are returned to the deck.

The winner's left-hand neighbour becomes the drawer for the next round.

## Variants :

*        During the sketch, any member of the jury can use a card from his game to intervene in the role of the picker. If his intervention illustrates his card well, he picks up one and will be designated the next picker, otherwise, he loses his card and the game resumes its court.
*        The drawer has the right to directly designate the smooth talker for the round.        
*        The winner of the game has to play the smooth talker for a final scenario where he has to play all the cards he won during the game.","В случае равного количества голосов (🥈👇👇≟🥈👇👇) побеждает болтун (✅🎭➜🎭🏆), в противном случае (❌🎭), победителями объявляются те, кто угадал карту болтуна (✅👇 🎭 ➜👇🏆). Если никто не угадал карту, то выигрывает болтун. 

### 6 Колоды 

После того, как победитель был определен, игроки берут из колоды по несколько карт: 

* Победитель раунда не берет новую карту. (✅🏆➜❌0🎴) 
* Все остальные игроки берут из колоды по 1 карте (❌🏆 бренди ❌🏆1🎴) или по 2 карты, если играют втроем или вчетвером.  
* Игроки, получившие голоса, берут еще по одной карте  (✅🧲👇➜✅+1🎴) 
* Игроки, которые угадали карту болтуна, берут еще по одной карте (✅👇🎭➜✅+1🎴) 
* Сыгранные карты возвращаются в резерв. 
* Игрок слева от победителя становится ведущим следующего раунда. 

## Варианты: 

*Если карта Болтуна угадана всеми игроками, он не выигрывает раунд, каждый берет по карте из резерва, за исключением болтуна. 
* Во время сценки любой игрок может использовать свою карту и ответить от лица ведущего. Если его реплика была меткой, он берет еще одну карту и будет назначен следующим ведущим, если нет, он теряет свою карту, и игра продолжается. 
*Ведущий имеет право напрямую назначать кого-то болтуном. 
* Если ведущий выиграет, он забирает также и карту болтуна. 
* Победителем всей игры будет болтун, разыгравший в последнем сценарии все карты, которые он забрал в ходе партии. 

Болтун демонстрирует свои аргументы, и ведущий отвечает ему, не стремясь доминировать на сцене. Болтун может остановить сценку, когда пожелает.
","No caso de igualdade (🥈👇👇≟🥈👇👇), o embromador prevalece (✅🎭➜🎭🏆 ✅🎭➜🎭🏆 ✅🎭➜🎭🏆), e falhando nisso (❌🎭), os jurados aclamados que encontraram o cartão Embromador são todos declarados vitoriosos (✅👇 ✅👇 🎭 Marca). Se nenhum dos jurados em questão o encontrou, é o embromador que ganha (marca).

### 6. Escolhas

Depois que o vencedor for designado, os jogadores desenham uma série de cartas na reserva:

* O vencedor do canal não desenha uma nova carta. (✅🏆Eceds0🎴)
* Todos os outros jogadores desenham uma carta (❌🏆 Brandies ❌🏆1🎴) ou 2 cartas em 3 ou 4 jogadores
* Os membros do júri que obtiveram votos desenham mais uma carta (✅🧲👇➜✅+1🎴)
* Os jurados que encontraram o cartão Embromador desenham mais uma carta (✅👇🎭➜✅+1🎴)
* As cartas jogadas são devolvidas à reserva.
* O vizinho esquerdo do vizinho se torna o próximo cabo da próxima rodada.

## variantes:

*Se o cartão Embromador for designado por todo o júri, ele não ganha a rodada, cada um desenhe uma carta na reserva, exceto o embromador.
* Durante o Saynet, qualquer membro do júri pode usar uma carta de seu jogo para intervir no papel de pickaxe. Se sua intervenção ilustrar bem o cartão, ele reipoca um e será nomeado a próxima picareta, se não, ele perde o cartão e o jogo assume sua quadra.
* Picher tem o direito de designar diretamente o embromador do canal.
* Se o puxador vencer, ele também vence o cartão Embromador.
* O embromador pode definir vários cartões. Muitos vencedores de votação são declarados, o Embromador que pode ganhar todas ou parte de suas cartas.
* O vencedor do jogo deve incorporar o embromador de um cenário final, onde ele deve colocar em jogo todas as cartas que ganhou durante o jogo.",,"في حال التعادل (🥈👇👇≟🥈👇👇)، يفوز المراوغ (✅🎭➜🎭🏆)، وإذا لم يحدث ذلك (❌🎭)، فإن المحلفين الذين أصابوا واختاروا بطاقة المراوغ يُعلَنون جميعًا فائزين (✅👇🎭➜👇🏆). وإذا لم يعثر أيٌّ من المحلفين المعنيين عليها، يفوز المراوغ (❌👇🎭➜🎭🏆).

### 6.       السحوبات

بعد تحديد الفائز، يسحب اللاعبون من الرصيد عددًا معينًا من البطاقات:

* الفائز بالجولة لا يسحب بطاقة جديدة. (✅🏆➜❌0🎴)
* جميع اللاعبين الآخرين يسحبون بطاقة واحدة (❌🏆➜✅1🎴)، أو بطاقتين عند 3 أو 4 لاعبين
* أعضاء هيئة المحلّفين الذين حصلوا على أصوات يسحبون بطاقة إضافية (✅🧲👇➜✅ 1🎴)
* المحلفون الذين وجدوا بطاقة المراوغ يسحبون بطاقة إضافية (✅👇🎭➜✅ 1🎴)
* تُعاد البطاقات التي استُخدمت إلى الرصيد.
* يصبح الجار الأيسر للفائز هو الساحب في الجولة التالية.

## بدائل:

*إذا حدّدت هيئة المحلّفين بأكملها بطاقة المراوغ، فإنه لا يفوز بالجولة، ويسحب كل لاعب بطاقة من الرصيد باستثناء المراوغ.
* خلال المشهد، يمكن لأي عضو من هيئة المحلّفين أن يستخدم بطاقة من يده للتدخل في دور الساحب. فإذا جسّد تدخّله بطاقته على نحو جيّد، يسحب بطاقة أخرى ويُعيَّن الساحب التالي، وإلا خسر بطاقته واستمرّت اللعبة من حيث توقفت.
* يحقّ للساحب أن يعيّن مباشرةً المراوغ الخاص بالجولة.
* إذا فاز الساحب، فإنه يفوز أيضًا ببطاقة المراوغ.
* يجوز للمراوغ أن يضع عدة بطاقات. ويُعلَن عدد من الفائزين يساوي عدد الأصوات، وقد يفوز المراوغ بكل بطاقاته أو ببعضها.
* يجب على الفائز باللعبة أن يتقمّص دور المراوغ في سيناريو أخير، حيث يتعيّن عليه إخراج جميع البطاقات التي ربحها خلال اللعبة.","En caso de empate (🥈👇👇≟🥈👇👇), gana el embromador (✅🎭➜🎭🏆), y en su defecto (❌🎭), los jurados más votados que hayan encontrado la carta del embromador son declarados vencedores todos ellos (✅👇🎭➜👇🏆). Si ninguno de los jurados implicados la ha encontrado, es el embromador quien gana (❌👇🎭➜🎭🏆).

### 6.       Los mazos

Una vez designado el vencedor, los jugadores roban de la reserva un cierto número de cartas:

* El vencedor de la ronda no roba ninguna carta nueva. (✅🏆➜❌0🎴)
* Todos los demás jugadores roban una carta (❌🏆➜✅1🎴), o 2 cartas con 3 o 4 jugadores
* Los miembros del jurado que hayan obtenido votos roban una carta más (✅🧲👇➜✅ 1🎴)
* Los jurados que hayan encontrado la carta del embromador roban una carta más (✅👇🎭➜✅ 1🎴)
* Las cartas jugadas se devuelven a la reserva.
* El vecino de la izquierda del vencedor se convierte en el robador de la siguiente ronda.

## Variantes :

*Si la carta del embromador es señalada por todo el jurado, no gana la ronda, cada uno roba una carta de la reserva salvo el embromador.
* Durante la escena, cualquier miembro del jurado puede usar una carta de su mano para intervenir en el papel del robador. Si su intervención ilustra bien su carta, roba otra y será designado el siguiente robador; si no, pierde su carta y la partida reanuda su curso.
* El robador tiene derecho a designar directamente al embromador de la ronda.
* Si gana el robador, también se lleva la carta del embromador.
* El embromador puede jugar varias cartas. Se declaran tantos vencedores como votos haya; el embromador puede llevarse todas o parte de sus cartas.
* El vencedor de la partida deberá encarnar al embromador de un último escenario en el que tendrá que poner en juego todas las cartas que haya ganado durante la partida.","若出现平票（🥈👇👇≟🥈👇👇），则扯皮者获胜（✅🎭➜🎭🏆）；若非如此（❌🎭），所有猜中扯皮者牌面的中选评审都被宣布为获胜者（✅👇🎭➜👇🏆）。如果相关评审中没有人猜中，则由扯皮者获胜（❌👇🎭➜🎭🏆）。

### 6.       补牌

一旦获胜者确定，玩家便从牌库中抽取若干张牌:

* 本轮获胜者不抽新牌。 (✅🏆➜❌0🎴)
* 其他所有玩家抽 1 张牌（❌🏆➜✅1🎴），或在 3 人或 4 人游戏中抽 2 张牌
* 获得投票的评审团成员额外抽 1 张牌（✅🧲👇➜✅ 1🎴)
* 猜中扯皮者牌面的评审额外抽 1 张牌（✅👇🎭➜✅ 1🎴)
* 已打出的牌放回牌库。
* 获胜者左侧的邻座成为下一轮的抽牌者。

## 变体：

*如果全体评审都指认出扯皮者的牌，则他不能赢得本轮，除扯皮者外每位玩家都从牌库抽 1 张牌。
* 在短剧进行过程中，评审团中的任何成员都可以打出自己手牌中的一张牌，以抽牌者的身份插话。如果他的插话确实很好地体现了该牌内容，他就再抽 1 张牌，并成为下一位抽牌者；否则，他失去这张牌，游戏继续进行。
* 抽牌者有权直接指定本轮的扯皮者。
* 如果抽牌者获胜，他也会赢得扯皮者的牌。
* 扯皮者可以打出多张牌。会按照获得投票的数量宣布相应数量的获胜者，扯皮者可以赢走自己全部或部分牌。
* 本局最终胜者必须扮演终极情景中的扯皮者，在该情景中他必须打出自己整局游戏中赢得的所有牌。","در صورت تساوی (🥈👇👇≟🥈👇👇)، چرب‌زبان برنده می‌شود (✅🎭➜🎭🏆)، و در غیر این صورت (❌🎭)، داورانِ پررأی که کارتِ چرب‌زبان را درست تشخیص داده‌اند همگی برنده اعلام می‌شوند (✅👇🎭➜👇🏆). اگر هیچ‌یک از داورانِ مربوطه آن را درست تشخیص نداده باشند، چرب‌زبان برنده می‌شود (❌👇🎭➜🎭🏆).

### 6.       برداشت کارت‌ها

پس از تعیین برنده، بازیکنان از ذخیره تعداد مشخصی کارت برمی‌دارند:

* برنده‌ی دور کارت جدیدی برنمی‌دارد. (✅🏆➜❌0🎴)
* همه‌ی بازیکنان دیگر یک کارت برمی‌دارند (❌🏆➜✅1🎴)، یا در بازیِ 3 یا 4 نفره 2 کارت
* اعضای هیئت داورانی که رأی گرفته‌اند یک کارتِ اضافه برمی‌دارند (✅🧲👇➜✅ 1🎴)
* داورانی که کارتِ چرب‌زبان را درست تشخیص داده‌اند یک کارتِ اضافه برمی‌دارند (✅👇🎭➜✅ 1🎴)
* کارت‌های بازی‌شده به ذخیره بازگردانده می‌شوند.
* همسایه‌ی سمت چپِ برنده، کارت‌کشِ دور بعدی می‌شود.

## گونه‌ها:

*اگر کارتِ چرب‌زبان به‌وسیله‌ی همه‌ی هیئت داوران تشخیص داده شود، او دور را نمی‌برد و همه به‌جز چرب‌زبان یک کارت از ذخیره برمی‌دارند.
* در طولِ نمایش کوتاه، هر عضو هیئت داوران می‌تواند از کارت‌های خود استفاده کند و در نقشِ کارت‌کش وارد بحث شود. اگر مداخله‌اش کارتِ خودش را خوب نشان دهد، یک کارت دیگر می‌کشد و به‌عنوان کارت‌کشِ بعدی تعیین می‌شود؛ در غیر این صورت، کارت خود را از دست می‌دهد و بازی از سر گرفته می‌شود.
* کارت‌کش حق دارد مستقیماً چرب‌زبانِ دور را تعیین کند.
* اگر کارت‌کش برنده شود، کارتِ چرب‌زبان را هم می‌برد.
* چرب‌زبان می‌تواند چند کارت بگذارد. به تعدادِ رأی‌ها، چند برنده اعلام می‌شوند و چرب‌زبان می‌تواند همه یا بخشی از کارت‌هایش را ببرد.
* برنده‌ی بازی باید در نقشِ چرب‌زبانِ یک سناریوی نهایی ظاهر شود که در آن باید همه‌ی کارت‌هایی را که طی بازی به‌دست آورده، به میدان بیاورد."
Rules_07,"# Argumentum
## Le Bingo mixologie argumentative","# Argumentum
## The school of liars","# Argumentum
## Школа лжецов","# Argumentum
## a mixologia de bingo argumentativa",,"# Argumentum
## بينغو الخلط البلاغي الحِجاجي","# Argumentum
## El bingo de la mixología argumentativa","# Argumentum
## 论证调配宾果","# Argumentum
## بینگوی میکسولوژی استدلالی"
Rules_08,"*Règles du jeu : de 1 à 20 joueurs*

## Matériel

* 1 débat ou 1 discours auquel les joueurs vont assister ensemble et qui pourra faire l’objet d’un revisionnage.
* De quoi prendre des notes et un moyen de noter le temps écoulé depuis le début du débat.
* 1 ou plusieurs paquets de cartes d’arguments fallacieux.

## Résumé du jeu

Munis d’une grille de bingo constituée de cartes d’arguments fallacieux tirées au sort, les joueurs tâchent de repérer celles qui sont illustrées pendant le débat.
À la fin du débat, le joueur qui a repéré le plus grand nombre d’arguments fallacieux, après validation par une majorité des autres joueurs, remporte la partie.

## Installation

On répartit au hasard l’ensemble des cartes d’arguments fallacieux disponibles entre tous les joueurs, à hauteur de 10 cartes par personne.
Chaque joueur prend connaissance de ses cartes, les dispose en essayant de les garder au mieux en tête, puis s’installe pour assister au débat.","*Game rules: from 1 to 20 players*

## Material

* 1 debate or 1 speech to which the players will attend together and which can be revised.
* Enough to take notes, and a way to note the time elapsed since the start of the debate.
* 1 or more packages of fallacious argument cards

   
## Summary of the game

Equipped with a bingo grid made up of the fallacious arguments drawn, the players will try to identify those of their illustrated cards during the debate.
Under the terms of the debate, the player who has spotted the greatest number of fallacious arguments, after validation by a majority of other players, wins the game.

## Facility

We have randomly divide all the fallacious arguments available between all players, up to 10 cards per person.
Each player takes note of his cards, has them by ensuring that they keep them in mind, and settles down to attend the debate.","*Правила игры: от 1 до 20 игроков*

## Потребуется: 

* Дебаты или выступление, которое игроки будут смотреть вместе, и которое можно переслушать.
* Бумага для записи и способ засечь время, прошедшее с начала дебатов.
* 1 или более комплектов карт с псевдоаргументами.

   
## Краткое содержание игры

Игроки берут равное количество карт с псевдоаргументами каждый и во время просмотра попытается во время дебатов обнаружить иллюстрации этих приемов.
Игрок, который заметил наибольшее количество ошибочных аргументов, после проверки другими игроками объявляется победителем. 

## Начало игры

Мы случайным образом распределяем все ошибочные аргументы между всеми игроками, например, по 10 карт на человека.
Каждый игрок смотрит в свои карты, после этого начинается трансляция дебатов. ","*Regras de jogo: de 1 a 20 jogadores*

## material

* 1 debate ou 1 discurso para o qual os jogadores comparecerão juntos e que podem ser revisados.
* O suficiente para fazer anotações e uma maneira de observar o tempo decorrido desde o início do debate.
* 1 ou mais pacotes de cartões de argumento falaciosos

   
## Resumo do jogo

Equipados com uma grade de bingo composta pelos argumentos falaciosos desenhados, os jogadores tentarão identificar os de suas cartas ilustradas durante o debate.
Sob os termos do debate, o jogador que viu o maior número de argumentos falaciosos, após a validação da maioria dos outros jogadores, vence o jogo.

## Instalação

Dividimos aleatoriamente todos os argumentos falaciosos disponíveis entre todos os jogadores, até 10 cartas por pessoa.
Cada jogador obtém nota de suas cartas, garantindo -as que eles tenham em mente e se estabelecem para participar do debate.",,"*قواعد اللعبة: من 1 إلى 20 لاعبًا*

## المواد

* مناظرة واحدة أو خطاب واحد سيحضره اللاعبون معًا ويمكن إعادة مشاهدته.
* ما يلزم لتدوين الملاحظات، ووسيلة لتسجيل الزمن المنقضي منذ بداية المناظرة.
* مجموعة واحدة أو أكثر من بطاقات الحجج المغلوطة

   
## ملخص اللعبة

مسلحين بشبكة بينغو تتكوّن من بطاقات الحجج المغلوطة المسحوبة عشوائيًا، سيحاول اللاعبون رصد البطاقات المصوَّرة المطابقة لها أثناء المناظرة. 
في ختام المناظرة، يفوز اللاعب الذي يكون قد رصد أكبر عدد من الحجج المغلوطة، بعد اعتماد ذلك من أغلبية اللاعبين الآخرين.

## الإعداد

تُقسَّم عشوائيًا جميع بطاقات الحجج المغلوطة المتاحة بين اللاعبين جميعًا، بمعدل 10 بطاقات لكل شخص.
يطلع كل لاعب على بطاقاته، ويضعها أمامه مع الحرص على إبقائها قدر الإمكان في ذاكرته، ثم يستقر لمتابعة المناظرة.","*Reglas del juego: de 1 a 20 jugadores*

## Material

* 1 debate o 1 discurso al que los jugadores asistirán juntos y que podrá revisarse más tarde.
* Material para tomar notas y un medio para anotar el tiempo transcurrido desde el inicio del debate.
* 1 o varios mazos de cartas de falacias argumentativas

   
## Resumen del juego

Munidos de una cuadrícula de bingo formada por las cartas de falacias argumentativas sorteadas, los jugadores tratarán de identificar las que aparecen en sus cartas ilustradas durante el debate. 
Al término del debate, el jugador que haya identificado el mayor número de falacias argumentativas, tras la validación por parte de la mayoría de los demás jugadores, gana la partida.

## Preparación

Se reparte al azar el conjunto de cartas de falacias argumentativas disponibles entre todos los jugadores, a razón de 10 cartas por persona.
Cada jugador toma conocimiento de sus cartas, las coloca procurando tenerlas lo mejor posible en mente y se dispone a asistir al debate.","*游戏规则：1至20名玩家*

## 材料

* 1场辩论或1场演讲，所有玩家将一起观看，并且可以回放复看。
* 记录用的东西，以及一种记录自辩论开始以来所经过时间的方法。
* 1套或多套谬误论证卡牌

   
## 游戏简介

玩家手持一张由随机抽取的谬误论证卡牌组成的宾果表，在辩论过程中设法找出对应于自己图示卡牌的内容。
辩论结束时，经其他玩家多数确认后，找出最多谬误论证的玩家获胜。

## 准备

将现有的所有谬误论证卡牌随机分给所有玩家，每人10张。
每位玩家查看自己的卡牌，将其摆好并尽量记住，然后坐好准备观看辩论。","*قوانین بازی: ۱ تا ۲۰ بازیکن*

## وسایل

* ۱ مناظره یا ۱ سخنرانی که بازیکنان قرار است همگی با هم تماشا کنند و امکان بازبینی دوبارهٔ آن هم وجود داشته باشد.
* وسیله‌ای برای یادداشت‌برداری، و ابزاری برای ثبت زمانِ سپری‌شده از آغاز مناظره.
* ۱ یا چند دسته از کارت‌های استدلالِ مغالطه‌آمیز

   
## خلاصهٔ بازی

بازیکنان با در دست داشتن یک جدول بینگو که از کارت‌های استدلالِ مغالطه‌آمیزِ به‌تصادف کشیده‌شده تشکیل شده است، تلاش می‌کنند تشخیص دهند کدام‌یک از کارت‌هایشان در طول مناظره مصداق پیدا می‌کند. 
در پایان مناظره، بازیکنی که بیشترین تعداد استدلالِ مغالطه‌آمیز را شناسایی کرده باشد، پس از تأییدِ اکثریتِ سایر بازیکنان، برندهٔ بازی می‌شود.

## چیدمان

تمام کارت‌های استدلالِ مغالطه‌آمیزِ موجود به‌طور تصادفی میان همهٔ بازیکنان تقسیم می‌شود، به‌طوری‌که به هر نفر ۱۰ کارت برسد.
هر بازیکن کارت‌های خود را می‌خواند، آن‌ها را طوری می‌چیند که تا حد ممکن در ذهنش بمانند، و برای تماشای مناظره مستقر می‌شود."
Rules_09,"## Pendant le débat

Chaque joueur écoute les arguments formulés. S'il repère un argument qui correspond à l'une des cartes de sa grille de bingo, il note le temps écoulé, le début d'une citation permettant de retrouver le bon passage, ainsi que le nom de la carte. Il ajoute au besoin un peu de contexte afin de pouvoir restituer plus tard son analyse à l'oral.

## Validations post-débat

Les joueurs qui revendiquent le plus grand nombre de cartes utilisées sont sélectionnés pour validation.

À partir de leurs notes et de l'enregistrement, on établit la séquence des moments où chacune de leurs cartes a été utilisée.
Pour chaque carte, on repasse le moment concerné et le joueur explique pourquoi l'argumentation correspond à sa carte.
L'assemblée vote à main levée pour valider ou non son analyse.

## Conditions de victoire

Le score final de chaque joueur correspond au nombre de ses cartes validées par l'assemblée.
Si, à l'issue d'un premier décompte, d'autres joueurs non sélectionnés ont désormais plus de cartes que le meilleur score validé, on procède à leur validation, et ainsi de suite jusqu'à ce que le meilleur score validé ne soit plus contestable.

Les joueurs ayant obtenu le meilleur score sont déclarés vainqueurs.","## during the debate

Each player listens to the arguments formulated. If he spots an argument that is one of the cards of his bingo grid, he notes the past time, a beginning of quote which will allow us to find the right passage, and the name of his card accompanied if necessary a Little context to be able to restore his analysis later orally.

## Post-debate validations

Players who claim the largest number of cards used are selected for validation.

From their notes and recording the sequence of moments when each of their cards has been established.
For each of the cards, we go back to the accused moment and the explicit player why the argument is his card.
The assembly votes by hand to validate or not its analysis.

## Victory conditions

The final score of players is the number of their cards validated by the Assembly
If at the end of a first statement, other unrealized players are now found with more cards than the best validated score, they are validated, and so on until the best validated score does not is more questionable.

Players who have obtained the best score are declared victors","## Во время дебатов

Каждый игрок слушает сформулированные аргументы. Если он заметит аргумент, который соответствует одной из его карт, он записывает таймкод, начало цитаты, которая позволит нам найти правильный отрывок, и название его карты, а также, если это необходимо, контекст, чтобы легче восстановить ситуацию.

## Проверка постфактум

Игроки, которые претендуют на победу, проверяются остальными.

По их заметкам и таймкодам мы возвращаемся к соответствующему моменту на записи и проверяем, действительно ли применен тот аргументативный прием, о котором утверждает игрок. 
Все присутствующие голосуют.
 
## Условия победы

Проводится окончательный подсчет. 
Победителем объявляется тот, у кого осталось наибольшее число карт после проверки. ","## durante o debate

Cada jogador ouve os argumentos formulados. Se ele vê um argumento que é um dos cartões de sua grade de bingo, ele observa o tempo passado, um começo de citação que nos permitirá encontrar a passagem certa e o nome de seu cartão acompanhado, se necessário, um pouco de contexto para ser capaz de restaurar sua análise mais tarde oralmente.

## Valitações pós-de-debate

Os jogadores que afirmam que o maior número de cartões utilizados são selecionados para validação.

De suas anotações e registrando a sequência de momentos em que cada um de seus cartões foi estabelecido.
Para cada uma das cartas, voltamos ao momento acusado e ao jogador explícito por que o argumento é seu cartão.
A Assembléia vota manualmente para validar ou não sua análise.

## Condições de vitória

A pontuação final dos jogadores é o número de suas cartas validadas pela Assembléia
Se no final de uma primeira declaração, outros jogadores não realizados agora são encontrados com mais cartas do que a melhor pontuação validada, eles serão validados e assim por diante até que a melhor pontuação validada não seja mais questionável.

Jogadores que obtiveram a melhor pontuação são declarados vencedores",,"## أثناء المناظرة

ينصت كل لاعب إلى الحجج المطروحة. فإذا رصد حجةً تندرج ضمن إحدى بطاقات شبكة البينغو الخاصة به، دوَّن الزمن المنقضي، وبدايةَ اقتباس تُمكّنه من العثور على المقطع الصحيح، واسم بطاقته، مع إضافة شيء من السياق عند الحاجة ليتمكن لاحقًا من عرض تحليله شفهيًا.

## التحقق بعد المناظرة

يُختار اللاعبون الذين يدّعون أكبر عدد من البطاقات المستخدمة للتحقق.

ويُعتمد على ملاحظاتهم وعلى التسجيل لترتيب تسلسل اللحظات التي استُخدمت فيها كل بطاقة من بطاقاتهم. 
وبالنسبة إلى كل بطاقة، يُعاد عرض اللحظة المعنية، ويشرح اللاعب لماذا تندرج الحجة ضمن بطاقته.
تصوّت الجمعية برفع الأيدي لاعتماد تحليله أو عدم اعتماده.

## شروط الفوز

النتيجة النهائية للاعبين هي عدد بطاقاتهم التي اعتمدتها الجمعية
إذا تبيّن، عند نهاية أول إحصاء، أن لاعبين آخرين غير مختارين أصبح لديهم عدد بطاقات يفوق أفضل نتيجة معتمدة، تُستكمل عملية التحقق منهم، وهكذا دواليك حتى تصبح أفضل نتيجة معتمدة غير قابلة للطعن.

يُعلَن اللاعبون الذين حققوا أفضل نتيجة فائزين","## Durante el debate

Cada jugador escucha los argumentos formulados. Si detecta un argumento que corresponde a una de las cartas de su cuadrícula de bingo, anota el tiempo transcurrido, el inicio de una cita que permitirá encontrar el pasaje correcto y el nombre de su carta, acompañado si hace falta de un poco de contexto para poder exponer después oralmente su análisis.

## Validaciones posteriores al debate

Los jugadores que reclamen el mayor número de cartas utilizadas son seleccionados para su validación.

A partir de sus notas y de la grabación, se establece la secuencia de los momentos en que se utilizó cada una de sus cartas. 
Para cada una de las cartas, se vuelve a escuchar el momento en cuestión y el jugador explica por qué la argumentación corresponde a su carta.
La asamblea vota a mano alzada para validar o no su análisis.

## Condiciones de victoria

La puntuación final de los jugadores es el número de sus cartas validadas por la asamblea
Si, tras un primer recuento, otros jugadores no seleccionados pasan a tener más cartas que la mejor puntuación validada, se procede a su validación, y así sucesivamente hasta que la mejor puntuación validada ya no pueda ser cuestionada.

Los jugadores que hayan obtenido la mejor puntuación son declarados vencedores","## 辩论过程中

每位玩家聆听发言内容。如果他识别出某个论证属于自己宾果表中的某张卡牌，就记录下经过的时间、能帮助找到对应片段的引语开头，以及该卡牌的名称；必要时再补充一点上下文，以便之后能够口头复述自己的分析。

## 辩论后确认

主张使用卡牌数量最多的玩家会被选出进行确认。

根据他们的笔记和录音，整理出各自卡牌被使用的时间顺序。
对于每一张卡牌，重放对应片段，并由玩家说明为什么这段论证属于他的卡牌。
全体玩家举手表决，决定是否认可其分析。

## 胜利条件

玩家的最终得分等于其获得全体认可的卡牌数量。
如果在第一轮统计后，其他未被选中的玩家如今拥有的卡牌数量超过了最高已确认得分，就对他们进行确认，如此类推，直到最高已确认得分不再存在争议。

获得最高得分的玩家被宣布为胜者","## حین مناظره

هر بازیکن به استدلال‌های مطرح‌شده گوش می‌دهد. اگر استدلالی را تشخیص دهد که با یکی از کارت‌های جدول بینگوی او مطابقت دارد، زمانِ سپری‌شده، آغازِ نقل‌قولی را که امکان پیدا کردن بخش درست را می‌دهد، و نام کارت خود را یادداشت می‌کند؛ در صورت نیاز، کمی زمینه نیز اضافه می‌کند تا بعداً بتواند تحلیلش را به‌صورت شفاهی بازگو کند.

## تأییدهای پس از مناظره

بازیکنانی که ادعا می‌کنند بیشترین تعداد کارتِ به‌کاررفته را دارند، برای تأیید انتخاب می‌شوند.

بر پایهٔ یادداشت‌های آن‌ها و ضبط، توالیِ لحظه‌هایی که هر یک از کارت‌هایشان به‌کار رفته است تعیین می‌شود. 
برای هر کارت، لحظهٔ موردنظر دوباره مرور می‌شود و بازیکن توضیح می‌دهد که چرا آن استدلال با کارت او مطابقت دارد.
جمع حاضر با بالا بردن دست رأی می‌دهد که تحلیل او تأیید شود یا نه.

## شرایط پیروزی

امتیاز نهایی بازیکنان برابر است با تعداد کارت‌هایشان که از سوی جمع تأیید شده‌اند.
اگر پس از نخستین شمارش، بازیکنانِ دیگری که انتخاب نشده‌اند اکنون بیش از بالاترین امتیازِ تأییدشده کارت داشته باشند، تأیید آن‌ها نیز انجام می‌شود، و همین‌طور ادامه می‌یابد تا زمانی که بالاترین امتیازِ تأییدشده دیگر قابلِ اعتراض نباشد.

بازیکنانی که بالاترین امتیاز را کسب کرده‌اند، برنده اعلام می‌شوند"
Rules_10,"# Argumentum
## Le dernier beau parleur","# Argumentum
## The last beautiful speaker","# Argumentum
## Последний оратор","# Argumentum
## o último lindas orador",,"# Argumentum
## آخر متكلم بارع","# Argumentum
## El último gran orador","# Argumentum
## 最后的能言善辩者","# Argumentum
## آخرین خوش‌سخن"
Rules_11,"*Règles du jeu : de 1 à 8 joueurs*

## Matériel

* 1 paquet de cartes d’argument fallacieux organisées en 7 classes de couleurs, chacune répartie en 3 ordres puis en 3 familles.
* 1 paquet de cartes de scénario organisées en 7 thèmes identifiables au dos.
* 5 cartes mémo
* Règles du jeu
   
## Résumé du jeu

À chaque manche, les joueurs proposent tour à tour des arguments autour de scénarios tirés au sort. Ils essaient de se débarrasser de leurs cartes en repérant les arguments fallacieux utilisés par les autres joueurs. En plus de reconnaître les arguments fallacieux, les joueurs s’entraînent à éviter d’en commettre.","*Game rules: from 1 to 8 players*

## Material

* 1 pack of fallacious argument cards organized in 7 classes of colors, each divided into 3 orders and then in 3 families.
* 1 package of scenario cards organized in 7 identifiable themes on their back
* 5 Memo cards
* Game rules
   
## Summary of the game

The players will in turn offer arguments around scenarios drawn at each round and try to get rid of their cards by identifying the fallacious arguments used by other players. In addition to recognizing the fallacious arguments, players train to avoid committing them.","*Правила игры: от 1 до 8 игроков*

## Потребуется: 

* 1 колода карт с псевдоаргументами, организованных в 7 классов по цветам, каждый класс включает 3 порядка, каждый порядок - 3 семей.
* 1 колода карт сценариев, разделенная по 7 темам. 
* 5 карт Мемо

* Правила игры
   
## Краткое содержание игры

Игроки по очереди будут предлагать аргументы к ситуациям сценариевкаждого раунда, и попытаются избавиться от своих карт, называя ошибочные аргументы, используемые другими игроками. В дополнение к нахождению ошибочных аргументов, игроки тренируются, чтобы избежать их использования, когда приводят свои аргументы. ","*Regras de jogo: de 1 a 8 jogadores*

## material

* 1 pacote de cartões falaciosos organizados em 7 classes de cores, cada uma dividida em 3 ordens e depois em 3 famílias.
* 1 pacote de cartões de cenário organizados em 7 temas identificáveis ​​nas costas
* 5 cartões de memorando
* Regras do jogo
   
## Resumo do jogo

Os jogadores, por sua vez, oferecerão argumentos em torno de cenários desenhados a cada rodada e tentarão se livrar de suas cartas, identificando os argumentos falaciosos usados ​​por outros jogadores. Além de reconhecer os argumentos falaciosos, os jogadores treinam para evitar cometê -los.",,"*قواعد اللعبة: من 1 إلى 8 لاعبين*

## المعدات

* حزمة واحدة من بطاقات الحجج المغالِطة منظَّمة في 7 فئات لونية، وكل فئة مقسَّمة إلى 3 رتب ثم إلى 3 عائلات.
* حزمة واحدة من بطاقات السيناريو منظَّمة في 7 موضوعات يمكن تمييزها من ظهرها
* 5 بطاقات تذكير
* قواعد اللعب
   
## ملخص اللعبة

يتناوب اللاعبون على طرح حجج حول سيناريوهات تُسحب في كل جولة، ويحاولون التخلّص من بطاقاتهم عبر رصد الحجج المغالِطة التي يستخدمها اللاعبون الآخرون. وإلى جانب التعرّف على الحجج المغالِطة، يتدرّب اللاعبون على تجنّب الوقوع فيها.","*Reglas del juego: de 1 a 8 jugadores*

## Material

* 1 mazo de cartas de argumento falaz organizadas en 7 clases de colores, cada una dividida en 3 órdenes y luego en 3 familias.
* 1 mazo de cartas de escenario organizadas en 7 temas identificables en el reverso
* 5 cartas recordatorio
* Reglas del juego
   
## Resumen del juego

Los jugadores, por turnos, irán proponiendo argumentos en torno a los escenarios extraídos en cada ronda e intentarán deshacerse de sus cartas detectando los argumentos falaces utilizados por los demás jugadores. Además de reconocer los argumentos falaces, los jugadores se entrenan para evitar cometerlos.","*游戏规则：1至8名玩家*

## 材料

* 1副谬误论证卡，分为7种颜色类别，每种又分为3个等级，再分为3个家族。
* 1副情景卡，分为7个主题，背面可识别
* 5张备忘卡
* 游戏规则
   
## 游戏概述

玩家将轮流围绕每一局抽到的情景提出论点，并设法打出手中的卡牌，同时识别其他玩家使用的谬误论证。除了识别谬误论证外，玩家还会训练自己避免犯下这类谬误。","*قوانین بازی: ۱ تا ۸ بازیکن*

## محتویات

* ۱ دسته کارتِ استدلالِ مغالطه‌آمیز که در ۷ کلاس رنگی سازمان‌دهی شده‌اند، و هر کدام خود به ۳ مرتبه و سپس به ۳ خانواده تقسیم می‌شوند.
* ۱ دسته کارتِ سناریو که در ۷ تم قابل‌تشخیص از روی پشت کارت‌ها سازمان‌دهی شده‌اند
* ۵ کارت یادآور
* قوانین بازی
   
## خلاصه بازی

بازیکنان به نوبت، پیرامون سناریوهایی که در هر دور کشیده می‌شوند استدلال مطرح می‌کنند و تلاش می‌کنند با شناسایی استدلال‌های مغالطه‌آمیزی که دیگر بازیکنان به کار می‌برند، از شرِ کارت‌های خود خلاص شوند. افزون بر تشخیص استدلال‌های مغالطه‌آمیز، بازیکنان تمرین می‌کنند که خود نیز مرتکب آن‌ها نشوند."
Rules_12,"## Installation

Selon le nombre de joueurs et le niveau de difficulté souhaité, constituez la pioche des cartes d’argument fallacieux en ajoutant les niveaux indiqués en bas à droite des cartes, par ordre croissant. Choisissez le nombre maximum de manches de quelques minutes qui seront jouées.

Mélangez les cartes d’argument fallacieux, puis les cartes de scénario. Constituez 2 pioches de cartes de scénario et placez-les au milieu de la table. Distribuez à chaque joueur 5 cartes d’argument fallacieux, qu’il garde pour lui. Le reste des cartes constitue la pioche.

Le premier piocheur est celui qui s'est fait influencer le plus récemment par un appel à l'émotion.","## Facility

Depending on the number of players and the level of difficulty desired, we constitute the draw of the fallacious argument cards by adding the levels indicated at the bottom right of the cards in increasing order. We choose the maximum number of sleeves of a few minutes that will be played.

The fallacious argument cards are mixed, as well as the scenario cards. We constitute 2 picks of scenario cards placed in the middle of the table. Each player is distributed to 5 fallacious argument cards he keeps for him. The rest of the cards are the pick.

The first pickler is the one who was influenced last by a call to emotion.","## Начало игры

В зависимости от количества игроков и желаемого уровня сложности, мы составляем колоду карт с псевдоаргументами, выбрав нужные нам уровни сложности (они указаны в правом нижнем углу карт). Мы договариваемся о том, сколько кругов сыграем. 

Карты с псевдоаргументами перетасованы, также и карты со сценариями. На середину стола мы кладем 2 колоды карт со сценариями. Каждый игрок получает по 5 карт с псевдоаргументами. Остальные карты - колода.

Первый ведущий - тот, которого в последний раз спровоцировали на эмоции.","## Instalação

Dependendo do número de jogadores e do nível de dificuldade desejado, constituímos o sorteio dos cartões de argumento falaciosos, adicionando os níveis indicados no canto inferior direito das cartas em ordem crescente. Escolhemos o número máximo de mangas de alguns minutos que serão reproduzidas.

Os cartões de argumento falaciosos são misturados, bem como os cartões de cenário. Constituímos 2 escolhas de cartas de cenário colocadas no meio da mesa. Cada jogador é distribuído para 5 cartões de argumento falaciosos que ele mantém para ele. O restante dos cartões é a escolha.

O primeiro puxador é aquele que foi influenciado por um chamado à emoção.",,"## الإعداد

بحسب عدد اللاعبين ومستوى الصعوبة المطلوب، تُشكَّل رزمة بطاقات الحجج المغالِطة بإضافة المستويات المشار إليها أسفل يمين البطاقات بترتيب تصاعدي. ثم يُختار الحدّ الأقصى لعدد الجولات، على أن تستغرق كل جولة بضع دقائق.

تُخلط بطاقات الحجج المغالِطة وكذلك بطاقات السيناريو. ثم تُنشأ رُزمتان من بطاقات السيناريو وتوضعان في وسط الطاولة. ويُوزَّع على كل لاعب 5 بطاقات من بطاقات الحجج المغالِطة يحتفظ بها لنفسه. أمّا بقية البطاقات فتشكّل رزمة السحب.

أول من يسحب هو آخر مَن تأثر بدعوة إلى العاطفة.","## Preparación

Según el número de jugadores y el nivel de dificultad deseado, se constituye el mazo de cartas de argumento falaz añadiendo los niveles indicados en la parte inferior derecha de las cartas en orden creciente. Se elige el número máximo de rondas de unos minutos que se jugarán.

Se barajan las cartas de argumento falaz, así como las cartas de escenario. Se forman 2 mazos de cartas de escenario colocados en el centro de la mesa. Se reparten a cada jugador 5 cartas de argumento falaz que guarda para sí. El resto de las cartas constituye el mazo.

El primer jugador en robar es quien se ha dejado influir por última vez por una apelación a la emoción.","## 准备

根据玩家人数和期望的难度，按卡牌右下角标注的等级由低到高，将相应等级的诡辩卡加入牌堆。确定将要进行的最多几局，每局持续几分钟。

将诡辩卡和情景卡分别洗匀。将2叠情景卡牌堆放在桌子中央。给每位玩家发5张诡辩卡，玩家将其保密留在手中。其余卡牌作为抽牌堆。

第一个抽牌的人，是最后一次被情绪诉求影响的人。","## آماده‌سازی

بسته به تعداد بازیکنان و سطح دشواریِ مورد نظر، دستهٔ کارت‌های استدلالِ مغالطه‌آمیز را با افزودن سطح‌های مشخص‌شده در پایینِ سمت راستِ کارت‌ها، به ترتیبِ صعودی، تشکیل می‌دهیم. حداکثر تعداد دورهای چنددقیقه‌ای را که قرار است بازی شوند انتخاب می‌کنیم.

کارت‌های استدلالِ مغالطه‌آمیز و نیز کارت‌های سناریو بُر زده می‌شوند. سپس ۲ دسته از کارت‌های سناریو در وسطِ میز قرار می‌دهیم. به هر بازیکن ۵ کارتِ استدلالِ مغالطه‌آمیز می‌دهیم که آن‌ها را نزد خود نگه می‌دارد. باقیِ کارت‌ها دستهٔ کارت‌های کشیدنی را تشکیل می‌دهند. 

نخستین کسی که کارت می‌کشد، کسی است که آخرین بار تحت تأثیرِ توسل به احساسات قرار گرفته است."
Rules_13,"## Déroulé de la manche

### 1. Le piocheur

Le piocheur tire une carte Scénario parmi les deux pioches disponibles et la lit à voix haute, sauf la dernière phrase en italique au bas de la carte.

### 2. La ronde des arguments

En commençant par le voisin de gauche du piocheur, chaque joueur doit proposer un argument répondant à l'injonction du scénario. Si un joueur reconnaît l’une de ses cartes dans un argument donné, il remet cette carte au joueur qui l’a utilisée et l’écarte de la manche.

Si un joueur ne trouve pas de nouvel argument au bout de 10 secondes, il pioche une nouvelle carte et est exclu de la manche.

### 3. Fin de la manche

La manche s'arrête quand il ne reste plus qu'une personne en jeu. Le voisin de gauche du piocheur devient le nouveau piocheur et tire le scénario de la manche suivante.","# Roll of the English Channel

### 1. The smooth talker

The drawer draws a scenario card from the two picks available and reads aloud, with the exception of the last sentence in italics at the bottom of the card.


### 2. The round of arguments

By comming by the neighbor's left of the smooth talker, each player must offer an argument responding to the injunction of the scenario. If a player spots one of his cards in the arguments given, he gives his card to the one who used it and spreads it out of the Channel.
If a player no longer finds a new argument after 10 seconds, he draws a new card and is excluded from the Channel.


### 3. End of the round

The sleeve stops when there is only one person left is at stake. The neighbor on the left of the pickler becomes the new pickler and pulls the scenario of the next round.","# Ход партии

### 1. Ведущий

Ведущий берет одну карту сценария в одной из двух колод и вслух читает все, за исключением последнего предложения внизу карты.


### 2. Хоровод аргументов

Начиная с соседа слева от ведущего, каждый игрок должен предложить аргумент, отвечающий на то, что написано в сценарии. Если в приведенных аргументах игрок узнает одну из своих карт, он отдает эту карту тому, кто ее использовал и тот человек выбывает из круга. 
Если игрок не находит новый аргумент за 10 секунд, он берет новую карту из колоды и выбывает из круга.


### 3. Конец раунда

Раунд завершается, когда остается только один игрок. Сосед слева от ведущего становится новым ведущим и вытягивает сценарий следующего раунда.","# Roll of the English Channel

### 1. o embromador

A gaveta desenha uma carta de cenário das duas escolhas disponíveis e da cama em voz alta, com exceção da última frase em itálico na parte inferior do cartão.


### 2. A rodada de argumentos

Ao chegar à esquerda do vizinho do embromador, cada jogador deve oferecer um argumento que responda à liminar do cenário. Se um jogador vê uma de suas cartas nos argumentos apresentados, ele dá seu cartão àquele que o usou e o espalha para fora do canal.
Se um jogador não encontrar mais um novo argumento após 10 segundos, ele desenha um novo cartão e é excluído do canal.


### 3. Fim da rodada

A manga para quando há apenas uma pessoa está em jogo. O vizinho à esquerda do puxador se torna o novo puxador e puxa o cenário da próxima rodada.",,"## سير الجولة

### 1.       الساحب

يسحب الساحب بطاقة سيناريو من بين مجموعتي السحب المتاحتين ويقرأها بصوت عالٍ، باستثناء الجملة الأخيرة المكتوبة بالخط المائل في أسفل البطاقة.


### 2.       جولة الحجج

ابتداءً من الجار الأيسر للساحب، يجب على كل لاعب أن يقترح حجة تستجيب لأمر السيناريو. إذا لاحظ لاعب إحدى بطاقاته ضمن الحجج المقدَّمة، فإنه يعطي بطاقته لمن استخدمها ويخرجها من الجولة.  
إذا لم يعد لاعب يجد حجة جديدة بعد 10 ثوانٍ، فإنه يسحب بطاقة جديدة ويُستبعَد من الجولة.


### 3.       نهاية الجولة

تتوقف الجولة عندما لا يبقى في اللعب سوى شخص واحد. يصبح الجار الأيسر للساحب هو الساحب الجديد، ويسحب سيناريو الجولة التالية.  ","## Desarrollo de la ronda

### 1.       El robador

El robador saca una carta de escenario de entre los dos mazos disponibles y la lee en voz alta, con la excepción de la última frase en cursiva que aparece en la parte inferior de la carta.


### 2.       La ronda de argumentos

Empezando por el jugador situado a la izquierda del robador, cada jugador debe proponer un argumento que responda a la consigna del escenario. Si un jugador reconoce una de sus cartas entre los argumentos dados, se la entrega a quien la ha utilizado y queda fuera de la ronda.  
Si un jugador no encuentra ningún argumento nuevo al cabo de 10 segundos, roba una nueva carta y queda excluido de la ronda.


### 3.       Fin de la ronda

La ronda termina cuando solo queda una persona en juego. El jugador situado a la izquierda del robador se convierte en el nuevo robador y saca el escenario de la siguiente ronda.  ","## 回合流程

### 1.       抽牌者

抽牌者从两个可用牌堆中抽一张情景牌，并大声朗读，唯独牌面底部斜体的最后一句除外。


### 2.       论点轮

从抽牌者左手边的玩家开始，每位玩家都必须提出一个符合情景指令的论点。若某位玩家在他人给出的论点中认出自己的某张牌，他就把那张牌交给使用它的人，并将其从本回合中移除。  
如果某位玩家在10秒内再也想不出新的论点，他就抽一张新牌，并被排除出本回合。


### 3.       回合结束

当场上只剩下一名玩家时，本回合结束。抽牌者左手边的玩家成为新的抽牌者，并抽取下一回合的情景牌。  ","## روندِ دور

### 1.       کارت‌کش

کارت‌کش از میان دو دستهٔ موجود، یک کارتِ سناریو می‌کشد و آن را با صدای بلند می‌خواند، به‌جز آخرین جملهٔ ایتالیکِ پایینِ کارت.


### 2.       دورِ استدلال‌ها

با شروع از همسایهٔ سمتِ چپِ کارت‌کش، هر بازیکن باید استدلالی ارائه دهد که به دستورِ سناریو پاسخ بدهد. اگر بازیکنی یکی از کارت‌های خودش را در استدلال‌های گفته‌شده تشخیص دهد، کارتِ خود را به کسی می‌دهد که از آن استفاده کرده و آن را از این دور کنار می‌گذارد.  
اگر بازیکنی پس از ۱۰ ثانیه دیگر هیچ استدلالِ تازه‌ای پیدا نکند، یک کارتِ جدید می‌کشد و از این دور کنار گذاشته می‌شود.


### 3.       پایانِ دور

دور زمانی تمام می‌شود که فقط یک نفر در بازی باقی بماند. همسایهٔ سمتِ چپِ کارت‌کش، کارت‌کشِ جدید می‌شود و سناریوی دورِ بعد را می‌کشد.  "
Rules_14,"## Fin de partie et décompte

Si un joueur parvient à se débarrasser de toutes ses cartes, il gagne la partie.

Sinon, la partie s'arrête au bout du nombre de manches initialement prévu. Le vainqueur est celui qui a le moins de cartes en main.","## End of game and count


If a player manages to get rid of all his cards, he wins the game.
Otherwise the game stops at the end of the number of sleeves initially planned. The winner is the one who has the least cards.","## Конец игры и подсчет очков


Если игроку удается избавиться от всех своих карт, он выигрывает игру.
В противном случае игра останавливается, когда сыграно запланированное число раундов. Победитель - тот, у кого меньше всего карт.","## final do jogo e contagem


Se um jogador consegue se livrar de todas as suas cartas, ele vence o jogo.
Caso contrário, o jogo para no final do número de mangas inicialmente planejado. O vencedor é quem tem menos cartas.",,"##       نهاية اللعبة والاحتساب


إذا تمكن لاعب من التخلّص من جميع بطاقاته، فإنه يفوز باللعبة. 
وإلا، تنتهي اللعبة بعد عدد الجولات المحدد مسبقًا. الفائز هو من يملك في يده أقل عدد من البطاقات.","##       Fin de la partida y recuento


Si un jugador consigue deshacerse de todas sus cartas, gana la partida. 
Si no, la partida termina al cabo del número de rondas previsto inicialmente. El ganador es quien tenga menos cartas en la mano.","##       游戏结束与计分


如果某位玩家成功摆脱所有手牌，他就赢得比赛。 
否则，比赛会在预先设定的回合数结束后终止。胜者是手牌最少的玩家。","##       پایانِ بازی و امتیازشماری


اگر بازیکنی موفق شود از همهٔ کارت‌هایش خلاص شود، برندهٔ بازی است. 
در غیر این صورت، بازی پس از تعدادِ دورهایی که از پیش تعیین شده بود به پایان می‌رسد. برنده کسی است که در دستش کمترین تعدادِ کارت را داشته باشد."
Rules_15,"# Argumentum
## Le moulin à baratin","# Argumentum
## The Smooth-Talk Mill","# Argumentum
## Мели, Емеля","# Argumentum
## O Moinho de Embromada",,"# Argumentum
## طاحونة الثرثرة","# Argumentum
## El molino de la palabrería","# Argumentum
## 花言巧语磨坊","# Argumentum
## آسیابِ چرب‌زبانی"
Rules_16,"*Règles du jeu : de 2 à 8 joueurs*

## Matériel

* 1 paquet de cartes d’argument fallacieux, organisées en 7 classes de couleurs, chacune répartie en 3 ordres puis en 3 familles.
* 1 paquet de cartes de scénario, organisées en 7 thèmes identifiables au dos des cartes.
* 5 cartes mémo.
* Règles du jeu.

## Résumé du jeu

À chaque manche, à partir d’un scénario tiré au sort, l’un des joueurs trouve, en un temps limité, le plus grand nombre d’arguments fallacieux illustrant les cartes piochées successivement.","*Game rules: from 2 to 8 players*

## Material

* 1 pack of fallacious argument cards organized in 7 classes of colors, each divided into 3 orders and then in 3 families.
* 1 package of scenario cards organized in 7 identifiable themes on their back
* 5 Memo cards
* Game rules
   
## Summary of the game

With each round, on a scenario drawn, one of the players finds in a limited time the greatest number of fallacious arguments illustrating the cards drawn in sequence.","*Правила игры: от 2 до 8 игроков*

## Потребуется: 


* 1 колода карт с псевдоаргументами, организованными в 7 классов по цветам, каждый класс включает 3 порядка, каждый порядок - 3 семей.
* 1 колода карт сценариев, разделенная по 7 темам. 
* 5 карт Мемо

* Правила игры
   
## Резюме игры

В каждом раунде по одному сценарию один из игроков за ограниченное время находит наибольшее количество псевдоаргументов, иллюстрирующих карты, которые он последовательно вытягивает.","*Regras de jogo: de 2 a 8 jogadores*

## material

* 1 pacote de cartões falaciosos organizados em 7 classes de cores, cada uma dividida em 3 ordens e depois em 3 famílias.
* 1 pacote de cartões de cenário organizados em 7 temas identificáveis ​​nas costas
* 5 cartões de memorando
* Regras do jogo
   
## Resumo do jogo

A cada rodada, em um cenário desenhado, um dos jogadores encontra em um tempo limitado o maior número de argumentos falaciosos que ilustram as cartas desenhadas em sequência.",,"*قواعد اللعبة: من 2 إلى 8 لاعبين*

## المكوّنات

* رزمة واحدة من بطاقات الحجج المغلوطة منظَّمة في 7 فئات لونية، تنقسم كلٌّ منها إلى 3 رتب ثم إلى 3 عائلات.
* رزمة واحدة من بطاقات السيناريو منظَّمة في 7 موضوعات يمكن التعرّف عليها من ظهرها
* 5 بطاقات تذكير
* قواعد اللعبة
   
## ملخص اللعبة

في كل جولة، وعلى سيناريو يُسحب عشوائيًا، يجد أحد اللاعبين خلال وقت محدود أكبر عدد ممكن من الحجج المغلوطة التي تجسّد البطاقات المسحوبة تباعًا.","*Reglas del juego: de 2 a 8 jugadores*

## Material

* 1 mazo de cartas de argumento falaz organizadas en 7 clases de colores, cada una dividida en 3 órdenes y luego en 3 familias.
* 1 mazo de cartas de escenario organizadas en 7 temas identificables en su reverso
* 5 cartas de ayuda
* Reglas del juego
   
## Resumen del juego

En cada ronda, sobre un escenario elegido al azar, uno de los jugadores encuentra en un tiempo limitado el mayor número de argumentos falaces que ilustren las cartas robadas en secuencia.","*游戏规则：2至8名玩家*

## 材料

* 1套论证谬误卡牌，按7种颜色分类，每种颜色再分为3个等级，然后再分为3个家族。
* 1套情景卡，按7个主题分类，可从背面识别
* 5张备忘卡
* 游戏规则
   
## 游戏概述

每一轮中，在随机抽取的情景下，一名玩家需要在限定时间内找出尽可能多的论证谬误，以说明连续抽到的卡牌。","*قوانین بازی: از ۲ تا ۸ بازیکن*

## محتویات

* ۱ بسته کارتِ استدلالِ مغالطه‌آمیز که در ۷ دستهٔ رنگی سازمان‌دهی شده‌اند، هر دسته نیز به ۳ مرتبه و سپس به ۳ خانواده تقسیم می‌شود.
* ۱ بسته کارتِ سناریو که در ۷ مضمون قابل شناسایی از پشت کارت‌ها سازمان‌دهی شده‌اند
* ۵ کارتِ یادآور
* قوانین بازی
   
## خلاصهٔ بازی

در هر دور، روی یک سناریوی تصادفی، یکی از بازیکنان در زمانی محدود بیشترین تعداد استدلالِ مغالطه‌آمیز را که کارت‌های کشیده‌شده را به‌صورت پی‌درپی نشان می‌دهند، پیدا می‌کند."
Rules_17,"## Installation

Selon le nombre de joueurs et le niveau de difficulté souhaité, constituez la pioche des cartes d’argument fallacieux en ajoutant les niveaux indiqués en bas à droite des cartes, par ordre croissant. Choisissez le nombre maximum de manches de 3 minutes par joueur qui seront jouées.

Mélangez les cartes d’argument fallacieux, ainsi que les cartes de scénario. Formez 2 pioches de cartes de scénario et 1 pioche d’argument fallacieux, puis placez-les au milieu de la table.

Le premier piocheur est le joueur qui a le plus récemment concédé un argument à l’usure.","## Facility

Depending on the number of players and the level of difficulty desired, we constitute the draw of the fallacious argument cards by adding the levels indicated at the bottom right of the cards in increasing order. We choose the maximum number of rounds of 3 minutes per player who will be played.

The fallacious argument cards are mixed, as well as the scenario cards. We constitute 2 picks of scenario cards and 1 fallacious argument pick, placed in the middle of the table.

The first pickaxe is the one who has last awarded an argument for wear.","## Начало игры

В зависимости от количества игроков и желаемого уровня сложности, мы составляем колоду карт с псевдоаргументами, выбрав нужные нам уровни сложности (они указаны в правом нижнем углу карт). 

Карты с псевдоаргументами перетасованы, также и карты со сценариями. На середину стола мы кладем 2 колоды карт со сценариями и 1 колоду с псевдоаргументами. ые в середине стола.

Первый ведущий - это тот, кто в последний раз продержался дольше всех. ","## Instalação

Dependendo do número de jogadores e do nível de dificuldade desejado, constituímos o sorteio dos cartões de argumento falaciosos, adicionando os níveis indicados no canto inferior direito das cartas em ordem crescente. Escolhemos o número máximo de rodadas de 3 minutos por jogador que será jogado.

Os cartões de argumento falaciosos são misturados, bem como os cartões de cenário. Constituímos 2 escolhas de cartas de cenário e 1 picada de argumento falaciosa, colocada no meio da mesa.

A primeira picareta é quem premiou uma discussão pela última vez.",,"## الإعداد

بحسب عدد اللاعبين ومستوى الصعوبة المطلوب، تُكوَّن رزمة بطاقات الحِجاج المغلوطة بإضافة المستويات المشار إليها في أسفل يمين البطاقات وفق ترتيب تصاعدي. ويُحدَّد الحدّ الأقصى لعدد الجولات ذات الـ 3 دقائق لكل لاعب والتي ستُلعب.

تُخلط بطاقات الحجج المغلوطة، وكذلك بطاقات السيناريو. ثم تُنشأ رُزمتان من بطاقات السيناريو ورزمة واحدة من بطاقات الحجج المغلوطة، وتوضع جميعها في وسط الطاولة.

أوّل من يبدأ السحب هو آخر من تنازل عن حجةٍ تحت الإلحاح.","## Preparación

Según el número de jugadores y el nivel de dificultad deseado, se constituye el mazo de cartas de argumento falaz añadiendo los niveles indicados en la parte inferior derecha de las cartas por orden creciente. Se elige el número máximo de rondas de 3 minutos por jugador que se van a jugar.

Las cartas de argumento falaz se barajan, igual que las cartas de escenario. Se constituyen 2 mazos de cartas de escenario y 1 mazo de argumento falaz, colocados en el centro de la mesa. 

El primer robador es quien haya cedido por última vez ante un argumento por desgaste.","## 准备

根据玩家人数和想要的难度，将卡牌右下角标注的等级按从低到高的顺序加入“论证谬误”牌堆中，组成抽牌堆。然后确定要进行的回合总数，每位玩家进行的回合时长为3分钟。

将“论证谬误”卡和情景卡分别洗牌。将两叠情景卡和一叠“论证谬误”卡放在桌子中央。 

最后一次让步于争辩的人先抽牌。","## راه‌اندازی

بسته به تعداد بازیکنان و سطح دشواریِ موردنظر، دستهٔ کارت‌های استدلالِ مغالطه‌آمیز را با افزودن سطح‌هایی که در پایینِ سمت راستِ کارت‌ها به‌ترتیب صعودی مشخص شده‌اند، تشکیل می‌دهیم. حداکثر تعداد دورهای ۳ دقیقه‌ای برای هر بازیکن که قرار است بازی شوند، انتخاب می‌شود.

کارت‌های استدلالِ مغالطه‌آمیز و همچنین کارت‌های سناریو خوب بر زده می‌شوند. سپس ۲ دستهٔ کارت سناریو و ۱ دستهٔ کارت استدلالِ مغالطه‌آمیز تشکیل می‌دهیم و آن‌ها را در وسط میز قرار می‌دهیم.

نخستین کارت‌کش کسی است که آخرین بار یک استدلال را از سرِ فرسودگی پذیرفته است."
Rules_18,"## Déroulé de la manche

### 1. Le piocheur

Le piocheur tire une carte de scénario parmi les deux pioches disponibles et la lit à voix haute, à l’exception de la dernière phrase en italique au bas de la carte.

### 2. La course de vitesse

Le voisin de gauche du piocheur est l’embromador.
Préparez un minuteur de 3 minutes.

L’embromador commence à piocher des cartes d’argument fallacieux. Pour chaque carte, il doit proposer un argument qui illustre la carte afin d’acter le scénario. S’il y parvient, il remporte la carte ; sinon, il peut passer, dans la limite de 3 jokers par manche, puis piocher la suivante.

### 3. Fin de la manche

La manche s’arrête à la fin du temps imparti. L’embromador marque autant de points qu’il a remporté de cartes pendant la manche. Il devient le piocheur de la manche suivante.","# Roll of the English Channel

### 1. The smooth talker

The drawer draws a scenario card from the two picks available and reads aloud, with the exception of the last sentence in italics at the bottom of the card.


### 2. speed running

The neighbor's left of the pickler is the embromador.
We are preparing a 3 -minute timer.

He starts drawing fallacious arguments. For each card, he must offer an argument illustrating the card to act the scenario. If it succeeds, he wins the card, otherwise he can also pass, at the rate of 3 jokers per handle, and draw the next one.


### 3. End of the round

The sleeve stops at the end of the time allocated, the embromador obtains in points the number of cards swept away on the sleeve. He becomes picky of the next round.","# Ход партии

### 1Ведущий

Ведущий берет одну карту сценария в одной из двух колод и вслух читает все, за исключением последнего предложения внизу карты.


### 2.Гонка

Игрок слева от ведущего становится болтуном. Таймер ставится на 3 минуты. 

Болтун начинает по одной брать карты с псевдоаргументами. К каждой карте сценария он должен предложить аргумент, который только что вытащил. Если у него получилось, он забирает карту, если нет, то в течение трех минут у него есть три ""джокера"" (не приведя пример, он может вытазить слудующую карту).

### 3.      Конец раунда

Раунд прекращается, когда время вышло. Болтун получает столько баллов, сколько карт у него оказалось. Он становится ведущим следующего раунда. ","# Roll of the English Channel

### 1. o embromador

A gaveta desenha uma carta de cenário das duas escolhas disponíveis e da cama em voz alta, com exceção da última frase em itálico na parte inferior do cartão.


### 2. Velocidade em execução

A esquerda do vizinho do puxador é o embromador.
Estamos preparando um cronômetro de 3 minuto.

Ele começa a desenhar argumentos falaciosos. Para cada cartão, ele deve oferecer um argumento que ilustra o cartão para agir o cenário. Se for bem -sucedido, ele vence o cartão, caso contrário, ele também poderá passar, à taxa de 3 brincadeiras por manípulo, e desenhar o próximo.


### 3. Fim da rodada

A manga para no final do tempo alocada, o embromador obtém em pontos o número de cartas varridas na manga. Ele se torna exigente com a próxima rodada.",,"## سير الجولة

### 1.       الساحب

يسحب الساحب بطاقة سيناريو من بين الرزمتين المتاحتين ويقرأها بصوت عالٍ، باستثناء الجملة الأخيرة المكتوبة بالخط المائل في أسفل البطاقة.


### 2.       سباق السرعة

جار الساحب على اليسار هو المُثرثر..
يُضبط مؤقّت على 3 دقائق.

يبدأ بسحب بطاقات الحجج المغلوطة. ولكل بطاقة، عليه أن يقدّم حجةً تُجسّد البطاقة لتنفيذ السيناريو. فإذا نجح في ذلك، فاز بالبطاقة؛ وإلا فبوسعه أيضًا أن يمرّ، بحدّ أقصى 3 جكرات في كل جولة، ثم يسحب البطاقة التالية.


### 3.       نهاية الجولة

تنتهي الجولة عند انقضاء الوقت المحدد، ويحصل المُثرثر على عدد البطاقات التي كسبها في هذه الجولة كنقاط. ثم يصبح هو الساحب في الجولة التالية.","## Desarrollo de la ronda

### 1.       El robador

El robador saca una carta de escenario de entre los dos mazos disponibles y la lee en voz alta, con la excepción de la última frase en cursiva situada en la parte inferior de la carta.


### 2.       La carrera de velocidad

El jugador a la izquierda del robador es el charlatán..
Se prepara un temporizador de 3 minutos.

Empieza a robar cartas de argumento falaz. Por cada carta, debe proponer un argumento que ilustre la carta para representar el escenario. Si lo consigue, se lleva la carta; si no, también puede pasar, con un límite de 3 comodines por ronda, y robar la siguiente.


### 3.       Fin de la ronda

La ronda termina cuando se agota el tiempo. El charlatán obtiene como puntos el número de cartas ganadas durante la ronda. Pasa a ser el robador de la siguiente ronda.","## 回合流程

### 1.       抽牌者

抽牌者从两叠可用的牌堆中抽取一张情景卡，并大声读出，除去卡片底部斜体字的最后一句。


### 2.       速度比拼

抽牌者左边的玩家是胡搅蛮缠者。
准备一个3分钟计时器。

他开始抽取“论证谬误”卡。每抽到一张卡，他都必须提出一个能体现该卡内容、并推进情景的论证。如果成功，他就赢得这张卡；否则，他也可以选择跳过，每轮最多可使用3次跳过，然后继续抽下一张。


### 3.       回合结束

回合在规定时间结束后停止。胡搅蛮缠者获得本轮赢得的卡牌数量作为分数。下一回合，他成为抽牌者。","## روند دور

### 1.       کارت‌کش

کارت‌کش از میان دو دستهٔ موجود، یک کارت سناریو برمی‌دارد و آن را با صدای بلند می‌خواند، به‌جز آخرین جملهٔ ایتالیک در پایین کارت.


### 2.       مسابقهٔ سرعت

بازیکنِ سمتِ چپِ کارت‌کش، چرب‌زبان است..
یک زمان‌سنج ۳ دقیقه‌ای آماده می‌شود.

او شروع به کشیدن کارت‌های استدلالِ مغالطه‌آمیز می‌کند. برای هر کارت، باید استدلالی ارائه کند که آن کارت را برای اجرای سناریو به‌خوبی نشان دهد. اگر موفق شود، آن کارت را می‌برد؛ در غیر این صورت، می‌تواند در هر دور حداکثر ۳ بار از جوکر استفاده کند، نوبت آن کارت را رد کند و کارت بعدی را بردارد.


### 3.       پایان دور

دور با پایان زمانِ تعیین‌شده متوقف می‌شود، و چرب‌زبان به تعداد کارت‌هایی که در آن دور برده است امتیاز می‌گیرد. او در دور بعدی کارت‌کش می‌شود."
Rules_19,"## Fin de partie

Le premier joueur à atteindre 20 points remporte la partie.

## Variantes

* À chaque carte piochée, après l’argument de l’embromador, les autres joueurs peuvent chacun proposer une autre illustration de la carte. Pour chaque nouvelle proposition, l’assemblée vote pour déterminer si elle est meilleure que les précédentes. L’auteur de la meilleure proposition retenue remporte la carte.","##       Game over


The first player arriving at 20 points takes the game

## Variants

* On each drawing card, after the argument of the smooth talker, the other players can each offer another illustration of the card. For each new proposal, the Assembly votes if it is deemed better than the previous ones, and the author of the best proposal retained wins the card.
","##       Конец игры


Первый игрок, набравший на 20 очков, объявляется победителем.

## Варианты

* По каждой вытащенной карте сценария, вслед за болтуном, другие игроки могут предложить свою иллюстрацию карты. Все участники голосованием выбирают лучший ответ. 
","##       Game Over


O primeiro jogador que chega a 20 pontos leva o jogo

## variantes

* Em cada carta de desenho, após o argumento do Embromador, os outros jogadores podem oferecer outra ilustração do cartão. Para cada nova proposta, a Assembléia vota se for considerada melhor que os anteriores, e o autor da melhor proposta manteve o cartão.
",,"##       نهاية اللعبة


يفوز بالمباراة أول لاعب يصل إلى 20 نقطة

## تنويعات

* عند كل بطاقة تُسحب، وبعد حجة المُثرثر، يمكن لكلٍّ من اللاعبين الآخرين أن يقترح تجسيدًا آخر للبطاقة. ومع كل اقتراح جديد، تصوّت المجموعة لتحديد ما إذا كان أفضل من الاقتراحات السابقة، ويفوز بالبطاقة صاحب أفضل اقتراح تم اعتماده. 
","##       Fin de partida


El primer jugador que llegue a 20 puntos gana la partida

## Variantes

* Cada vez que se roba una carta, después del argumento del charlatán, los demás jugadores pueden proponer otra ilustración de la carta. Por cada nueva propuesta, la asamblea vota si la considera mejor que las anteriores, y el autor de la mejor propuesta elegida gana la carta. 
","##       游戏结束


第一个达到20分的玩家赢得本局

## 变体

* 每次抽到一张牌后，在胡搅蛮缠者提出论证之后，其余玩家都可以各自为这张牌提出另一种解读。每出现一个新提案，大家就投票判断它是否比之前的提案更好；最终采纳的最佳提案作者赢得这张牌。 
","##       پایان بازی


اولین بازیکنی که به ۲۰ امتیاز برسد، بازی را می‌برد

## گونه‌ها

* هر بار که کارتی کشیده می‌شود، پس از استدلالِ چرب‌زبان، سایر بازیکنان می‌توانند هر کدام یک تصویرسازی دیگر برای کارت پیشنهاد کنند. برای هر پیشنهاد جدید، مجمع رأی می‌دهد که آیا از پیشنهادهای قبلی بهتر است یا نه، و نویسندهٔ بهترین پیشنهادِ پذیرفته‌شده کارت را می‌برد. 
"
Rules_20,"# Argumentum
## La parlote coinchée","# Argumentum
## The Coinched Chat","# Argumentum
## Косноязычное красноречие","# Argumentum
## O Papo Engatilhado",,"# Argumentum
## الثرثرة المتعثرة","# Argumentum
## La charla trabada","# Argumentum
## 卡壳胡侃","# Argumentum
## زبان‌بازیِ گره‌خورده"
Rules_21,"*Règles du jeu : 4 joueurs*

## Matériel

* 1 paquet de cartes d’arguments fallacieux, organisé en 7 classes de couleurs, chacune répartie en 3 ordres puis en 3 familles. Une sélection de 32 cartes
* 1 paquet de cartes de scénario, organisées en 7 thèmes identifiables au dos des cartes
* 5 cartes mémo
* Règles du jeu
   
## Résumé du jeu

Au cours d’une succession de manches, 2 équipes de 2 joueurs se font face. Les joueurs reçoivent des mains de cartes d’arguments fallacieux, qu’ils utilisent à tour de rôle sur un scénario tiré au sort. Le niveau de spécificité des cartes détermine leur force. Deux couleurs, dites d’atout, peuvent être jouées à tout moment et l’emportent sur les autres couleurs. En plus de reconnaître les arguments fallacieux, les joueurs s’entraînent à évaluer le niveau de spécificité des cartes et à coopérer.","*Game rules: 4 players*

## Material

* 1 pack of fallacious argument cards organized in 7 classes of colors, each divided into 3 orders and then in 3 families. A selection of 32 cards
* 1 package of scenario cards organized in 7 identifiable themes on their back
* 5 Memo cards
* Game rules
   
## Summary of the game

In a succession of sleeves between 2 teams of 2 players facing each other, they will be distributed handsome fallacious arguments to use in a succession of towers on a scenario drawn. The level of specificity of the cards constitutes their strength and 2 so -called asset colors can be played at any time, and prevail over other colors. In addition to recognizing the fallacious arguments, players train to assess the level of specificity of the cards, and to cooperate.","*Правила игры: 4 игрока*

## Потребуется: 


* 1 колода карт с псевдоаргументами, организованными в 7 классов по цветам, каждый класс включает 3 порядка, каждый порядок - 3 семей.
* 1 колода карт сценариев, разделенная по 7 темам. 
* 5 карт Мемо

* Правила игры
   
## Резюме игры

Играется двое надвое. Наугад вытягивается карта сценария. По очереди команды предлагают аргументы, при этом определенный класс аргументов может быть выбран козырем. Такая игра учит не только распознаванию ошибочных аргументов, но и оценке специфики разных типов умозаключений, а также способствует работе в группе. ","*Regras do jogo: 4 jogadores*

## material

* 1 pacote de cartões falaciosos organizados em 7 classes de cores, cada uma dividida em 3 ordens e depois em 3 famílias. Uma seleção de 32 cartões
* 1 pacote de cartões de cenário organizados em 7 temas identificáveis ​​nas costas
* 5 cartões de memorando
* Regras do jogo
   
## Resumo do jogo

Em uma sucessão de mangas entre 2 equipes de 2 jogadores que se enfrentam, eles serão distribuídos por belos argumentos falaciosos para usar em uma sucessão de torres em um cenário desenhado. O nível de especificidade das cartas constitui sua força e 2 cores de ativos chamadas podem ser reproduzidas a qualquer momento e prevalecem sobre outras cores. Além de reconhecer os argumentos falaciosos, os jogadores treinam para avaliar o nível de especificidade dos cartões e cooperar.",,"*قواعد اللعبة: 4 لاعبين*

## المعدات

* حزمة واحدة من بطاقات الحُجج المغالِطة منظَّمة في 7 فئات لونية، كلٌّ منها مقسّم إلى 3 رُتب ثم إلى 3 عائلات. اختيار من 32 بطاقة
* حزمة واحدة من بطاقات السيناريو منظَّمة في 7 موضوعات يمكن التعرّف عليها من ظهرها
* 5 بطاقات تذكير
* قواعد اللعبة
   
## ملخص اللعبة

في سلسلة من الجولات تتواجه فيها فريقان من لاعبين اثنين متقابلين، سيُوزَّع عليهم أيدٍ من الحجج المغالِطة لاستخدامها في سلسلة من الأدوار على سيناريو يُسحب عشوائيًا. ويشكّل مستوى خصوصية البطاقات مصدرَ قوتها، كما يمكن لعب لونين يُعدّان لونَي حكم في أي وقت، وهما يتفوّقان على الألوان الأخرى. وإلى جانب التعرّف على الحجج المغالِطة، يتدرّب اللاعبون على تقييم مستوى خصوصية البطاقات، وعلى التعاون.","*Reglas del juego: 4 jugadores*

## Material

* 1 mazo de cartas de argumento falaz organizadas en 7 clases de colores, cada una dividida en 3 órdenes y luego en 3 familias. Una selección de 32 cartas
* 1 mazo de cartas de escenario organizadas en 7 temas identificables por su reverso
* 5 cartas de memo
* Reglas del juego
   
## Resumen del juego

En una sucesión de rondas que enfrentan a 2 equipos de 2 jugadores colocados uno frente al otro, se les repartirán manos de argumentos falaces para utilizar en una sucesión de turnos sobre un escenario sorteado al azar. El nivel de especificidad de las cartas constituye su fuerza y 2 colores, llamados de triunfo, pueden jugarse en cualquier momento y vencen a los demás colores. Además de reconocer los argumentos falaces, los jugadores se entrenan para evaluar el nivel de especificidad de las cartas y para cooperar.","*游戏规则：4名玩家*

## 材料

* 1副谬误论证卡牌，按7个颜色类别组织，每个类别再分为3个阶层，再分为3个家族。共选用32张牌
* 1副场景卡牌，按7个主题组织，背面可识别
* 5张备忘卡
* 游戏规则
   
## 游戏概述

在一系列回合中，两支由2名玩家组成、面对面的队伍彼此对抗。他们将获得一手谬误论证牌，在抽取的场景上连续多个回合中使用。卡牌的具体程度决定其强度，而两种称为王牌的颜色可以在任何时候打出，并且会压过其他颜色。除了识别谬误论证外，玩家还要练习评估卡牌的具体程度，并学会合作。","*قوانین بازی: ۴ بازیکن*

## تجهیزات

* ۱ دسته کارتِ استدلالِ مغالطی، سازمان‌یافته در ۷ ردهٔ رنگی، که هرکدام به ۳ مرتبه و سپس ۳ خانواده تقسیم می‌شوند. گزیده‌ای از ۳۲ کارت
* ۱ دسته کارتِ سناریو، سازمان‌یافته در ۷ مضمون که از پشت قابل شناسایی‌اند
* ۵ کارتِ یادآور
* قوانین بازی
   
## خلاصهٔ بازی

در رشته‌ای از دورها که در آن دو تیمِ ۲ نفره روبه‌روی هم قرار می‌گیرند، به آن‌ها دست‌هایی از استدلال‌های مغالطی داده می‌شود تا در پیاپیِ نوبت‌ها روی یک سناریوی قرعه‌کشی‌شده به کار ببرند. میزانِ اختصاصی‌بودنِ کارت‌ها، قدرت آن‌ها را تعیین می‌کند و ۲ رنگِ موسوم به برگِ برنده را می‌توان در هر لحظه بازی کرد و این دو رنگ بر سایر رنگ‌ها غلبه می‌کنند. افزون بر شناساییِ استدلال‌های مغالطی، بازیکنان تمرین می‌کنند که سطحِ اختصاصی‌بودنِ کارت‌ها را ارزیابی کنند و همکاری کنند."
Rules_22,"## Installation

Sélectionnez 28 cartes d’arguments fallacieux pour la partie, soit 4 par couleur.

Mélangez séparément les cartes d’arguments fallacieux et les cartes de scénario. Constituez 2 pioches de cartes de scénario et placez-les au milieu de la table.

Le premier piocheur est le joueur qui a menti en dernier.","## Facility

We select 28 fallacious arguments cards for the game, 4 per color.

The fallacious argument cards are mixed, as well as the scenario cards. We constitute 2 picks of scenario cards placed in the middle of the table.

The first pickaxe is the one who lied last.","## Начало игры

Мы выбираем 28 карт псевдоаргументов для игры, по 4 каждого цвета.

Карты с псевдоаргументами смешаны, как и карты сценариев. Мы составляем 2 колоды карт сценариев и размещаем на середине стола.

Первый ведущий - тот, кто был последним болтуном.","## Instalação

Selecionamos 28 cartões de argumentos falaciosos para o jogo, 4 por cor.

Os cartões de argumento falaciosos são misturados, bem como os cartões de cenário. Constituímos 2 escolhas de cartas de cenário colocadas no meio da mesa.

A primeira picareta é a que mais se esforçou.",,"## الإعداد

نختار 28 بطاقةً من بطاقات الحجج المغلوطة للّعبة، أي 4 بطاقات لكل لون.

تُخلط بطاقات الحجج المغلوطة، وكذلك بطاقات السيناريو. ثم نُكوِّن رُزمتين لسحب بطاقات السيناريو توضعان في وسط الطاولة.

أول من يسحب هو اللاعب الذي كذب آخر مرة.","## Preparación

Se seleccionan 28 cartas de argumentos falaces para la partida, es decir, 4 por color.

Las cartas de argumentos falaces se barajan, al igual que las cartas de escenario. Se forman 2 mazos de cartas de escenario colocados en el centro de la mesa. 

El primer jugador en robar es el que haya mentido más recientemente.","## 设置

本局选择 28 张谬误论证卡参与游戏，即每种颜色 4 张。

将谬误论证卡和情景卡分别洗匀，并在桌子中央摆出 2 堆情景卡牌堆。

第一位抽牌者是最近说过谎的人。","## چیدمان

برای این دور، ۲۸ کارتِ استدلالِ مغالطه‌آمیز انتخاب می‌شود؛ یعنی ۴ کارت از هر رنگ.

کارت‌های استدلالِ مغالطه‌آمیز بُر زده می‌شوند؛ کارت‌های سناریو نیز جداگانه بُر زده می‌شوند. سپس ۲ دستهٔ کارتِ سناریو در وسط میز قرار می‌گیرد.

اولین کارت‌کش کسی است که آخرین بار دروغ گفته است."
Rules_23,"## Début de la manche

### 1. Le piocheur

Le piocheur tire une carte de scénario parmi les deux pioches disponibles et la lit à voix haute, à l’exception de la dernière phrase en italique au bas de la carte.

Il mélange ensuite les 28 cartes d’arguments fallacieux et les distribue aux 4 joueurs.

### 2. Les enchères d’atout

En commençant par le voisin de gauche du piocheur, les joueurs choisissent ou non de surenchérir afin de désigner les 2 couleurs d’atout de la manche. Les cartes d’atout permettent de l’emporter sur d’autres types de cartes et valent également plus de points lors du décompte de la manche.

La mise aux enchères des atouts commence à 80, puis les enchères montent de 10 en 10.

À tout moment, l’un des deux membres d’une équipe peut dire « je coinche » pour mettre fin aux enchères et doubler l’enjeu de la manche.

Quand plus personne ne surenchérit, les deux couleurs d’atout sont désignées pour la manche et la phase de jeu peut commencer.

### 3. Les tours de jeu

Pendant 7 tours, chaque joueur confronte 1 carte d’argument fallacieux au scénario.

En commençant par le voisin de gauche du piocheur, chaque joueur doit proposer une carte et formuler un argument illustratif répondant à l’injonction du scénario.

Si aucune carte d’atout n’est jouée, la carte ayant le plus grand niveau de profondeur emporte le pli.

Si des atouts sont joués, la carte d’atout ayant le plus faible niveau de profondeur emporte le pli.

Les joueurs d’une même équipe partagent les plis qu’ils remportent.

Pour emporter un pli, un joueur doit expliciter un argument correspondant à sa carte.

Si aucun joueur ne propose d’argument, la meilleure carte l’emporte.","## Start of the round

### 1. The smooth talker

The drawer draws a scenario card from the two picks available and reads aloud, with the exception of the last sentence in italics at the bottom of the card.
Then he mixes and distributes the 28 fallacious arguments cards to the 4 players.

### 2. Atout auction

Starting with the neighbor's neighbor's neighbor, players choose or not to outbid to designate the 2 asset colors of the Channel. The asset cards prevail over other types of cards, and are also worth more points to the round of the Channel.
The auction of the assets is 80 and the auctions go up from 10 to 10.

At any time, one of the two members of a team can say ""I corner"" and put an end to auction while doubling the stake of the Channel.
When no one is overbirth, the two asset colors are designated for the Channel and the game phase can start.


### 2. The playing laps

In a succession of 7 laps, the players will each confront 1 fallacious argument card on the scenario.
By comming by the neighbor's neighbor of the pickler, each player must offer a card and play an illustrative argument responding to the injunction of the scenario.

If no asset card is played, the card at the largest level of depth takes the fold.
If advantages are played, the asset card of the lowest level of depth takes the fold.
The players in the same team share the folds they win.

To take a fold a player must explain an argument corresponding to the card.
If no player offers an argument, the best card wins.




  ","## Начало раунда

### 1. Ведущий

Ведущий берет одну карту сценария в одной из двух колод и вслух читает все, за исключением последнего предложения внизу карты.
Затем он перетасовывает карты и раздает 28 карт с аргументами 4 игрокам.

### 2. Аукцион козырей

Начиная с игрока слева от ведущего, игроки решают, назначить ли две масти козырей. Козырные карты позволяют побить другие карты и приносят больше баллов при подсчете. Базовая ставка - 80, увеличивается за один раз на 10 единиц. В любой момент один из игроков команды может сказать: ""продано!"" и прекратить аукцион, при этом ставка удваивается. Когда игроки перестали повышать ставки, назначаются две козырных масти на раунд, и игра может начаться. 


### 2.       7 туров

В последовательности 7 туров, игроки играют по одной карте аргументов на каждый сценарий. Dans une succession de 7 tours, les joueurs vont confronter chacun 1 carte d'argument fallacieux sur le scenario.
Начиная с игрока слева от ведущего, каждый должен предложить карту аргумента, иллюстрируя его в соответствии с ситуацией сценария. 

Если ни одна козырная карта не сыграна, то выигрывает карта с самым высоким уровнем сложности. 
Если сыграны козыри, то выигрывает козырная карта с самым низким уровнем сложности. Счет ведется не по отдельным игрокам, а по командам. 




  ","## início da rodada

### 1. o embromador

A gaveta desenha uma carta de cenário das duas escolhas disponíveis e da cama em voz alta, com exceção da última frase em itálico na parte inferior do cartão.
Em seguida, ele mistura e distribui os 28 cartões de argumentos falaciosos para os 4 jogadores.

### 2. Leilão ATOUT

Começando com o vizinho do vizinho, os jogadores escolhem ou não superarem para designar as 2 cores de ativo do canal. Os cartões de ativo permitem que você prevaleça outros tipos de cartões e também vale mais pontos para a rodada do canal.
O leilão dos ativos é de 80 e os leilões sobem de 10 para 10.

A qualquer momento, um dos dois membros de uma equipe pode dizer ""eu esquina"" e acabar com o leilão enquanto dobra a participação do canal.
Quando ninguém está exagerado, as duas cores de ativo são designadas para o canal e a fase do jogo pode começar.


### 2. As voltas de jogo

Em uma sucessão de 7 voltas, os jogadores enfrentarão um cartão de argumento falacioso no cenário.
Ao chegar ao vizinho do vizinho do seqüente, cada jogador deve oferecer uma carta e reproduzir um argumento ilustrativo que responde à liminar do cenário.

Se nenhuma carta de ativo for reproduzida, a carta no maior nível de profundidade levará a dobra.
Se as vantagens forem reproduzidas, a carta de ativo do nível mais baixo de profundidade leva a dobra.
Os jogadores da mesma equipe compartilham as dobras que vencem.

Para fazer uma dobra, um jogador deve explicar um argumento correspondente ao cartão.
Se nenhum jogador oferece uma discussão, a melhor carta vence.




  ",,"## بداية الجولة

### 1.       الساحب

يسحب الساحب بطاقة سيناريو من بين رزمتي السحب المتاحتين ويقرأها بصوت عالٍ، باستثناء الجملة الأخيرة المكتوبة بالخط المائل في أسفل البطاقة.
ثم يخلط بطاقات الحجج المغلوطة الـ28 ويوزّعها على اللاعبين الأربعة.

### 2.       مزايدة الحكم

بدءًا من اللاعب الجالس على يسار الساحب، يختار اللاعبون ما إذا كانوا سيزايدون أم لا لتحديد لونَي الحكم في هذه الجولة. تتيح بطاقات الحكم التفوق على أنواع أخرى من البطاقات، كما تكون قيمتها أكبر عند احتساب نقاط الجولة.
تبدأ مزايدة الحكم عند 80، وتزداد المزايدات بمقدار 10 في كل مرة. 

في أي وقت، يمكن لأحد عضوي الفريق أن يقول ""je coinche"" فيُنهي المزايدة مع مضاعفة رهان الجولة.
عندما لا يعود أحد يزايد، يُحدَّد لونا الحكم للجولة ويمكن أن تبدأ مرحلة اللعب.


### 2.       أدوار اللعب

على مدى 7 أدوار متتالية، يواجه كل لاعب السيناريو ببطاقة واحدة من بطاقات الحجج المغلوطة.
وبدءًا من اللاعب الجالس على يسار الساحب، يجب على كل لاعب أن يقدّم بطاقة وأن يعرض حجةً توضيحية تستجيب لتوجيه السيناريو. 

إذا لم تُلعب أي بطاقة حكم، فإن البطاقة ذات أعلى مستوى من العمق تفوز باللَّفّة.
إذا لُعبت بطاقات حكم، فإن بطاقة الحكم ذات أدنى مستوى من العمق تفوز باللَّفّة.
ويتقاسم اللاعبون المنتمون إلى الفريق نفسه اللَّفات التي يربحونها.

ولكي يفوز لاعبٌ بلَفّة، يجب أن يشرح حجةً تتوافق مع البطاقة. 
إذا لم يقدّم أي لاعب حجةً، فالبطاقة الأفضل هي التي تفوز.




  ","## Inicio de la ronda

### 1.       El jugador que roba

El jugador que roba saca una carta de escenario de entre los dos mazos disponibles y la lee en voz alta, con excepción de la última frase en cursiva situada al pie de la carta.
Después baraja y reparte las 28 cartas de argumentos falaces entre los 4 jugadores.

### 2.       La subasta de triunfo

Empezando por el vecino de la izquierda del jugador que roba, los jugadores deciden si pujan o no para designar los 2 colores de triunfo de la ronda. Las cartas de triunfo permiten ganar frente a otros tipos de cartas, y además valen más puntos en el recuento de la ronda.
La puja inicial de triunfo es de 80 y las pujas suben de 10 en 10. 

En cualquier momento, uno de los dos miembros de un equipo puede decir ""je coinche"" y poner fin a las pujas, duplicando al mismo tiempo la apuesta de la ronda.
Cuando nadie puja más, se designan los dos colores de triunfo para la ronda y puede comenzar la fase de juego.


### 2.       Las bazas

A lo largo de una sucesión de 7 bazas, los jugadores confrontarán una carta de argumento falaz cada uno sobre el escenario.
Empezando por el vecino de la izquierda del jugador que roba, cada jugador debe proponer una carta y jugar un argumento ilustrativo que responda a la indicación del escenario. 

Si no se juega ninguna carta de triunfo, la carta con mayor nivel de profundidad gana la baza.
Si se juegan triunfos, la carta de triunfo con menor nivel de profundidad gana la baza.
Los jugadores del mismo equipo comparten las bazas que ganan.

Para ganar una baza, un jugador debe explicitar un argumento correspondiente a la carta. 
Si ningún jugador propone un argumento, gana la mejor carta.




  ","## 回合开始

### 1.       抽牌者

抽牌者从可用的两叠场景牌中抽取一张场景牌，并大声读出，但不读卡牌底部斜体的最后一句话。
然后他将 28 张谬误论证卡洗匀，并发给 4 名玩家。

### 2.       王牌叫价

从抽牌者左手边的玩家开始，玩家选择是否继续加价，以确定本回合的 2 种王牌颜色。王牌卡可以战胜其他类型的卡牌，并且在本回合计分时也价值更高。
王牌叫价从 80 开始，每次加价增加 10。 

在任何时候，同一队伍的两名成员之一都可以说 ""je coinche""，从而结束叫价，同时将本回合的赌注翻倍。
当不再有人加价时，本回合的两种王牌颜色即被确定，游戏阶段可以开始。


### 2.       出牌回合

在连续 7 个出牌回合中，玩家将各自用 1 张谬误论证卡来应对该场景。
从抽牌者左手边的玩家开始，每位玩家必须出一张牌，并提出一个符合场景要求的示例性论证。 

如果没有打出任何王牌卡，则深度等级最高的卡牌赢得这一墩。
如果打出了王牌卡，则深度等级最低的王牌卡赢得这一墩。
同一队的玩家共享他们赢得的墩。

要赢得一墩，玩家必须阐明一个与所出卡牌相对应的论证。 
如果没有玩家提出论证，则最强的卡牌获胜。




  ","## آغاز دور

### 1.       کارت‌کش

کارت‌کش یک کارتِ سناریو از میان دو دستهٔ کارتِ موجود می‌کشد و آن را با صدای بلند می‌خواند، به‌جز آخرین جملهٔ ایتالیک در پایین کارت.
سپس ۲۸ کارتِ استدلالِ مغالطه‌آمیز را بر می‌زند و بین ۴ بازیکن توزیع می‌کند.

### 2.       مزایدهٔ اَتو

با شروع از همسایهٔ سمت چپِ کارت‌کش، بازیکنان می‌توانند برای تعیین ۲ رنگِ اَتوِ این دور، مزایده را ادامه دهند یا نه. کارت‌های اَتو می‌توانند بر انواع دیگر کارت‌ها غلبه کنند و همچنین در شمارش امتیازِ دور، ارزش بیشتری دارند.
حداقل پیشنهاد برای مزایدهٔ اَتو ۸۰ است و پیشنهادها هر بار ۱۰ تا ۱۰ بالا می‌رود. 

در هر لحظه، یکی از دو عضوِ یک تیم می‌تواند بگوید ""je coinche"" و با دو برابر کردنِ مبلغِ دور، مزایده را پایان دهد.
وقتی دیگر کسی پیشنهاد را بالاتر نبرد، دو رنگِ اَتو برای این دور تعیین می‌شوند و مرحلهٔ بازی می‌تواند آغاز شود.


### 2.       نوبت‌های بازی

در طول ۷ نوبتِ پیاپی، بازیکنان هر کدام ۱ کارتِ استدلالِ مغالطه‌آمیز را روی سناریو رو می‌کنند.
با شروع از همسایهٔ سمت چپِ کارت‌کش، هر بازیکن باید یک کارت پیشنهاد کند و یک استدلالِ مثالی بازی کند که به دستورِ سناریو پاسخ می‌دهد. 

اگر هیچ کارتِ اَتو بازی نشود، کارتی که بالاترین سطحِ عمق را دارد برندهٔ دست می‌شود.
اگر کارت‌های اَتو بازی شوند، کارتِ اَتوی با پایین‌ترین سطحِ عمق برندهٔ دست می‌شود.
بازیکنانِ یک تیم، دست‌هایی را که می‌برند با هم شریک می‌شوند.

برای بردنِ یک دست، بازیکن باید استدلالی را که با کارت هماهنگ است توضیح دهد. 
اگر هیچ بازیکنی استدلالی ارائه نکند، بهترین کارت برنده می‌شود.




  "
Rules_24,"### 4. Décompte de la manche

La manche s’arrête quand tous les plis ont été joués.

Comptez alors les points des deux équipes.

Pour les cartes qui ne sont pas dans les couleurs d’atout, chaque carte vaut 2 fois son niveau de profondeur.

Pour les cartes dans les couleurs d’atout, chaque carte vaut 12 - (2 fois son niveau de profondeur).

Si l’équipe qui a remporté les enchères d’atout respecte son contrat avec un score supérieur, elle marque le montant de ses enchères plus les points effectivement remportés.

Si c’est l’autre équipe qui gagne, elle marque 160 points plus le montant des enchères qui n’a pas été honoré.

Si les enchères ont été coinchées, les scores sont doublés.

## Fin de partie et décompte

L’équipe qui l’emporte est la première à dépasser 1000 points.","### 3.

The sleeve stops when all the folds were played.

We then count the points of the two teams.
For cards apart from the asset colors, each card is worth its level of depth twice.
For asset color cards, each card is worth 12 - (2 times its level of depth)

If the team that won the asset auction respects its contract with a higher score, it wins the amount of its auctions more the points actually won.
If it is the other team that wins, it is this which takes 160 points more the amount of auctions which was not honored.

If the auctions were corner, the scores are doubled.

## End of game and count

The team that prevails is the first to exceed 1000 points","### 3.

Рукав останавливается, когда все складки играли.

Затем мы считаем точки двух команд.
Для карт, кроме цветов активов, каждая карта стоит дважды.
Для карт активов каждая карта стоит 12 - (в 2 раза его уровня глубины)

Если команда, которая выиграла аукцион активов, уважает свой контракт с более высоким баллом, она выигрывает сумму своих аукционов больше, что на самом деле выиграло очки.
Если это другая команда, которая выигрывает, то это то, что занимает на 160 баллов больше количества аукционов, которые не были удостоены чести.

Если аукционы были угловыми, результаты удваиваются.

## конец игры и счет

Команда, которая преобладает, является первой, превышающей 1000 баллов","### 3.

A manga para quando todas as dobras foram tocadas.

Em seguida, contamos os pontos das duas equipes.
Para cartões além das cores dos ativos, cada cartão vale o seu nível de profundidade duas vezes.
Para cartões coloridos de ativos, cada cartão vale 12 - (2 vezes o seu nível de profundidade)

Se a equipe que ganhou os leilões de ativos respeita seu contrato com uma pontuação mais alta, ele ganha o valor de seus leilões mais os pontos realmente ganharam.
Se é a outra equipe que vence, é isso que leva 160 pontos a mais a quantidade de leilões que não foi homenageada.

Se os leilões fossem cantos, as pontuações são dobradas.

## final do jogo e contagem

A equipe que prevalece é a primeira a exceder 1000 pontos",,"### 3.       احتساب نتيجة الجولة

تنتهي الجولة عندما تُلعب جميع اللَّفات.

ثم تُحتسب نقاط الفريقين.
بالنسبة إلى البطاقات التي ليست من لونَي الحكم، تساوي كل بطاقة نقطتين مضروبتين في مستوى عمقها.
بالنسبة إلى البطاقات من لون الحكم، تساوي كل بطاقة 12 - (نقطتين مضروبتين في مستوى عمقها)

إذا كان الفريق الذي فاز بمزايدة الحكم قد أوفى بعقده وحقق نتيجة أعلى، فإنه يحرز من النقاط مقدار مزايدته إضافةً إلى النقاط التي ربحها فعليًا.
إذا كان الفريق الآخر هو الفائز، فإنه يحرز 160 نقطة بالإضافة إلى مقدار المزايدة التي لم يتم الوفاء بها. 

إذا كانت المزايدات قد أُغلقت بقول coinche، فتُضاعَف النتائج.

##       نهاية اللعبة واحتساب النتيجة

الفريق الفائز هو أول فريق يتجاوز 1000 نقطة","### 3.       Recuento de la ronda

La ronda termina cuando se han jugado todas las bazas.

A continuación se cuentan los puntos de los dos equipos.
Para las cartas que no sean de triunfo, cada carta vale 2 veces su nivel de profundidad.
Para las cartas del color de triunfo, cada carta vale 12 - (2 veces su nivel de profundidad)

Si el equipo que ganó la subasta de triunfo cumple su contrato con una puntuación superior, obtiene en puntos el importe de su puja más los puntos realmente ganados.
Si gana el otro equipo, este obtiene 160 puntos más el importe de la puja que no se haya cumplido. 

Si se cantó ""je coinche"" durante la subasta, las puntuaciones se duplican.

##       Fin de la partida y recuento

Gana el primer equipo que supera los 1000 puntos","### 3.       回合计分

当所有墩都已打完时，本回合结束。

随后计算两队的得分。
对于非王牌颜色的卡牌，每张卡的分值等于其深度等级的 2 倍。
对于王牌颜色的卡牌，每张卡的分值等于 12 -（其深度等级的 2 倍）

如果赢得王牌叫价的队伍按要求完成了合约，并且得分更高，则其获得的分数为叫价分数加上实际赢得的分数。
如果是另一队获胜，则该队获得 160 分加上未能履约的叫价分数。 

如果叫价过程中出现 coinche，则分数翻倍。

##       游戏结束与总计分

率先超过 1000 分的队伍获胜","### 3.       شمارش امتیاز دور

دور وقتی تمام می‌شود که همهٔ دست‌ها بازی شده باشند.

سپس امتیازهای دو تیم شمرده می‌شود.
برای کارت‌هایی که از رنگ‌های حکم نیستند، هر کارت به اندازهٔ ۲ برابرِ سطحِ عمقِ خودش امتیاز دارد.
برای کارت‌های رنگِ حکم، هر کارت برابر است با ۱۲ - (۲ برابرِ سطحِ عمقِ خودش)

اگر تیمی که مزایدهٔ حکم را برده است قراردادش را با کسب امتیاز بالاتر انجام دهد، به اندازهٔ مبلغِ مزایده‌اش به‌علاوهٔ امتیازهایی که واقعاً به‌دست آورده، امتیاز می‌گیرد.
اگر تیم دیگر برنده شود، همان تیم ۱۶۰ امتیاز به‌علاوهٔ مبلغِ مزایده‌ای را که انجام نشده است، به دست می‌آورد. 

اگر مزایده‌ها با ""je coinche"" بسته شده باشند، امتیازها دو برابر می‌شوند.

##       پایان بازی و شمارش امتیاز

تیمی که برنده می‌شود، نخستین تیمی است که از ۱۰۰۰ امتیاز عبور کند"
